dup_group,article_id,doc_id,title
005f3463caa76cca7a4ba10ff51fa1e3c9e67769,155/2020/nd-cp+69,155/2020/nd-cp,"Điều 69. Trình tự, thủ tục phát hành cổ phiếu để trả cổ tức, phát hành cổ phiếu để tăng vốn cổ phần từ nguồn vốn chủ sở hữu, phát hành cổ phiếu theo chương trình lựa chọn cho người lao động"
005f3463caa76cca7a4ba10ff51fa1e3c9e67769,155/2020/nđ-cp+69,155/2020/nđ-cp,"Điều 69. Trình tự, thủ tục phát hành cổ phiếu để trả cổ tức, phát hành cổ phiếu để tăng vốn cổ phần từ nguồn vốn chủ sở hữu, phát hành cổ phiếu theo chương trình lựa chọn cho người lao động"
0099d8e418539ba6047c70659fd07194a7ed0e97,146/2018/nð-cp+40,146/2018/nð-cp,Điều 40. Điều khoản tham chiếu
0099d8e418539ba6047c70659fd07194a7ed0e97,146/2018/nđ-cp+40,146/2018/nđ-cp,Điều 40. Điều khoản tham chiếu
00c39a0aae3e66999efc04105cacd34dbbf2ddfb,63/2019/nđ-+61,63/2019/nđ-,"Điều 61. Hành vi lập hồ sơ, giấy tờ giả mạo để làm thủ tục đăng ký sử dụng tài khoản tại Kho bạc Nhà nước nhưng chưa đến mức truy cứu trách nhiệm hình sự"
00c39a0aae3e66999efc04105cacd34dbbf2ddfb,63/2019/nđ-cp+61,63/2019/nđ-cp,"Điều 61. Hành vi lập hồ sơ, giấy tờ giả mạo để làm thủ tục đăng ký sử dụng tài khoản tại Kho bạc Nhà nước nhưng chưa đến mức truy cứu trách nhiệm hình sự"
0154323d9af9008ab0b8cf364f4c33cbaa0ae082,155/2020/nd-cp+104,155/2020/nd-cp,"Điều 104. Trình tự, thủ tục tự nguyện hủy bỏ tư cách thành viên giao dịch, thành viên giao dịch đặc biệt, Kho bạc Nhà nước tự nguyện hủy bỏ tham gia giao dịch công cụ nợ"
0154323d9af9008ab0b8cf364f4c33cbaa0ae082,155/2020/nđ-cp+104,155/2020/nđ-cp,"Điều 104. Trình tự, thủ tục tự nguyện hủy bỏ tư cách thành viên giao dịch, thành viên giao dịch đặc biệt, Kho bạc Nhà nước tự nguyện hủy bỏ tham gia giao dịch công cụ nợ"
021464a715de592f5058cbf10fb2cc093fbccd8f,155/2020/nd-cp+145,155/2020/nd-cp,Điều 145. Nguyên tắc cấp mã số giao dịch chứng khoán
021464a715de592f5058cbf10fb2cc093fbccd8f,155/2020/nđ-cp+145,155/2020/nđ-cp,Điều 145. Nguyên tắc cấp mã số giao dịch chứng khoán
02234e4b2f616b6683a9a72ac6edc6a09a264d2b,160/2016/tt-btc+4,160/2016/tt-btc,Điều 4. Mức thu phí
02234e4b2f616b6683a9a72ac6edc6a09a264d2b,163/2016/tt-btc+4,163/2016/tt-btc,Điều 4. Mức thu phí
02c822be3ad05238c1569b632fc80f641ea4d575,12/2019/tt-bct+2,12/2019/tt-bct,Điều 2. Đối tượng áp dụng
02c822be3ad05238c1569b632fc80f641ea4d575,21/2019/tt-bct+2,21/2019/tt-bct,Điều 2. Đối tượng áp dụng
02c8d0502f242e27c05e62308566791d22e8e34a,155/2020/nd-cp+185,155/2020/nd-cp,"Điều 185. Hồ sơ thay đổi tên, địa chỉ trụ sở chính của tổ chức kinh doanh chứng khoán nước ngoài có chi nhánh, văn phòng đại diện công ty chứng khoán, công ty quản lý quỹ nước ngoài tại Việt Nam"
02c8d0502f242e27c05e62308566791d22e8e34a,155/2020/nđ-cp+185,155/2020/nđ-cp,"Điều 185. Hồ sơ thay đổi tên, địa chỉ trụ sở chính của tổ chức kinh doanh chứng khoán nước ngoài có chi nhánh, văn phòng đại diện công ty chứng khoán, công ty quản lý quỹ nước ngoài tại Việt Nam"
02dce1bd06b19dc7733c8b77e6de03fd2d0a91df,155/2020/nd-cp+51,155/2020/nd-cp,Điều 51. Điều kiện công ty đại chúng phát hành cổ phiếu để hoán đổi cổ phần cho số cổ đông xác định trong công ty đại chúng khác
02dce1bd06b19dc7733c8b77e6de03fd2d0a91df,155/2020/nđ-cp+51,155/2020/nđ-cp,Điều 51. Điều kiện công ty đại chúng phát hành cổ phiếu để hoán đổi cổ phần cho số cổ đông xác định trong công ty đại chúng khác
02e41f980410df02838a32a839bc4c6d13121b43,91/2019/nd-cp+15,91/2019/nd-cp,Điều 15. Hủy hoại đất
02e41f980410df02838a32a839bc4c6d13121b43,91/2019/nđ-cp+15,91/2019/nđ-cp,Điều 15. Hủy hoại đất
0326d59930e2e486738e9f308f7aa6ea5588a57f,102/2017/nð-cp+53,102/2017/nð-cp,Điều 53. Yêu cầu đăng ký trực tuyến
0326d59930e2e486738e9f308f7aa6ea5588a57f,102/2017/nđ-cp+53,102/2017/nđ-cp,Điều 53. Yêu cầu đăng ký trực tuyến
03b69c9f0e5846ad0c98dadff8d6f719a4ab9d34,24/2020/nd-cp+5,24/2020/nd-cp,Điều 5. Một số biện pháp quản lý việc quảng cáo rượu có độ cồn dưới 15 độ và bia
03b69c9f0e5846ad0c98dadff8d6f719a4ab9d34,24/2020/nđ-cp+5,24/2020/nđ-cp,Điều 5. Một số biện pháp quản lý việc quảng cáo rượu có độ cồn dưới 15 độ và bia
049ccc68cc071c91ef13c316f0e5b806cc2d9ef7,155/2020/nd-cp+149,155/2020/nd-cp,Điều 149. Đăng ký chứng khoán tại Tổng công ty lưu ký và bù trừ chứng khoán Việt Nam
049ccc68cc071c91ef13c316f0e5b806cc2d9ef7,155/2020/nđ-cp+149,155/2020/nđ-cp,Điều 149. Đăng ký chứng khoán tại Tổng công ty lưu ký và bù trừ chứng khoán Việt Nam
0525a5686a7da9093311bd501b8c87b966f120ba,63/2019/nđ-+18,63/2019/nđ-,Điều 18. Hành vi vi phạm hành chính đối với các quy định về trang cấp tài sản của các dự án sử dụng vốn nhà nước
0525a5686a7da9093311bd501b8c87b966f120ba,63/2019/nđ-cp+18,63/2019/nđ-cp,Điều 18. Hành vi vi phạm hành chính đối với các quy định về trang cấp tài sản của các dự án sử dụng vốn nhà nước
053e6c10cbe0dfb26bba20e746dd10ac8e4a61ae,155/2020/nd-cp+232,155/2020/nd-cp,"Điều 232. Trình tự, thủ tục giải thể quỹ thành viên"
053e6c10cbe0dfb26bba20e746dd10ac8e4a61ae,155/2020/nđ-cp+232,155/2020/nđ-cp,"Điều 232. Trình tự, thủ tục giải thể quỹ thành viên"
053fb6b426f707b71f9d85452a4a591db0e4e353,155/2020/nd-cp+36,155/2020/nd-cp,Điều 36. Điều kiện chào bán chứng khoán ra công chúng tại Việt Nam của doanh nghiệp thành lập và hoạt động theo pháp luật nước ngoài
053fb6b426f707b71f9d85452a4a591db0e4e353,155/2020/nđ-cp+36,155/2020/nđ-cp,Điều 36. Điều kiện chào bán chứng khoán ra công chúng tại Việt Nam của doanh nghiệp thành lập và hoạt động theo pháp luật nước ngoài
054569ba5c6371b78eaff6b92a5236dadc6d1bb0,20/2012/nđ-cp+2,20/2012/nđ-cp,Điều 2. Đối tượng áp dụng
054569ba5c6371b78eaff6b92a5236dadc6d1bb0,59/2020/nđ-cp+2,59/2020/nđ-cp,Điều 2. Đối tượng áp dụng
057a17df692974013f93524cb89349f2504aba30,146/2018/nð-cp+15,146/2018/nð-cp,"Điều 15. Thủ tục khám bệnh, chữa bệnh bảo hiểm y tế"
057a17df692974013f93524cb89349f2504aba30,146/2018/nđ-cp+15,146/2018/nđ-cp,"Điều 15. Thủ tục khám bệnh, chữa bệnh bảo hiểm y tế"
059df7c08321b174b2ce9fbaabf391bf51b5f4cb,155/2020/nd-cp+286,155/2020/nd-cp,Điều 286. Thành viên Ban kiểm soát
059df7c08321b174b2ce9fbaabf391bf51b5f4cb,155/2020/nđ-cp+286,155/2020/nđ-cp,Điều 286. Thành viên Ban kiểm soát
059f3fb60482cc6e1a0ea553abc712c8eed5ab0f,102/2017/nð-cp+16,102/2017/nð-cp,"Điều 16. Thời hạn giải quyết hồ sơ đăng ký, cung cấp thông tin về biện pháp bảo đảm"
059f3fb60482cc6e1a0ea553abc712c8eed5ab0f,102/2017/nđ-cp+16,102/2017/nđ-cp,"Điều 16. Thời hạn giải quyết hồ sơ đăng ký, cung cấp thông tin về biện pháp bảo đảm"
05ba9725ad70279d5de34e0ee4435c332cd5a19c,155/2020/nd-cp+243,155/2020/nd-cp,"Điều 243. Hợp nhất, sáp nhập quỹ mở"
05ba9725ad70279d5de34e0ee4435c332cd5a19c,155/2020/nđ-cp+243,155/2020/nđ-cp,"Điều 243. Hợp nhất, sáp nhập quỹ mở"
0608016ab2d8b99d6353dcc9708f0d5c8ddb5e0a,24/2020/nd-cp+4,24/2020/nd-cp,"Điều 4. Hạn chế hình ảnh diễn viên uống rượu, bia trong tác phẩm điện ảnh, sân khấu, truyền hình"
0608016ab2d8b99d6353dcc9708f0d5c8ddb5e0a,24/2020/nđ-cp+4,24/2020/nđ-cp,"Điều 4. Hạn chế hình ảnh diễn viên uống rượu, bia trong tác phẩm điện ảnh, sân khấu, truyền hình"
067c9e7c7a14bc4bcbd00cabec3ced7145bc5c1e,09/2014/ttlt-btp-tandtc-vksndtc+12,09/2014/ttlt-btp-tandtc-vksndtc,Điều 12. Đối tượng chịu chi phí tống đạt
067c9e7c7a14bc4bcbd00cabec3ced7145bc5c1e,09/2014/ttlt-btp-tandtc-vksndtc-btc+12,09/2014/ttlt-btp-tandtc-vksndtc-btc,Điều 12. Đối tượng chịu chi phí tống đạt
07021bc3f026a87443a873a74f757e133e9a162f,24/2020/nd-cp+21,24/2020/nd-cp,"Điều 21. Trách nhiệm quản lý nhà nước của Bộ Văn hóa, Thể thao và Du lịch"
07021bc3f026a87443a873a74f757e133e9a162f,24/2020/nđ-cp+21,24/2020/nđ-cp,"Điều 21. Trách nhiệm quản lý nhà nước của Bộ Văn hóa, Thể thao và Du lịch"
07099d74abdbe250269162c4693aec33b0ac4cad,24/2020/nd-cp+13,24/2020/nd-cp,"Điều 13. Chi hoạt động của Ban Chỉ đạo phòng, chống tác hại của rượu, bia"
07099d74abdbe250269162c4693aec33b0ac4cad,24/2020/nđ-cp+13,24/2020/nđ-cp,"Điều 13. Chi hoạt động của Ban Chỉ đạo phòng, chống tác hại của rượu, bia"
075f7e22e273280e2f44eaa41194562068bd2c4c,146/2018/nð-cp+5,146/2018/nð-cp,Điều 5. Nhóm tham gia bảo hiểm y tế theo hộ gia đình
075f7e22e273280e2f44eaa41194562068bd2c4c,146/2018/nđ-cp+5,146/2018/nđ-cp,Điều 5. Nhóm tham gia bảo hiểm y tế theo hộ gia đình
08a457adc6f14c485a0c3594734ba1c41838949b,155/2020/nd-cp+166,155/2020/nd-cp,Điều 166. Quy định chung về ngân hàng thanh toán
08a457adc6f14c485a0c3594734ba1c41838949b,155/2020/nđ-cp+166,155/2020/nđ-cp,Điều 166. Quy định chung về ngân hàng thanh toán
08cf8be644270ed658645ac1c79140f66dde3af6,155/2020/nd-cp+258,155/2020/nd-cp,"Điều 258. Hồ sơ, thủ tục đăng ký chào bán lần đầu, chào bán cổ phiếu để tăng vốn của công ty đầu tư chứng khoán đại chúng"
08cf8be644270ed658645ac1c79140f66dde3af6,155/2020/nđ-cp+258,155/2020/nđ-cp,"Điều 258. Hồ sơ, thủ tục đăng ký chào bán lần đầu, chào bán cổ phiếu để tăng vốn của công ty đầu tư chứng khoán đại chúng"
091ec4ad592d19bb7ebee9de5115b0dd8a174d86,19/2019/nđ+18,19/2019/nđ,Điều 18. Nghĩa vụ của chủ họ
091ec4ad592d19bb7ebee9de5115b0dd8a174d86,19/2019/nđ-cp+18,19/2019/nđ-cp,Điều 18. Nghĩa vụ của chủ họ
09248427ed2ec47660294e796c7f59eddc69b927,09/2014/ttlt-btp-tandtc-vksndtc+7,09/2014/ttlt-btp-tandtc-vksndtc,Điều 7. Giá trị pháp lý của vi bằng
09248427ed2ec47660294e796c7f59eddc69b927,09/2014/ttlt-btp-tandtc-vksndtc-btc+7,09/2014/ttlt-btp-tandtc-vksndtc-btc,Điều 7. Giá trị pháp lý của vi bằng
0a1a1f897a4e88a54549ae4e9698fc223655e5f0,155/2020/nd-cp+90,155/2020/nd-cp,Điều 90. Nghĩa vụ của đại lý chào mua công khai
0a1a1f897a4e88a54549ae4e9698fc223655e5f0,155/2020/nđ-cp+90,155/2020/nđ-cp,Điều 90. Nghĩa vụ của đại lý chào mua công khai
0a2ae9617802a490dc496196cdbc77f9ddabb4a2,05/2017/tt-byt+6,05/2017/tt-byt,Điều 6. Điều khoản tham chiếu
0a2ae9617802a490dc496196cdbc77f9ddabb4a2,17/2020/tt-byt+6,17/2020/tt-byt,Điều 6. Điều khoản tham chiếu
0a2ae9617802a490dc496196cdbc77f9ddabb4a2,25/2014/ttlt-byt-btc+6,25/2014/ttlt-byt-btc,Điều 6. Điều khoản tham chiếu
0a485d1391227ea0f80a74d20ed68c375e228266,155/2020/nd-cp+236,155/2020/nd-cp,Điều 236. Hồ sơ đề nghị điều chỉnh Giấy chứng nhận đăng ký lập quỹ đóng do tăng vốn
0a485d1391227ea0f80a74d20ed68c375e228266,155/2020/nđ-cp+236,155/2020/nđ-cp,Điều 236. Hồ sơ đề nghị điều chỉnh Giấy chứng nhận đăng ký lập quỹ đóng do tăng vốn
0ac747777fd59a978b253d3aba44fa0cc44b4b8f,155/2020/nd-cp+171,155/2020/nd-cp,Điều 171. Cung cấp thông tin về đăng ký biện pháp bảo đảm
0ac747777fd59a978b253d3aba44fa0cc44b4b8f,155/2020/nđ-cp+171,155/2020/nđ-cp,Điều 171. Cung cấp thông tin về đăng ký biện pháp bảo đảm
0aef1e1062a6ab6e56ce1ccdad81d192a0bc18c6,155/2020/nd-cp+284,155/2020/nd-cp,Điều 284. Báo cáo hoạt động của thành viên Hội đồng quản trị độc lập trong Ủy ban kiểm toán tại cuộc họp Đại hội đồng cổ đồng thường niên
0aef1e1062a6ab6e56ce1ccdad81d192a0bc18c6,155/2020/nđ-cp+284,155/2020/nđ-cp,Điều 284. Báo cáo hoạt động của thành viên Hội đồng quản trị độc lập trong Ủy ban kiểm toán tại cuộc họp Đại hội đồng cổ đồng thường niên
0bc2aa7f9fa773f76f52715fb22484192e6f870a,141/2017/nđ-cp+4,141/2017/nđ-cp,Điều 4. Nguyên tắc áp dụng mức lương tối thiểu vùng theo địa bàn
0bc2aa7f9fa773f76f52715fb22484192e6f870a,157/2018/nđ-cp+4,157/2018/nđ-cp,Điều 4. Nguyên tắc áp dụng mức lương tối thiểu vùng theo địa bàn
0bc2aa7f9fa773f76f52715fb22484192e6f870a,90/2019/nđ-cp+4,90/2019/nđ-cp,Điều 4. Nguyên tắc áp dụng mức lương tối thiểu vùng theo địa bàn
0c03ee93ff46646ff4cf6fdd54b5e816d6660818,155/2020/nd-cp+246,155/2020/nd-cp,Điều 246. Giải thể quỹ mở
0c03ee93ff46646ff4cf6fdd54b5e816d6660818,155/2020/nđ-cp+246,155/2020/nđ-cp,Điều 246. Giải thể quỹ mở
0c70bad3112132b026426e6e5198da7122b3025e,155/2020/nd-cp+2,155/2020/nd-cp,Điều 2. Đối tượng áp dụng
0c70bad3112132b026426e6e5198da7122b3025e,155/2020/nđ-cp+2,155/2020/nđ-cp,Điều 2. Đối tượng áp dụng
0c70bad3112132b026426e6e5198da7122b3025e,54/2019/qh14+2,54/2019/qh14,Điều 2. Đối tượng áp dụng
0d3100be2f7f22f65f13a4bb4f9383ec1ad162e5,146/2018/nð-cp+35,146/2018/nð-cp,Điều 35. Quản lý và sử dụng quỹ dự phòng
0d3100be2f7f22f65f13a4bb4f9383ec1ad162e5,146/2018/nđ-cp+35,146/2018/nđ-cp,Điều 35. Quản lý và sử dụng quỹ dự phòng
0d857e3fcdd849df6c1490c86d54fcf17e07e253,63/2019/nđ-+36,63/2019/nđ-,"Điều 36. Hành vi vi phạm quy định của pháp luật về thực hành tiết kiệm, chống lãng phí trong quản lý, sử dụng vốn và tài sản công tại công ty trách nhiệm hữu hạn một thành viên vốn nhà nước nhưng chưa đến mức truy cứu trách nhiệm hình sự"
0d857e3fcdd849df6c1490c86d54fcf17e07e253,63/2019/nđ-cp+36,63/2019/nđ-cp,"Điều 36. Hành vi vi phạm quy định của pháp luật về thực hành tiết kiệm, chống lãng phí trong quản lý, sử dụng vốn và tài sản công tại công ty trách nhiệm hữu hạn một thành viên vốn nhà nước nhưng chưa đến mức truy cứu trách nhiệm hình sự"
0dc6c6e939b83f03bdf15d2cfd3be7a50bd9971f,11/2015/tt-bct+2,11/2015/tt-bct,Điều 2. Đối tượng áp dụng
0dc6c6e939b83f03bdf15d2cfd3be7a50bd9971f,27/2014/tt-bct+2,27/2014/tt-bct,Điều 2. Đối tượng áp dụng
0de0805d480959f1a8f22e09c33f39e8c7179e03,155/2020/nd-cp+53,155/2020/nd-cp,Điều 53. Điều kiện công ty đại chúng phát hành cổ phiếu để chào mua công khai
0de0805d480959f1a8f22e09c33f39e8c7179e03,155/2020/nđ-cp+53,155/2020/nđ-cp,Điều 53. Điều kiện công ty đại chúng phát hành cổ phiếu để chào mua công khai
0e07f9d67f4e1d482f55504f8e49059d47d007c9,155/2020/nd-cp+71,155/2020/nd-cp,Điều 71. Điều kiện chào bán cổ phiếu ra nước ngoài của công ty đại chúng
0e07f9d67f4e1d482f55504f8e49059d47d007c9,155/2020/nđ-cp+71,155/2020/nđ-cp,Điều 71. Điều kiện chào bán cổ phiếu ra nước ngoài của công ty đại chúng
0e1b1c8c1ffe7e54e14391ebaeea066fe1641aee,155/2020/nd-cp+227,155/2020/nd-cp,"Điều 227. Hồ sơ thay đổi ngân hàng lưu ký, ngân hàng giám sát"
0e1b1c8c1ffe7e54e14391ebaeea066fe1641aee,155/2020/nđ-cp+227,155/2020/nđ-cp,"Điều 227. Hồ sơ thay đổi ngân hàng lưu ký, ngân hàng giám sát"
0e7748f3509d5f78fa924b8a7268884d969a4a9a,84/2019/nđ-+3,84/2019/nđ-,Điều 3. Phân loại phân bón
0e7748f3509d5f78fa924b8a7268884d969a4a9a,84/2019/nđ-cp+3,84/2019/nđ-cp,Điều 3. Phân loại phân bón
0f0f8ecb8eeb6c1ee85fb17d46fde210f60baaa0,24/2020/nd-cp+17,24/2020/nd-cp,Điều 17. Trách nhiệm quản lý nhà nước của Bộ Công Thương
0f0f8ecb8eeb6c1ee85fb17d46fde210f60baaa0,24/2020/nđ-cp+17,24/2020/nđ-cp,Điều 17. Trách nhiệm quản lý nhà nước của Bộ Công Thương
100473e7ada5db92e66391e1b37291be23c8a451,146/2018/nð-cp+17,146/2018/nð-cp,"Điều 17. Nội dung hợp đồng, điều kiện ký hợp đồng khám bệnh, chữa bệnh bảo hiểm y tế đối với cơ sở khám bệnh, chữa bệnh"
100473e7ada5db92e66391e1b37291be23c8a451,146/2018/nđ-cp+17,146/2018/nđ-cp,"Điều 17. Nội dung hợp đồng, điều kiện ký hợp đồng khám bệnh, chữa bệnh bảo hiểm y tế đối với cơ sở khám bệnh, chữa bệnh"
100c773df619c103efb618d3bee8dff2c631ea1f,146/2018/nð-cp+9,146/2018/nð-cp,Điều 9. Phương thức đóng bảo hiểm y tế của một số đối tượng
100c773df619c103efb618d3bee8dff2c631ea1f,146/2018/nđ-cp+9,146/2018/nđ-cp,Điều 9. Phương thức đóng bảo hiểm y tế của một số đối tượng
106e0634ee807e48280e3ccdab6963f297b9c3b1,91/2019/nd-cp+11,91/2019/nd-cp,"Điều 11. Sử dụng đất nông nghiệp không phải là đất trồng lúa, không phải là đất rừng phòng hộ, không phải là đất rừng đặc dụng, không phải là đất rừng sản xuất vào mục đích khác không được cơ quan nhà nước có thẩm quyền cho phép theo quy định tại các điểm b và d khoản 1 Điều 57 của Luật đất đai"
106e0634ee807e48280e3ccdab6963f297b9c3b1,91/2019/nđ-cp+11,91/2019/nđ-cp,"Điều 11. Sử dụng đất nông nghiệp không phải là đất trồng lúa, không phải là đất rừng phòng hộ, không phải là đất rừng đặc dụng, không phải là đất rừng sản xuất vào mục đích khác không được cơ quan nhà nước có thẩm quyền cho phép theo quy định tại các điểm b và d khoản 1 Điều 57 của Luật đất đai"
10a5fad7c74c065697e7b910d4e8c6a7f425d2f2,155/2020/nd-cp+73,155/2020/nd-cp,Điều 73. Điều kiện phát hành cổ phiếu mới làm cơ sở chào bán chứng chỉ lưu ký tại nước ngoài
10a5fad7c74c065697e7b910d4e8c6a7f425d2f2,155/2020/nđ-cp+73,155/2020/nđ-cp,Điều 73. Điều kiện phát hành cổ phiếu mới làm cơ sở chào bán chứng chỉ lưu ký tại nước ngoài
11733aa13be05d95aba00b6d15e25dbdef59ae30,63/2019/nđ-+52,63/2019/nđ-,Điều 52. Thẩm quyền xử phạt của Thanh tra
11733aa13be05d95aba00b6d15e25dbdef59ae30,63/2019/nđ-cp+52,63/2019/nđ-cp,Điều 52. Thẩm quyền xử phạt của Thanh tra
119981a7ddf2e77c0a3faf8cd2186fdc71319d7c,146/2018/nð-cp+20,146/2018/nð-cp,"Điều 20. Quyền và trách nhiệm của cơ quan bảo hiểm xã hội trong thực hiện hợp đồng khám bệnh, chữa bệnh bảo hiểm y tế"
119981a7ddf2e77c0a3faf8cd2186fdc71319d7c,146/2018/nđ-cp+20,146/2018/nđ-cp,"Điều 20. Quyền và trách nhiệm của cơ quan bảo hiểm xã hội trong thực hiện hợp đồng khám bệnh, chữa bệnh bảo hiểm y tế"
11af2f74c196528413f2c835dd243ba4dd618279,155/2020/nd-cp+101,155/2020/nd-cp,"Điều 101. Trình tự, thủ tục đăng ký thành viên giao dịch, thành viên giao dịch đặc biệt, Kho bạc Nhà nước tham gia giao dịch công cụ nợ"
11af2f74c196528413f2c835dd243ba4dd618279,155/2020/nđ-cp+101,155/2020/nđ-cp,"Điều 101. Trình tự, thủ tục đăng ký thành viên giao dịch, thành viên giao dịch đặc biệt, Kho bạc Nhà nước tham gia giao dịch công cụ nợ"
11b6c9fc0757cd757c1af16ae54ed327a1ac594e,155/2020/nd-cp+112,155/2020/nd-cp,"Điều 112. Điều kiện niêm yết cổ phiếu của các công ty đại chúng hình thành sau hợp nhất, sáp nhập, chia, tách và các trường hợp cơ cấu lại khác"
11b6c9fc0757cd757c1af16ae54ed327a1ac594e,155/2020/nđ-cp+112,155/2020/nđ-cp,"Điều 112. Điều kiện niêm yết cổ phiếu của các công ty đại chúng hình thành sau hợp nhất, sáp nhập, chia, tách và các trường hợp cơ cấu lại khác"
12394dfcb1aefa568acfe4b74040903314c2e806,09/2014/ttlt-btp-tandtc-vksndtc+11,09/2014/ttlt-btp-tandtc-vksndtc,Điều 11. Biểu mẫu nghiệp vụ của Văn phòng Thừa phát lại
12394dfcb1aefa568acfe4b74040903314c2e806,09/2014/ttlt-btp-tandtc-vksndtc-btc+11,09/2014/ttlt-btp-tandtc-vksndtc-btc,Điều 11. Biểu mẫu nghiệp vụ của Văn phòng Thừa phát lại
1252f74a332bdc0a2ebe1d32dc91f85ae5044766,155/2020/nd-cp+30,155/2020/nd-cp,Điều 30. Điều kiện chào bán chứng khoán ra công chúng của công ty sau quá trình cơ cấu lại doanh nghiệp
1252f74a332bdc0a2ebe1d32dc91f85ae5044766,155/2020/nđ-cp+30,155/2020/nđ-cp,Điều 30. Điều kiện chào bán chứng khoán ra công chúng của công ty sau quá trình cơ cấu lại doanh nghiệp
134a58feef336c5d7e4d478262e809658fc3b92f,155/2020/nd-cp+287,155/2020/nd-cp,Điều 287. Quyền và nghĩa vụ của thành viên Ban kiểm soát
134a58feef336c5d7e4d478262e809658fc3b92f,155/2020/nđ-cp+287,155/2020/nđ-cp,Điều 287. Quyền và nghĩa vụ của thành viên Ban kiểm soát
1359e39159862461991913214200c88727ac4cf6,155/2020/nd-cp+231,155/2020/nd-cp,Điều 231. Hồ sơ giải thể quỹ thành viên
1359e39159862461991913214200c88727ac4cf6,155/2020/nđ-cp+231,155/2020/nđ-cp,Điều 231. Hồ sơ giải thể quỹ thành viên
13e6a31a9205ac1fb7ef69f02af83e63f5b0e724,155/2020/nd-cp+12,155/2020/nd-cp,Điều 12. Hồ sơ đăng ký chào bán thêm cổ phiếu ra công chúng của công ty đại chúng
13e6a31a9205ac1fb7ef69f02af83e63f5b0e724,155/2020/nđ-cp+12,155/2020/nđ-cp,Điều 12. Hồ sơ đăng ký chào bán thêm cổ phiếu ra công chúng của công ty đại chúng
13f44a2bb374bf6f35f9c2b089d8a9fe97e20c09,60/2000/nđ-cp+13,60/2000/nđ-cp,"Điều 13. Người nào vi phạm các quy định của Nghị định này, tùy theo mức độ vi phạm sẽ bị xử lý kỷ luật, xử phạt hành chính hoặc truy cứu trách nhiệm hình sự theo quy định của pháp luật."
13f44a2bb374bf6f35f9c2b089d8a9fe97e20c09,61/2000/nđ-cp+13,61/2000/nđ-cp,"Điều 13. Người nào vi phạm các quy định của Nghị định này, tùy theo mức độ vi phạm sẽ bị xử lý kỷ luật, xử phạt hành chính hoặc truy cứu trách nhiệm hình sự theo quy định của pháp luật."
155dfe8885f7331d8140e6e5dabe75103ac166c7,155/2020/nd-cp+23,155/2020/nd-cp,Điều 23. Điều kiện chào bán trái phiếu có bảo đảm ra công chúng
155dfe8885f7331d8140e6e5dabe75103ac166c7,155/2020/nđ-cp+23,155/2020/nđ-cp,Điều 23. Điều kiện chào bán trái phiếu có bảo đảm ra công chúng
15d35f78eb7f13505596e8ecc6de0ce349b58bd7,155/2020/nd-cp+173,155/2020/nd-cp,"Điều 173. Nhiệm vụ, quyền hạn, trách nhiệm của Tổng công ty lưu ký và bù trừ chứng khoán Việt Nam về hoạt động đăng ký biện pháp bảo đảm"
15d35f78eb7f13505596e8ecc6de0ce349b58bd7,155/2020/nđ-cp+173,155/2020/nđ-cp,"Điều 173. Nhiệm vụ, quyền hạn, trách nhiệm của Tổng công ty lưu ký và bù trừ chứng khoán Việt Nam về hoạt động đăng ký biện pháp bảo đảm"
163daedf759b74f626574041b4bded489c962bf4,91/2019/nd-cp+34,91/2019/nd-cp,"Điều 34. Vi phạm quy định về quản lý chỉ giới sử dụng đất, mốc địa giới hành chính"
163daedf759b74f626574041b4bded489c962bf4,91/2019/nđ-cp+34,91/2019/nđ-cp,"Điều 34. Vi phạm quy định về quản lý chỉ giới sử dụng đất, mốc địa giới hành chính"
16c51aa28b57b4e300750c0070c11cf60098c1dd,155/2020/nd-cp+6,155/2020/nd-cp,"Điều 6. Quy định chung về việc nộp, bổ sung hồ sơ, tài liệu báo cáo"
16c51aa28b57b4e300750c0070c11cf60098c1dd,155/2020/nđ-cp+6,155/2020/nđ-cp,"Điều 6. Quy định chung về việc nộp, bổ sung hồ sơ, tài liệu báo cáo"
1717e3457fb9c06843010ae7bf3f81ff1497833a,03/2021/tt-bgddt+1,03/2021/tt-bgddt,Điều 1. Phạm vi điều chỉnh và đối tượng áp dụng
1717e3457fb9c06843010ae7bf3f81ff1497833a,03/2021/tt-bgdđt+1,03/2021/tt-bgdđt,Điều 1. Phạm vi điều chỉnh và đối tượng áp dụng
173810f0963a5c821b93479a7545405a877ed283,155/2020/nd-cp+24,155/2020/nd-cp,Điều 24. Đại diện người sở hữu trái phiếu
173810f0963a5c821b93479a7545405a877ed283,155/2020/nđ-cp+24,155/2020/nđ-cp,Điều 24. Đại diện người sở hữu trái phiếu
17480be2984d066680331a4b1351fc5990f2aa49,19/2019/nđ+27,19/2019/nđ,Điều 27. Điều khoản chuyển tiếp
17480be2984d066680331a4b1351fc5990f2aa49,19/2019/nđ-cp+27,19/2019/nđ-cp,Điều 27. Điều khoản chuyển tiếp
17a84afccec6828ec737fd0446672a1827f12854,155/2020/nd-cp+129,155/2020/nd-cp,"Điều 129. Hủy bỏ niêm yết, giao dịch trên Sở giao dịch chứng khoán nước ngoài để niêm yết trên Sở giao dịch chứng khoán trong nước"
17a84afccec6828ec737fd0446672a1827f12854,155/2020/nđ-cp+129,155/2020/nđ-cp,"Điều 129. Hủy bỏ niêm yết, giao dịch trên Sở giao dịch chứng khoán nước ngoài để niêm yết trên Sở giao dịch chứng khoán trong nước"
17f06ff5b7b5b6c54ed5b5ddfef6459995eda4e3,19/2019/nđ+21,19/2019/nđ,Điều 21. Lãi suất trong họ có lãi
17f06ff5b7b5b6c54ed5b5ddfef6459995eda4e3,19/2019/nđ-cp+21,19/2019/nđ-cp,Điều 21. Lãi suất trong họ có lãi
17f86a48fe68f96fdbcd8b6963202b8b9ae6029d,155/2020/nd-cp+159,155/2020/nd-cp,"Điều 159. Điều kiện, hồ sơ, trình tự, thủ tục đăng ký trở thành thành viên bù trừ"
17f86a48fe68f96fdbcd8b6963202b8b9ae6029d,155/2020/nđ-cp+159,155/2020/nđ-cp,"Điều 159. Điều kiện, hồ sơ, trình tự, thủ tục đăng ký trở thành thành viên bù trừ"
1812cbcf624afd88543ef6cad40f36b23606c4db,26/2019/tt-byt+8,26/2019/tt-byt,Điều 8. Điều Khoản tham chiếu
1812cbcf624afd88543ef6cad40f36b23606c4db,55/2017/tt-byt+8,55/2017/tt-byt,Điều 8. Điều khoản tham chiếu
18ce5d5c5a95424153ae0eb8996e4820a547dc03,84/2019/nđ-+17,84/2019/nđ-,"Điều 17. Trình tự cấp, cấp lại Giấy chứng nhận đủ điều kiện sản xuất phân bón, Giấy chứng nhận đủ điều kiện buôn bán phân bón"
18ce5d5c5a95424153ae0eb8996e4820a547dc03,84/2019/nđ-cp+17,84/2019/nđ-cp,"Điều 17. Trình tự cấp, cấp lại Giấy chứng nhận đủ điều kiện sản xuất phân bón, Giấy chứng nhận đủ điều kiện buôn bán phân bón"
192374025a4f90c2aae36ff7f70be40de843bc61,146/2018/nð-cp+42,146/2018/nð-cp,Điều 42. Trách nhiệm hướng dẫn thực hiện
192374025a4f90c2aae36ff7f70be40de843bc61,146/2018/nđ-cp+42,146/2018/nđ-cp,Điều 42. Trách nhiệm hướng dẫn thực hiện
19404db55694675c8446bc4b37786f3c10a20f7c,102/2017/nð-cp+58,102/2017/nð-cp,Điều 58. Khôi phục dữ liệu trong trường hợp kết quả đăng ký biện pháp bảo đảm bị hủy không đúng các căn cứ do pháp luật quy định
19404db55694675c8446bc4b37786f3c10a20f7c,102/2017/nđ-cp+58,102/2017/nđ-cp,Điều 58. Khôi phục dữ liệu trong trường hợp kết quả đăng ký biện pháp bảo đảm bị hủy không đúng các căn cứ do pháp luật quy định
196cf688149c32a90a2b877d6635f0f853f6b94e,102/2017/nð-cp+36,102/2017/nð-cp,Điều 36. Hồ sơ đăng ký văn bản thông báo về việc xử lý tài sản thế chấp tàu biển
196cf688149c32a90a2b877d6635f0f853f6b94e,102/2017/nđ-cp+36,102/2017/nđ-cp,Điều 36. Hồ sơ đăng ký văn bản thông báo về việc xử lý tài sản thế chấp tàu biển
1987d3cd9f2be35ea38ffea6f8772ac8baeebb69,155/2020/nd-cp+161,155/2020/nd-cp,"Điều 161. Thay đổi thông tin thành viên lưu ký, thành viên bù trừ"
1987d3cd9f2be35ea38ffea6f8772ac8baeebb69,155/2020/nđ-cp+161,155/2020/nđ-cp,"Điều 161. Thay đổi thông tin thành viên lưu ký, thành viên bù trừ"
19ee38f65a491a1decfd48e043f3b334f1337d68,84/2019/nđ-+2,84/2019/nđ-,Điều 2. Giải thích từ ngữ
19ee38f65a491a1decfd48e043f3b334f1337d68,84/2019/nđ-cp+2,84/2019/nđ-cp,Điều 2. Giải thích từ ngữ
19f32057b88db81a882a73a2164f3079e21b8e6c,155/2020/nd-cp+196,155/2020/nd-cp,"Điều 196. Hồ sơ đề nghị chấp thuận thành lập, đóng cửa chi nhánh, công ty con, văn phòng đại diện tại nước ngoài của công ty chứng khoán, công ty quản lý quỹ đầu tư chứng khoán"
19f32057b88db81a882a73a2164f3079e21b8e6c,155/2020/nđ-cp+196,155/2020/nđ-cp,"Điều 196. Hồ sơ đề nghị chấp thuận thành lập, đóng cửa chi nhánh, công ty con, văn phòng đại diện tại nước ngoài của công ty chứng khoán, công ty quản lý quỹ đầu tư chứng khoán"
1a63a2edf2160418e6a19174cf742a1b8938c91b,155/2020/nd-cp+130,155/2020/nd-cp,"Điều 130. Tài liệu báo cáo về việc niêm yết, giao dịch chứng chỉ lưu ký tại Sở giao dịch chứng khoán nước ngoài"
1a63a2edf2160418e6a19174cf742a1b8938c91b,155/2020/nđ-cp+130,155/2020/nđ-cp,"Điều 130. Tài liệu báo cáo về việc niêm yết, giao dịch chứng chỉ lưu ký tại Sở giao dịch chứng khoán nước ngoài"
1a99a624e50a4bfe8c8dff8f68eb87331b724205,155/2020/nd-cp+298,155/2020/nd-cp,"Điều 298. Công bố thông tin về thu nhập của thành viên Hội đồng quản trị, Tổng giám đốc (Giám đốc)"
1a99a624e50a4bfe8c8dff8f68eb87331b724205,155/2020/nđ-cp+298,155/2020/nđ-cp,"Điều 298. Công bố thông tin về thu nhập của thành viên Hội đồng quản trị, Tổng giám đốc (Giám đốc)"
1bb18fe5596c1601c684656ea5f3dfa0700cc98c,19/2019/nđ+13,19/2019/nđ,Điều 13. Giấy biên nhận
1bb18fe5596c1601c684656ea5f3dfa0700cc98c,19/2019/nđ-cp+13,19/2019/nđ-cp,Điều 13. Giấy biên nhận
1c2c5337cce75a2bd7bee5c02fcaeb0b4b21b705,09/2014/ttlt-btp-tandtc-vksndtc+9,09/2014/ttlt-btp-tandtc-vksndtc,Điều 9. Xác minh điều kiện thi hành án
1c2c5337cce75a2bd7bee5c02fcaeb0b4b21b705,09/2014/ttlt-btp-tandtc-vksndtc-btc+9,09/2014/ttlt-btp-tandtc-vksndtc-btc,Điều 9. Xác minh điều kiện thi hành án
1c2e5e8317350969dec413a6b1565e22a04916ac,63/2019/nđ-+2,63/2019/nđ-,Điều 2. Đối tượng áp dụng
1c2e5e8317350969dec413a6b1565e22a04916ac,63/2019/nđ-cp+2,63/2019/nđ-cp,Điều 2. Đối tượng áp dụng
1d2db4b24a0acaae363e4e04be48348c6cda0b94,1338/2004/qđ-byt+3,1338/2004/qđ-byt,Điều 3. Quyết định này có hiệu lực sau 15 ngày kể từ ngày đăng công báo.
1d2db4b24a0acaae363e4e04be48348c6cda0b94,26/2008/qđ-byt+3,26/2008/qđ-byt,Điều 3.
1d2db4b24a0acaae363e4e04be48348c6cda0b94,30/2004/qđ-bgtvt+3,30/2004/qđ-bgtvt,"Điều 3: Quyết định này có hiệu lực sau 15 ngày, kể từ ngày đăng Công Báo."
1d348d7e60f94ebf1ddb5e4d8cade281e7ac221f,155/2020/nd-cp+170,155/2020/nd-cp,"Điều 170. Hồ sơ, thủ tục thực hiện đăng ký, thay đổi, sửa chữa biện pháp bảo đảm; xóa đăng ký biện pháp bảo đảm"
1d348d7e60f94ebf1ddb5e4d8cade281e7ac221f,155/2020/nđ-cp+170,155/2020/nđ-cp,"Điều 170. Hồ sơ, thủ tục thực hiện đăng ký, thay đổi, sửa chữa biện pháp bảo đảm; xóa đăng ký biện pháp bảo đảm"
1d3d0b9247d993689093e8ca1fba5c66aadfff99,155/2020/nd-cp+100,155/2020/nd-cp,"Điều 100. Hồ sơ đăng ký thành viên giao dịch đặc biệt, Kho bạc Nhà nước tham gia giao dịch công cụ nợ"
1d3d0b9247d993689093e8ca1fba5c66aadfff99,155/2020/nđ-cp+100,155/2020/nđ-cp,"Điều 100. Hồ sơ đăng ký thành viên giao dịch đặc biệt, Kho bạc Nhà nước tham gia giao dịch công cụ nợ"
1e06f5ea7ba44503662cfde3226cc8033e1643fd,155/2020/nd-cp+34,155/2020/nd-cp,"Điều 34. Điều kiện chào bán chứng khoán ra công chúng của công ty sau chia, tách công ty"
1e06f5ea7ba44503662cfde3226cc8033e1643fd,155/2020/nđ-cp+34,155/2020/nđ-cp,"Điều 34. Điều kiện chào bán chứng khoán ra công chúng của công ty sau chia, tách công ty"
1f51e294006611d1efe2ac5f648b142247fc1e3b,19/2019/nđ+16,19/2019/nđ,Điều 16. Nghĩa vụ của thành viên
1f51e294006611d1efe2ac5f648b142247fc1e3b,19/2019/nđ-cp+16,19/2019/nđ-cp,Điều 16. Nghĩa vụ của thành viên
1f55dfc137f0ca6ba33122f483f38c2ab91a5106,35/2014/tt-bca+2,35/2014/tt-bca,Điều 2. Đối tượng áp dụng
1f55dfc137f0ca6ba33122f483f38c2ab91a5106,36/2014/tt-bca+2,36/2014/tt-bca,Điều 2. Đối tượng áp dụng
1fefc0a2512f39977c46df8d3de15e1725f9ceed,146/2018/nð-cp+41,146/2018/nð-cp,Điều 41. Hiệu lực thi hành
1fefc0a2512f39977c46df8d3de15e1725f9ceed,146/2018/nđ-cp+41,146/2018/nđ-cp,Điều 41. Hiệu lực thi hành
20409faeae579541e7e06e1a7904eec435c00f51,19/2019/nđ+7,19/2019/nđ,Điều 7. Hình thức thoả thuận về dây họ
20409faeae579541e7e06e1a7904eec435c00f51,19/2019/nđ-cp+7,19/2019/nđ-cp,Điều 7. Hình thức thoả thuận về dây họ
20662c09348eafeaea08dfd53cbcda3f551c614e,146/2018/nð-cp+37,146/2018/nð-cp,"Điều 37. Nguyên tắc ứng dụng công nghệ thông tin trong khám bệnh, chữa bệnh bảo hiểm y tế"
20662c09348eafeaea08dfd53cbcda3f551c614e,146/2018/nđ-cp+37,146/2018/nđ-cp,"Điều 37. Nguyên tắc ứng dụng công nghệ thông tin trong khám bệnh, chữa bệnh bảo hiểm y tế"
20acd079deb198e04cd6f27ef2c96305481801f5,136/2013/tt-btc+18,136/2013/tt-btc,Điều 18. Thiết bị quay số mở thưởng bằng lồng cầu
20acd079deb198e04cd6f27ef2c96305481801f5,36/2019/tt-btc+18,36/2019/tt-btc,Điều 18. Thiết bị quay số mở thưởng bằng lồng cầu
2121ff067ce01267941e68dad4b540f3c33ddaf3,63/2019/nđ-+33,63/2019/nđ-,"Điều 33. Hành vi vi phạm quy định của pháp luật về thực hành tiết kiệm, chống lãng phí trong khai thác, sử dụng tài nguyên nhưng chưa đến mức truy cứu trách nhiệm hình sự"
2121ff067ce01267941e68dad4b540f3c33ddaf3,63/2019/nđ-cp+33,63/2019/nđ-cp,"Điều 33. Hành vi vi phạm quy định của pháp luật về thực hành tiết kiệm, chống lãng phí trong khai thác, sử dụng tài nguyên nhưng chưa đến mức truy cứu trách nhiệm hình sự"
213efea781810d3023abba63d1e41cc94d4e9f26,146/2018/nð-cp+13,146/2018/nð-cp,Điều 13. Thời hạn thẻ bảo hiểm y tế có giá trị sử dụng
213efea781810d3023abba63d1e41cc94d4e9f26,146/2018/nđ-cp+13,146/2018/nđ-cp,Điều 13. Thời hạn thẻ bảo hiểm y tế có giá trị sử dụng
21578209f7f5432d143fc424058d7b4656c1ece1,63/2019/nđ-+39,63/2019/nđ-,Điều 39. Thẩm quyền xử phạt của Thanh tra
21578209f7f5432d143fc424058d7b4656c1ece1,63/2019/nđ-cp+39,63/2019/nđ-cp,Điều 39. Thẩm quyền xử phạt của Thanh tra
215912681fd554e94d322e4ce48f39abc4f3b5bd,155/2020/nd-cp+157,155/2020/nd-cp,"Điều 157. Quyền và nghĩa vụ của thành viên bù trừ đối với việc cung cấp dịch vụ bù trừ, thanh toán giao dịch chứng khoán"
215912681fd554e94d322e4ce48f39abc4f3b5bd,155/2020/nđ-cp+157,155/2020/nđ-cp,"Điều 157. Quyền và nghĩa vụ của thành viên bù trừ đối với việc cung cấp dịch vụ bù trừ, thanh toán giao dịch chứng khoán"
21d23434668257bf55bcbea9bf564e7f83b45b1f,155/2020/nd-cp+247,155/2020/nd-cp,Điều 247. Quỹ đầu tư bất động sản
21d23434668257bf55bcbea9bf564e7f83b45b1f,155/2020/nđ-cp+247,155/2020/nđ-cp,Điều 247. Quỹ đầu tư bất động sản
21ef5fb7ba83e0c7b89bcf3de13750874d4ff2f7,84/2019/nđ-+6,84/2019/nđ-,"Điều 6. Hồ sơ, trình tự cấp lại Quyết định công nhận phân bón lưu hành tại Việt Nam"
21ef5fb7ba83e0c7b89bcf3de13750874d4ff2f7,84/2019/nđ-cp+6,84/2019/nđ-cp,"Điều 6. Hồ sơ, trình tự cấp lại Quyết định công nhận phân bón lưu hành tại Việt Nam"
222e2dbfb80de0f1663aad2f7d613abe92fac25c,50/2018/nđ-cp+1,50/2018/nđ-cp,Điều 1. Vị trí và chức năng
222e2dbfb80de0f1663aad2f7d613abe92fac25c,83/2012/nđ-cp+1,83/2012/nđ-cp,Điều 1. Vị trí và chức năng
2357d68e493ae94046480c1707e3a0c8b7ec6533,84/2019/nđ-+19,84/2019/nđ-,Điều 19. Nhập khẩu phân bón
2357d68e493ae94046480c1707e3a0c8b7ec6533,84/2019/nđ-cp+19,84/2019/nđ-cp,Điều 19. Nhập khẩu phân bón
239ede219710a2e279505dbb832c3a74ebf1fb92,155/2020/nd-cp+254,155/2020/nd-cp,Điều 254. Hồ sơ thành lập quỹ hoán đổi danh mục
239ede219710a2e279505dbb832c3a74ebf1fb92,155/2020/nđ-cp+254,155/2020/nđ-cp,Điều 254. Hồ sơ thành lập quỹ hoán đổi danh mục
23c16192bda1c53cecd9afa7dcb9cad2f39af3d7,19/2019/nđ+20,19/2019/nđ,Điều 20. Thứ tự lĩnh họ trong họ có lãi
23c16192bda1c53cecd9afa7dcb9cad2f39af3d7,19/2019/nđ-cp+20,19/2019/nđ-cp,Điều 20. Thứ tự lĩnh họ trong họ có lãi
24563cfc7c6b584740b8b951aac5d3c55eccc839,155/2020/nd-cp+278,155/2020/nd-cp,Điều 278. Trách nhiệm và nghĩa vụ của Hội đồng quản trị
24563cfc7c6b584740b8b951aac5d3c55eccc839,155/2020/nđ-cp+278,155/2020/nđ-cp,Điều 278. Trách nhiệm và nghĩa vụ của Hội đồng quản trị
248023f7023e946b1df2bc170265958421736d2c,155/2020/nd-cp+49,155/2020/nd-cp,"Điều 49. Điều kiện công ty đại chúng phát hành cổ phiếu để hoán đổi cổ phần cho cổ đông công ty cổ phần chưa đại chúng, hoán đổi phần vốn góp cho thành viên góp vốn của công ty trách nhiệm hữu hạn"
248023f7023e946b1df2bc170265958421736d2c,155/2020/nđ-cp+49,155/2020/nđ-cp,"Điều 49. Điều kiện công ty đại chúng phát hành cổ phiếu để hoán đổi cổ phần cho cổ đông công ty cổ phần chưa đại chúng, hoán đổi phần vốn góp cho thành viên góp vốn của công ty trách nhiệm hữu hạn"
248d1d779a2e3a3a2d7a9a9d7b8540600357934d,91/2019/nd-cp+32,91/2019/nd-cp,"Điều 32. Không sử dụng đất trồng cây hàng năm trong thời hạn 12 tháng liên tục, đất trồng cây lâu năm trong thời hạn 18 tháng liên tục, đất trồng rừng trong thời hạn 24 tháng liên tục"
248d1d779a2e3a3a2d7a9a9d7b8540600357934d,91/2019/nđ-cp+32,91/2019/nđ-cp,"Điều 32. Không sử dụng đất trồng cây hàng năm trong thời hạn 12 tháng liên tục, đất trồng cây lâu năm trong thời hạn 18 tháng liên tục, đất trồng rừng trong thời hạn 24 tháng liên tục"
2524d306fac651d054bba220f84c598fb9e34aed,102/2017/nð-cp+34,102/2017/nð-cp,Điều 34. Hồ sơ đăng ký thay đổi nội dung biện pháp bảo đảm bằng tàu biển đã đăng ký
2524d306fac651d054bba220f84c598fb9e34aed,102/2017/nđ-cp+34,102/2017/nđ-cp,Điều 34. Hồ sơ đăng ký thay đổi nội dung biện pháp bảo đảm bằng tàu biển đã đăng ký
252a8f3c36fdd9dc884cfa159ce86bfe62d28f52,155/2020/nd-cp+263,155/2020/nd-cp,Điều 263. Hồ sơ điều chỉnh vốn điều lệ công ty đầu tư chứng khoán
252a8f3c36fdd9dc884cfa159ce86bfe62d28f52,155/2020/nđ-cp+263,155/2020/nđ-cp,Điều 263. Hồ sơ điều chỉnh vốn điều lệ công ty đầu tư chứng khoán
25fa35fcb970027cfb153c28ba6eaefdf281a418,155/2020/nd-cp+97,155/2020/nd-cp,Điều 97. Điều kiện trở thành thành viên giao dịch
25fa35fcb970027cfb153c28ba6eaefdf281a418,155/2020/nđ-cp+97,155/2020/nđ-cp,Điều 97. Điều kiện trở thành thành viên giao dịch
2629271b6c0b3fe481f808b9e9ded6258ab623ee,63/2019/nđ-+26,63/2019/nđ-,Điều 26. Hành vi vi phạm quy định về tổ chức xử lý tài sản kết cấu hạ tầng
2629271b6c0b3fe481f808b9e9ded6258ab623ee,63/2019/nđ-cp+26,63/2019/nđ-cp,Điều 26. Hành vi vi phạm quy định về tổ chức xử lý tài sản kết cấu hạ tầng
2683afa8ef90fed9b186d1af93ca2cd798d5f358,102/2017/nð-cp+52,102/2017/nð-cp,Điều 52. Thủ tục đăng ký biện pháp bảo đảm bằng tài sản là động sản khác; đăng ký thay đổi nội dung biện pháp bảo đảm đã đăng ký; sửa chữa sai sót; xóa đăng ký; đăng ký văn bản thông báo về việc xử lý tài sản thế chấp bằng tài sản là động sản khác
2683afa8ef90fed9b186d1af93ca2cd798d5f358,102/2017/nđ-cp+52,102/2017/nđ-cp,Điều 52. Thủ tục đăng ký biện pháp bảo đảm bằng tài sản là động sản khác; đăng ký thay đổi nội dung biện pháp bảo đảm đã đăng ký; sửa chữa sai sót; xóa đăng ký; đăng ký văn bản thông báo về việc xử lý tài sản thế chấp bằng tài sản là động sản khác
2689fbe018547451221abc6685953f57ace5cf50,155/2020/nd-cp+136,155/2020/nd-cp,Điều 136. Thay đổi đăng ký giao dịch
2689fbe018547451221abc6685953f57ace5cf50,155/2020/nđ-cp+136,155/2020/nđ-cp,Điều 136. Thay đổi đăng ký giao dịch
26bfd76937d2581aea97e6d7c0827d3cc5c60d4e,146/2018/nð-cp+28,146/2018/nð-cp,Điều 28. Hồ sơ đề nghị thanh toán trực tiếp
26bfd76937d2581aea97e6d7c0827d3cc5c60d4e,146/2018/nđ-cp+28,146/2018/nđ-cp,Điều 28. Hồ sơ đề nghị thanh toán trực tiếp
26ff21d7d24e4590840e8dfbbd7995baef149038,19/2019/nđ+17,19/2019/nđ,Điều 17. Quyền của chủ họ
26ff21d7d24e4590840e8dfbbd7995baef149038,19/2019/nđ-cp+17,19/2019/nđ-cp,Điều 17. Quyền của chủ họ
2927c26e081b0e0a5b9e41f5a1502ee47ccf76db,146/2018/nð-cp+14,146/2018/nð-cp,Điều 14. Mức hưởng bảo hiểm y tế đối với các trường hợp quy định tại khoản 1 và khoản 7 Điều 22 của Luật bảo hiểm y tế
2927c26e081b0e0a5b9e41f5a1502ee47ccf76db,146/2018/nđ-cp+14,146/2018/nđ-cp,Điều 14. Mức hưởng bảo hiểm y tế đối với các trường hợp quy định tại khoản 1 và khoản 7 Điều 22 của Luật bảo hiểm y tế
2936ea15d713d57363c868f612fbb456c036a2e9,09/2014/ttlt-btp-tandtc-vksndtc+13,09/2014/ttlt-btp-tandtc-vksndtc,Điều 13. Mức chi phí tống đạt
2936ea15d713d57363c868f612fbb456c036a2e9,09/2014/ttlt-btp-tandtc-vksndtc-btc+13,09/2014/ttlt-btp-tandtc-vksndtc-btc,Điều 13. Mức chi phí tống đạt
2a02fc8da93d864c104f91e1effac536703483cc,155/2020/nd-cp+281,155/2020/nd-cp,Điều 281. Người phụ trách quản trị công ty
2a02fc8da93d864c104f91e1effac536703483cc,155/2020/nđ-cp+281,155/2020/nđ-cp,Điều 281. Người phụ trách quản trị công ty
2a0a85b5746049dbc2733a8490c33a66411a6821,155/2020/nd-cp+218,155/2020/nd-cp,Điều 218. Những thay đổi phải được Ủy ban Chứng khoán Nhà nước chấp thuận
2a0a85b5746049dbc2733a8490c33a66411a6821,155/2020/nđ-cp+218,155/2020/nđ-cp,Điều 218. Những thay đổi phải được Ủy ban Chứng khoán Nhà nước chấp thuận
2b77c25517da72648a20510ff271c005188e0bd6,102/2017/nð-cp+10,102/2017/nð-cp,"Điều 10. Nhiệm vụ, quyền hạn, trách nhiệm của cơ quan đăng ký, cung cấp thông tin về biện pháp bảo đảm"
2b77c25517da72648a20510ff271c005188e0bd6,102/2017/nđ-cp+10,102/2017/nđ-cp,"Điều 10. Nhiệm vụ, quyền hạn, trách nhiệm của cơ quan đăng ký, cung cấp thông tin về biện pháp bảo đảm"
2bd0bd7d2c48976d84c594b57296b98e6409af94,155/2020/nd-cp+88,155/2020/nd-cp,Điều 88. Trách nhiệm của người biết thông tin về chào mua công khai
2bd0bd7d2c48976d84c594b57296b98e6409af94,155/2020/nđ-cp+88,155/2020/nđ-cp,Điều 88. Trách nhiệm của người biết thông tin về chào mua công khai
2c294c3dd9b6c3ed0a0da167f74fe7ff9e3e2d11,155/2020/nd-cp+206,155/2020/nd-cp,"Điều 206. Điều kiện tổ chức lại công ty chứng khoán, công ty quản lý quỹ đầu tư chứng khoán"
2c294c3dd9b6c3ed0a0da167f74fe7ff9e3e2d11,155/2020/nđ-cp+206,155/2020/nđ-cp,"Điều 206. Điều kiện tổ chức lại công ty chứng khoán, công ty quản lý quỹ đầu tư chứng khoán"
2d655d2887b296a00880fa7dcd628b086d1c0969,84/2019/nđ-+21,84/2019/nđ-,"Điều 21. Hồ sơ, trình tự, nội dung và thẩm quyền kiểm tra nhà nước về chất lượng phân bón nhập khẩu"
2d655d2887b296a00880fa7dcd628b086d1c0969,84/2019/nđ-cp+21,84/2019/nđ-cp,"Điều 21. Hồ sơ, trình tự, nội dung và thẩm quyền kiểm tra nhà nước về chất lượng phân bón nhập khẩu"
2e9cfbccd39e121324b5f124d2375af49dab326b,09/2014/ttlt-btp-tandtc-vksndtc+8,09/2014/ttlt-btp-tandtc-vksndtc,Điều 8. Sửa chữa lỗi kỹ thuật vi bằng
2e9cfbccd39e121324b5f124d2375af49dab326b,09/2014/ttlt-btp-tandtc-vksndtc-btc+8,09/2014/ttlt-btp-tandtc-vksndtc-btc,Điều 8. Sửa chữa lỗi kỹ thuật vi bằng
2ec838356f6f11321695fbcf0bc686e7b84c9f48,155/2020/nd-cp+8,155/2020/nd-cp,Điều 8. Việc mở và sử dụng tài khoản phong tỏa
2ec838356f6f11321695fbcf0bc686e7b84c9f48,155/2020/nđ-cp+8,155/2020/nđ-cp,Điều 8. Việc mở và sử dụng tài khoản phong tỏa
2f214040ea08aa1d7cf86d614d0baf72ef8f36f3,155/2020/nd-cp+45,155/2020/nd-cp,Điều 45. Hồ sơ công ty đại chúng đăng ký chào bán cổ phiếu riêng lẻ với giá thấp hơn mệnh giá
2f214040ea08aa1d7cf86d614d0baf72ef8f36f3,155/2020/nđ-cp+45,155/2020/nđ-cp,Điều 45. Hồ sơ công ty đại chúng đăng ký chào bán cổ phiếu riêng lẻ với giá thấp hơn mệnh giá
2f3645de0f78af319bf528066c1a0533df795e9c,09/2014/ttlt-btp-tandtc-vksndtc+22,09/2014/ttlt-btp-tandtc-vksndtc,"Điều 22. Quyền kháng nghị, kiến nghị, yêu cầu của Viện Kiểm sát nhân dân"
2f3645de0f78af319bf528066c1a0533df795e9c,09/2014/ttlt-btp-tandtc-vksndtc-btc+22,09/2014/ttlt-btp-tandtc-vksndtc-btc,"Điều 22. Quyền kháng nghị, kiến nghị, yêu cầu của Viện Kiểm sát nhân dân"
2fc1bd80ee8b959a806ad2dc6caacdbd8ffb2728,102/2017/nð-cp+27,102/2017/nð-cp,Điều 27. Hồ sơ sửa chữa sai sót nội dung biện pháp bảo đảm bằng tàu bay đã đăng ký do lỗi của cơ quan đăng ký
2fc1bd80ee8b959a806ad2dc6caacdbd8ffb2728,102/2017/nđ-cp+27,102/2017/nđ-cp,Điều 27. Hồ sơ sửa chữa sai sót nội dung biện pháp bảo đảm bằng tàu bay đã đăng ký do lỗi của cơ quan đăng ký
2fe540f9969b065a9f758af3db57378d0e0c52b3,63/2019/nđ-+27,63/2019/nđ-,Điều 27. Hành vi vi phạm quy định về việc đăng nhập và sử dụng số liệu về tài sản kết cấu hạ tầng
2fe540f9969b065a9f758af3db57378d0e0c52b3,63/2019/nđ-cp+27,63/2019/nđ-cp,Điều 27. Hành vi vi phạm quy định về việc đăng nhập và sử dụng số liệu về tài sản kết cấu hạ tầng
2ffa267fb65c3506853111de3f44e833dc2f745c,155/2020/nd-cp+252,155/2020/nd-cp,"Điều 252. Điều kiện chào bán chứng chỉ quỹ hoán đổi danh mục lần đầu ra công chúng, niêm yết chứng chỉ quỹ hoán đổi danh mục"
2ffa267fb65c3506853111de3f44e833dc2f745c,155/2020/nđ-cp+252,155/2020/nđ-cp,"Điều 252. Điều kiện chào bán chứng chỉ quỹ hoán đổi danh mục lần đầu ra công chúng, niêm yết chứng chỉ quỹ hoán đổi danh mục"
302217054bfcebaab3af78d2aeb95c7340bbe0ad,09/2014/ttlt-btp-tandtc-vksndtc+3,09/2014/ttlt-btp-tandtc-vksndtc,Điều 3. Các loại văn bản Thừa phát lại được tống đạt
302217054bfcebaab3af78d2aeb95c7340bbe0ad,09/2014/ttlt-btp-tandtc-vksndtc-btc+3,09/2014/ttlt-btp-tandtc-vksndtc-btc,Điều 3. Các loại văn bản Thừa phát lại được tống đạt
304f2767a63cd3c1d2d30874e65d19cd06f61e8a,91/2019/nd-cp+35,91/2019/nd-cp,"Điều 35. Vi phạm quy định về giấy tờ, chứng từ trong việc sử dụng đất"
304f2767a63cd3c1d2d30874e65d19cd06f61e8a,91/2019/nđ-cp+35,91/2019/nđ-cp,"Điều 35. Vi phạm quy định về giấy tờ, chứng từ trong việc sử dụng đất"
3118436bab2c2978eae8e067eb66e1bebd69ec18,91/2019/nd-cp+9,91/2019/nd-cp,Điều 9. Sử dụng đất trồng lúa vào mục đích khác không được cơ quan nhà nước có thẩm quyền cho phép theo quy định tại các điểm a và d khoản 1 Điều 57 của Luật đất đai
3118436bab2c2978eae8e067eb66e1bebd69ec18,91/2019/nđ-cp+9,91/2019/nđ-cp,Điều 9. Sử dụng đất trồng lúa vào mục đích khác không được cơ quan nhà nước có thẩm quyền cho phép theo quy định tại các điểm a và d khoản 1 Điều 57 của Luật đất đai
3145c9ba2f4c8a24ba6370205115000ebccee6b2,63/2019/nđ-+29,63/2019/nđ-,Điều 29. Thẩm quyền xử phạt của Chủ tịch Ủy ban nhân dân
3145c9ba2f4c8a24ba6370205115000ebccee6b2,63/2019/nđ-cp+29,63/2019/nđ-cp,Điều 29. Thẩm quyền xử phạt của Chủ tịch Ủy ban nhân dân
31468ae352256db7de0da4fafaefc29494fbef56,155/2020/nd-cp+294,155/2020/nd-cp,Điều 294. Đảm bảo quyền hợp pháp của người có quyền lợi liên quan đến công ty
31468ae352256db7de0da4fafaefc29494fbef56,155/2020/nđ-cp+294,155/2020/nđ-cp,Điều 294. Đảm bảo quyền hợp pháp của người có quyền lợi liên quan đến công ty
317586ea4507e258a2a95611dd2a98e049f48ff0,102/2017/nð-cp+47,102/2017/nð-cp,"Điều 47. Hồ sơ xóa đăng ký biện pháp bảo đảm bằng quyền sử dụng đất, tài sản gắn liền với đất"
317586ea4507e258a2a95611dd2a98e049f48ff0,102/2017/nđ-cp+47,102/2017/nđ-cp,"Điều 47. Hồ sơ xóa đăng ký biện pháp bảo đảm bằng quyền sử dụng đất, tài sản gắn liền với đất"
31b7de8accf7f2766271a9176c3602d6736f22b8,155/2020/nd-cp+70,155/2020/nd-cp,Điều 70. Chào bán trái phiếu tại nước ngoài
31b7de8accf7f2766271a9176c3602d6736f22b8,155/2020/nđ-cp+70,155/2020/nđ-cp,Điều 70. Chào bán trái phiếu tại nước ngoài
31c07792b6ed090308d14dd8612c28c2e6a6e4bb,155/2020/nd-cp+192,155/2020/nd-cp,"Điều 192. Điều kiện thành lập văn phòng đại diện trong nước của công ty chứng khoán, công ty quản lý quỹ đầu tư chứng khoán"
31c07792b6ed090308d14dd8612c28c2e6a6e4bb,155/2020/nđ-cp+192,155/2020/nđ-cp,"Điều 192. Điều kiện thành lập văn phòng đại diện trong nước của công ty chứng khoán, công ty quản lý quỹ đầu tư chứng khoán"
320130b2b1fd61b4eb54f509e9f8e97241aa9243,146/2018/nð-cp+22,146/2018/nð-cp,"Điều 22. Sửa đổi, bổ sung hợp đồng"
320130b2b1fd61b4eb54f509e9f8e97241aa9243,146/2018/nđ-cp+22,146/2018/nđ-cp,"Điều 22. Sửa đổi, bổ sung hợp đồng"
32109f2f1d4cc5e4dea0c40e8a0dd83ffcc55571,155/2020/nd-cp+141,155/2020/nd-cp,Điều 141. Trách nhiệm thông báo về tỷ lệ sở hữu nước ngoài tối đa của công ty đại chúng
32109f2f1d4cc5e4dea0c40e8a0dd83ffcc55571,155/2020/nđ-cp+141,155/2020/nđ-cp,Điều 141. Trách nhiệm thông báo về tỷ lệ sở hữu nước ngoài tối đa của công ty đại chúng
32704069a355a516869a12d17126bb69e55919a5,102/2017/nð-cp+2,102/2017/nð-cp,Điều 2. Đối tượng áp dụng
32704069a355a516869a12d17126bb69e55919a5,102/2017/nđ-cp+2,102/2017/nđ-cp,Điều 2. Đối tượng áp dụng
32968135751105c73186a785e8d2f253eb41303a,146/2018/nð-cp+2,146/2018/nð-cp,Điều 2. Nhóm do cơ quan bảo hiểm xã hội đóng
32968135751105c73186a785e8d2f253eb41303a,146/2018/nđ-cp+2,146/2018/nđ-cp,Điều 2. Nhóm do cơ quan bảo hiểm xã hội đóng
32bf93abbbe06c468ea1419ade29335d787e0da6,155/2020/nd-cp+186,155/2020/nd-cp,"Điều 186. Trình tự thủ tục cấp, điều chỉnh Giấy phép thành lập và hoạt động kinh doanh chứng khoán và Giấy chứng nhận đăng ký hoạt động"
32bf93abbbe06c468ea1419ade29335d787e0da6,155/2020/nđ-cp+186,155/2020/nđ-cp,"Điều 186. Trình tự thủ tục cấp, điều chỉnh Giấy phép thành lập và hoạt động kinh doanh chứng khoán và Giấy chứng nhận đăng ký hoạt động"
32c6afcc80aef95ae5b46ab02607b6be4c3e204f,63/2019/nđ-+56,63/2019/nđ-,"Điều 56. Hành vi lập hồ sơ, chứng từ giả mạo để chi ngân sách nhà nước nhưng chưa đến mức truy cứu trách nhiệm hình sự"
32c6afcc80aef95ae5b46ab02607b6be4c3e204f,63/2019/nđ-cp+56,63/2019/nđ-cp,"Điều 56. Hành vi lập hồ sơ, chứng từ giả mạo để chi ngân sách nhà nước nhưng chưa đến mức truy cứu trách nhiệm hình sự"
32f8c374087173985a5a91bd079575aa042cea28,155/2020/nd-cp+163,155/2020/nd-cp,Điều 163. Thu hồi Giấy chứng nhận thành viên bù trừ
32f8c374087173985a5a91bd079575aa042cea28,155/2020/nđ-cp+163,155/2020/nđ-cp,Điều 163. Thu hồi Giấy chứng nhận thành viên bù trừ
3334afa5bcd71a9e547c3b3ac03110c26ef0f376,63/2019/nđ-+37,63/2019/nđ-,"Điều 37. Thẩm quyền lập biên bản vi phạm hành chính trong lĩnh vực thực hành tiết kiệm, chống lãng phí"
3334afa5bcd71a9e547c3b3ac03110c26ef0f376,63/2019/nđ-cp+37,63/2019/nđ-cp,"Điều 37. Thẩm quyền lập biên bản vi phạm hành chính trong lĩnh vực thực hành tiết kiệm, chống lãng phí"
3336eefd9d63a5c842f0c08ad0d328276cef5898,63/2019/nđ-+50,63/2019/nđ-,Điều 50. Thẩm quyền lập biên bản vi phạm hành chính trong lĩnh vực dự trữ quốc gia
3336eefd9d63a5c842f0c08ad0d328276cef5898,63/2019/nđ-cp+50,63/2019/nđ-cp,Điều 50. Thẩm quyền lập biên bản vi phạm hành chính trong lĩnh vực dự trữ quốc gia
3355b241a8d89fcdf19f4c0aed2acbf9615ded6a,05/2017/tt-bxd+2,05/2017/tt-bxd,Điều 2. Đối tượng áp dụng
3355b241a8d89fcdf19f4c0aed2acbf9615ded6a,20/2019/tt-bxd+2,20/2019/tt-bxd,Điều 2. Đối tượng áp dụng
33f536cb83bc5846df9542343d563d5af925e14a,84/2019/nđ-+28,84/2019/nđ-,Điều 28. Hiệu lực thi hành
33f536cb83bc5846df9542343d563d5af925e14a,84/2019/nđ-cp+28,84/2019/nđ-cp,Điều 28. Hiệu lực thi hành
34294422b6d098f09158443b9f5f9529eae9cd33,03/2017/tt-blđtbxh+2,03/2017/tt-blđtbxh,Điều 2. Đối tượng áp dụng
34294422b6d098f09158443b9f5f9529eae9cd33,12/2017/tt-blđtbxh+2,12/2017/tt-blđtbxh,Điều 2. Đối tượng áp dụng
3430fc7eea9c1bf8408f2e817bec47dc5eae2f53,26/2014/ttlt-btc-bct+2,26/2014/ttlt-btc-bct,Điều 2. Đối tượng áp dụng
3430fc7eea9c1bf8408f2e817bec47dc5eae2f53,28/2018/tt-btc+2,28/2018/tt-btc,Điều 2. Đối tượng áp dụng
344be8b580f775f957324e629c28dc000cfb2481,155/2020/nd-cp+290,155/2020/nd-cp,Điều 290. Báo cáo hoạt động của Ban kiểm soát tại cuộc họp Đại hội đồng cổ đông thường niên
344be8b580f775f957324e629c28dc000cfb2481,155/2020/nđ-cp+290,155/2020/nđ-cp,Điều 290. Báo cáo hoạt động của Ban kiểm soát tại cuộc họp Đại hội đồng cổ đông thường niên
3459653efb57e4f21c0dd09c3d523c78a2387e5d,19/2019/nđ+19,19/2019/nđ,Điều 19. Thứ tự lĩnh họ trong họ không có lãi
3459653efb57e4f21c0dd09c3d523c78a2387e5d,19/2019/nđ-cp+19,19/2019/nđ-cp,Điều 19. Thứ tự lĩnh họ trong họ không có lãi
34feb0dce8e0ee05da1f0fdecd7788650693efa4,63/2019/nđ-+53,63/2019/nđ-,"Điều 53. Thẩm quyền xử phạt của Cục trưởng Cục Dự trữ Nhà nước khu vực, Tổng cục trưởng Tổng cục Dự trữ Nhà nước"
34feb0dce8e0ee05da1f0fdecd7788650693efa4,63/2019/nđ-cp+53,63/2019/nđ-cp,"Điều 53. Thẩm quyền xử phạt của Cục trưởng Cục Dự trữ Nhà nước khu vực, Tổng cục trưởng Tổng cục Dự trữ Nhà nước"
35e3f42ec2a239b689f5964bd2c9d3a37d4200ec,160/2018/nđ-cp+6,160/2018/nđ-cp,Điều 6. Cấp độ rủi ro thiên tai
35e3f42ec2a239b689f5964bd2c9d3a37d4200ec,66/2014/nđ-cp+6,66/2014/nđ-cp,Điều 6. Cấp độ rủi ro thiên tai
36101550fcd5f157631cb6f38fba71569cc1d833,77/2016/ttlt-btc-bkhcn+9,77/2016/ttlt-btc-bkhcn,Điều 9. Nguyên tắc hoạt động của Cổng thông tin một cửa quốc gia
36101550fcd5f157631cb6f38fba71569cc1d833,80/2016/ttlt-btc-btttt+9,80/2016/ttlt-btc-btttt,Điều 9. Nguyên tắc hoạt động của Cổng thông tin một cửa quốc gia
3694dcaf13c7f66e5f6bfcb17d17e2d40ca680ed,155/2020/nd-cp+106,155/2020/nd-cp,"Điều 106. Hủy bỏ bắt buộc tư cách thành viên giao dịch, thành viên giao dịch đặc biệt"
3694dcaf13c7f66e5f6bfcb17d17e2d40ca680ed,155/2020/nđ-cp+106,155/2020/nđ-cp,"Điều 106. Hủy bỏ bắt buộc tư cách thành viên giao dịch, thành viên giao dịch đặc biệt"
378880795bac80e07dfe4de8c08d5011a9d67a4c,155/2020/nd-cp+76,155/2020/nd-cp,Điều 76. Hồ sơ đăng ký hỗ trợ phát hành chứng chỉ lưu ký tại nước ngoài trên cơ sở số cổ phiếu đang lưu hành tại Việt Nam
378880795bac80e07dfe4de8c08d5011a9d67a4c,155/2020/nđ-cp+76,155/2020/nđ-cp,Điều 76. Hồ sơ đăng ký hỗ trợ phát hành chứng chỉ lưu ký tại nước ngoài trên cơ sở số cổ phiếu đang lưu hành tại Việt Nam
37a0eabcc20f526576048f5150b4bf8b6874857b,84/2019/nđ-+14,84/2019/nđ-,Điều 14. Hồ sơ cấp Giấy chứng nhận đủ điều kiện sản xuất phân bón
37a0eabcc20f526576048f5150b4bf8b6874857b,84/2019/nđ-cp+14,84/2019/nđ-cp,Điều 14. Hồ sơ cấp Giấy chứng nhận đủ điều kiện sản xuất phân bón
387e78314a603b5bb99c6e6c263dead728c8d973,155/2020/nd-cp+38,155/2020/nd-cp,Điều 38. Hồ sơ đăng ký chào bán trái phiếu ra công chúng tại Việt Nam của doanh nghiệp thành lập và hoạt động theo pháp luật nước ngoài
387e78314a603b5bb99c6e6c263dead728c8d973,155/2020/nđ-cp+38,155/2020/nđ-cp,Điều 38. Hồ sơ đăng ký chào bán trái phiếu ra công chúng tại Việt Nam của doanh nghiệp thành lập và hoạt động theo pháp luật nước ngoài
3893dbbd1c8cbe3589efb4cd46152bc266b82cbd,84/2019/nđ-+24,84/2019/nđ-,"Điều 24. Hồ sơ, trình tự, thủ tục, thẩm quyền xác nhận nội dung quảng cáo phân bón"
3893dbbd1c8cbe3589efb4cd46152bc266b82cbd,84/2019/nđ-cp+24,84/2019/nđ-cp,"Điều 24. Hồ sơ, trình tự, thủ tục, thẩm quyền xác nhận nội dung quảng cáo phân bón"
38d5759e205ce103d9dfeb47252a9312d312f200,63/2019/nđ-+23,63/2019/nđ-,Điều 23. Hành vi vi phạm quy định về việc đăng nhập và sử dụng số liệu về tài sản được xác lập quyền sở hữu toàn dân
38d5759e205ce103d9dfeb47252a9312d312f200,63/2019/nđ-cp+23,63/2019/nđ-cp,Điều 23. Hành vi vi phạm quy định về việc đăng nhập và sử dụng số liệu về tài sản được xác lập quyền sở hữu toàn dân
39519e48af7f519c4f64ccf493be236e754b1e0d,91/2019/nd-cp+3,91/2019/nd-cp,Điều 3. Giải thích từ ngữ
39519e48af7f519c4f64ccf493be236e754b1e0d,91/2019/nđ-cp+3,91/2019/nđ-cp,Điều 3. Giải thích từ ngữ
39a3949ed5510a8dc42ef23e692e01a267745f57,155/2020/nd-cp+221,155/2020/nd-cp,Điều 221. Thu hồi Giấy chứng nhận đăng ký hoạt động phân phối chứng chỉ quỹ
39a3949ed5510a8dc42ef23e692e01a267745f57,155/2020/nđ-cp+221,155/2020/nđ-cp,Điều 221. Thu hồi Giấy chứng nhận đăng ký hoạt động phân phối chứng chỉ quỹ
39d1d2ea3e71af9c00e9f39a53a938ce1cc04d01,155/2020/nd-cp+56,155/2020/nd-cp,"Điều 56. Hồ sơ đăng ký phát hành cổ phiếu để hoán đổi theo hợp đồng hợp nhất, sáp nhập"
39d1d2ea3e71af9c00e9f39a53a938ce1cc04d01,155/2020/nđ-cp+56,155/2020/nđ-cp,"Điều 56. Hồ sơ đăng ký phát hành cổ phiếu để hoán đổi theo hợp đồng hợp nhất, sáp nhập"
39dcbdc65c956774afd65d585e0bdb787292cf57,155/2020/nd-cp+237,155/2020/nd-cp,"Điều 237. Hồ sơ thay đổi thời hạn hoạt động, thay đổi ngân hàng giám sát, thay đổi tên quỹ, công ty quản lý quỹ đầu tư chứng khoán của quỹ đóng"
39dcbdc65c956774afd65d585e0bdb787292cf57,155/2020/nđ-cp+237,155/2020/nđ-cp,"Điều 237. Hồ sơ thay đổi thời hạn hoạt động, thay đổi ngân hàng giám sát, thay đổi tên quỹ, công ty quản lý quỹ đầu tư chứng khoán của quỹ đóng"
3ace14a6abdf1208c191acfe19e676c45b9b3fa5,155/2020/nd-cp+125,155/2020/nd-cp,Điều 125. Hủy bỏ niêm yết
3ace14a6abdf1208c191acfe19e676c45b9b3fa5,155/2020/nđ-cp+125,155/2020/nđ-cp,Điều 125. Hủy bỏ niêm yết
3b3400fe328a369d37fd6e4fcc6ab57668c0deb3,102/2017/nð-cp+39,102/2017/nð-cp,"Điều 39. Hồ sơ đăng ký thế chấp quyền sử dụng đất, tài sản gắn liền với đất"
3b3400fe328a369d37fd6e4fcc6ab57668c0deb3,102/2017/nđ-cp+39,102/2017/nđ-cp,"Điều 39. Hồ sơ đăng ký thế chấp quyền sử dụng đất, tài sản gắn liền với đất"
3b5d08191dc67e543d0b8da8f7acdba43ba565af,155/2020/nd-cp+208,155/2020/nd-cp,"Điều 208. Điều kiện tạm ngừng hoạt động công ty chứng khoán, công ty quản lý quỹ đầu tư chứng khoán, chi nhánh công ty chứng khoán, công ty quản lý quỹ nước ngoài tại Việt Nam"
3b5d08191dc67e543d0b8da8f7acdba43ba565af,155/2020/nđ-cp+208,155/2020/nđ-cp,"Điều 208. Điều kiện tạm ngừng hoạt động công ty chứng khoán, công ty quản lý quỹ đầu tư chứng khoán, chi nhánh công ty chứng khoán, công ty quản lý quỹ nước ngoài tại Việt Nam"
3b73ffba6da3fc8f60f558f9b8c813c33d736fbc,102/2017/nð-cp+66,102/2017/nð-cp,"Điều 66. Nhiệm vụ, quyền hạn của các cơ quan trong quản lý nhà nước về đăng ký biện pháp bảo đảm"
3b73ffba6da3fc8f60f558f9b8c813c33d736fbc,102/2017/nđ-cp+66,102/2017/nđ-cp,"Điều 66. Nhiệm vụ, quyền hạn của các cơ quan trong quản lý nhà nước về đăng ký biện pháp bảo đảm"
3b8d8ab5b5729b6832081f88d79d2241dd03a569,155/2020/nd-cp+28,155/2020/nd-cp,Điều 28. Điều kiện chào bán chứng khoán ra công chúng cho nhiều đợt chào bán
3b8d8ab5b5729b6832081f88d79d2241dd03a569,155/2020/nđ-cp+28,155/2020/nđ-cp,Điều 28. Điều kiện chào bán chứng khoán ra công chúng cho nhiều đợt chào bán
3b91805baee1a17d95f36323b83bf64c7b60a37b,155/2020/nd-cp+179,155/2020/nd-cp,Điều 179. Hồ sơ đề nghị bổ sung nghiệp vụ kinh doanh chứng khoán của công ty chứng khoán
3b91805baee1a17d95f36323b83bf64c7b60a37b,155/2020/nđ-cp+179,155/2020/nđ-cp,Điều 179. Hồ sơ đề nghị bổ sung nghiệp vụ kinh doanh chứng khoán của công ty chứng khoán
3ba4dac12ec4657f5063d687d72c15fc378f6855,146/2018/nð-cp+1,146/2018/nð-cp,Điều 1. Nhóm do người lao động và người sử dụng lao động đóng
3ba4dac12ec4657f5063d687d72c15fc378f6855,146/2018/nđ-cp+1,146/2018/nđ-cp,Điều 1. Nhóm do người lao động và người sử dụng lao động đóng
3ba966c42f139c1e5ac3bab80bdc99a35cb8c755,155/2020/nd-cp+103,155/2020/nd-cp,"Điều 103. Tự nguyện hủy bỏ tư cách thành viên giao dịch, thành viên giao dịch đặc biệt, Kho bạc Nhà nước tự nguyện hủy bỏ tham gia giao dịch công cụ nợ"
3ba966c42f139c1e5ac3bab80bdc99a35cb8c755,155/2020/nđ-cp+103,155/2020/nđ-cp,"Điều 103. Tự nguyện hủy bỏ tư cách thành viên giao dịch, thành viên giao dịch đặc biệt, Kho bạc Nhà nước tự nguyện hủy bỏ tham gia giao dịch công cụ nợ"
3bde2c0f6235aae7fdac9104469026f6a77656ac,63/2019/nđ-+62,63/2019/nđ-,Điều 62. Thẩm quyền lập biên bản vi phạm hành chính trong lĩnh vực kho bạc nhà nước
3bde2c0f6235aae7fdac9104469026f6a77656ac,63/2019/nđ-cp+62,63/2019/nđ-cp,Điều 62. Thẩm quyền lập biên bản vi phạm hành chính trong lĩnh vực kho bạc nhà nước
3cb06a247fbbad9348b4478d202f4824282a755f,155/2020/nd-cp+280,155/2020/nd-cp,Điều 280. Báo cáo hoạt động của Hội đồng quản trị tại cuộc họp Đại hội đồng cổ đông thường niên
3cb06a247fbbad9348b4478d202f4824282a755f,155/2020/nđ-cp+280,155/2020/nđ-cp,Điều 280. Báo cáo hoạt động của Hội đồng quản trị tại cuộc họp Đại hội đồng cổ đông thường niên
3d9b494db678324b11939061eb2cf0d494319744,102/2017/nð-cp+37,102/2017/nð-cp,Điều 37. Hồ sơ xóa đăng ký biện pháp bảo đảm bằng tàu biển
3d9b494db678324b11939061eb2cf0d494319744,102/2017/nđ-cp+37,102/2017/nđ-cp,Điều 37. Hồ sơ xóa đăng ký biện pháp bảo đảm bằng tàu biển
3dfd10f0aa5085b79b73523ee0ead2c672ec8e31,155/2020/nd-cp+75,155/2020/nd-cp,Điều 75. Điều kiện đăng ký hỗ trợ phát hành chứng chỉ lưu ký tại nước ngoài trên cơ sở số cổ phiếu đang lưu hành tại Việt Nam
3dfd10f0aa5085b79b73523ee0ead2c672ec8e31,155/2020/nđ-cp+75,155/2020/nđ-cp,Điều 75. Điều kiện đăng ký hỗ trợ phát hành chứng chỉ lưu ký tại nước ngoài trên cơ sở số cổ phiếu đang lưu hành tại Việt Nam
3e75bbe910ee5f65332be6c5b78c4a05c3b1c822,102/2017/nð-cp+14,102/2017/nð-cp,Điều 14. Tiếp nhận hồ sơ đăng ký biện pháp bảo đảm
3e75bbe910ee5f65332be6c5b78c4a05c3b1c822,102/2017/nđ-cp+14,102/2017/nđ-cp,Điều 14. Tiếp nhận hồ sơ đăng ký biện pháp bảo đảm
3eaccafc058ed05cd8ccd579a470b9dee36b6024,91/2019/nd-cp+5,91/2019/nd-cp,"Điều 5. Hình thức xử phạt, biện pháp khắc phục hậu quả"
3eaccafc058ed05cd8ccd579a470b9dee36b6024,91/2019/nđ-cp+5,91/2019/nđ-cp,"Điều 5. Hình thức xử phạt, biện pháp khắc phục hậu quả"
3eaced9a9a031631b0189fbe0dd4c47a1b4f660e,91/2019/nd-cp+2,91/2019/nd-cp,Điều 2. Đối tượng áp dụng
3eaced9a9a031631b0189fbe0dd4c47a1b4f660e,91/2019/nđ-cp+2,91/2019/nđ-cp,Điều 2. Đối tượng áp dụng
3efedc29d3748f3300268012599f5b1295bc2b2b,155/2020/nd-cp+242,155/2020/nd-cp,"Điều 242. Hồ sơ đăng ký lập quỹ, thay đổi ngân hàng giám sát, thay đổi tên quỹ, công ty quản lý quỹ đầu tư chứng khoán của quỹ mở"
3efedc29d3748f3300268012599f5b1295bc2b2b,155/2020/nđ-cp+242,155/2020/nđ-cp,"Điều 242. Hồ sơ đăng ký lập quỹ, thay đổi ngân hàng giám sát, thay đổi tên quỹ, công ty quản lý quỹ đầu tư chứng khoán của quỹ mở"
3f30044b1c751d2dbd0b8e4a7b43d80a9c44488b,24/2020/nd-cp+15,24/2020/nd-cp,"Điều 15. Trách nhiệm chung trong quản lý nhà nước về phòng, chống tác hại của rượu, bia của bộ, cơ quan ngang bộ, cơ quan thuộc Chính phủ"
3f30044b1c751d2dbd0b8e4a7b43d80a9c44488b,24/2020/nđ-cp+15,24/2020/nđ-cp,"Điều 15. Trách nhiệm chung trong quản lý nhà nước về phòng, chống tác hại của rượu, bia của bộ, cơ quan ngang bộ, cơ quan thuộc Chính phủ"
3f37b3510e1d4fc35d52138b80b5d9e757656c9c,102/2017/nð-cp+65,102/2017/nð-cp,Điều 65. Nội dung quản lý nhà nước về đăng ký biện pháp bảo đảm
3f37b3510e1d4fc35d52138b80b5d9e757656c9c,102/2017/nđ-cp+65,102/2017/nđ-cp,Điều 65. Nội dung quản lý nhà nước về đăng ký biện pháp bảo đảm
3f37fb3eea757dc89560b379e0af131f38606a40,91/2019/nd-cp+22,91/2019/nd-cp,"Điều 22. Chuyển nhượng quyền sử dụng đất gắn với chuyển nhượng một phần hoặc toàn bộ dự án đầu tư mà không đủ điều kiện theo quy định tại Điều 42 và Điều 42a của Nghị định số 43/2014/NĐ-CP được sửa đổi, bổ sung tại khoản 26 Điều 2 của Nghị định số 01/2017/NĐ-CP"
3f37fb3eea757dc89560b379e0af131f38606a40,91/2019/nđ-cp+22,91/2019/nđ-cp,"Điều 22. Chuyển nhượng quyền sử dụng đất gắn với chuyển nhượng một phần hoặc toàn bộ dự án đầu tư mà không đủ điều kiện theo quy định tại Điều 42 và Điều 42a của Nghị định số 43/2014/NĐ-CP được sửa đổi, bổ sung tại khoản 26 Điều 2 của Nghị định số 01/2017/NĐ-CP"
3f52e2c82fd2303d97ba7b48f0068b42fbac7c88,220/2013/nđ-cp+12,220/2013/nđ-cp,Điều 12. Thẩm quyền giải quyết tố cáo trong quản lý nhà nước về quốc phòng
3f52e2c82fd2303d97ba7b48f0068b42fbac7c88,28/2019/nđ-cp+12,28/2019/nđ-cp,Điều 12. Thẩm quyền giải quyết tố cáo trong quản lý nhà nước về quốc phòng
3f9cd8c3642ebd3cfb0c530e4a02ef13cd02f20e,155/2020/nd-cp+109,155/2020/nd-cp,Điều 109. Điều kiện niêm yết cổ phiếu
3f9cd8c3642ebd3cfb0c530e4a02ef13cd02f20e,155/2020/nđ-cp+109,155/2020/nđ-cp,Điều 109. Điều kiện niêm yết cổ phiếu
400f36b9c4f54173dc11bcc5d88f92ada03a5e97,03/2021/tt-bgddt+11,03/2021/tt-bgddt,Điều 11. Tổ chức thực hiện
400f36b9c4f54173dc11bcc5d88f92ada03a5e97,03/2021/tt-bgdđt+11,03/2021/tt-bgdđt,Điều 11. Tổ chức thực hiện
403e0e4c0d2accade480c3cad3221ff80d0ec11e,155/2020/nd-cp+61,155/2020/nd-cp,Điều 61. Tài liệu báo cáo phát hành cổ phiếu để trả cổ tức của công ty đại chúng
403e0e4c0d2accade480c3cad3221ff80d0ec11e,155/2020/nđ-cp+61,155/2020/nđ-cp,Điều 61. Tài liệu báo cáo phát hành cổ phiếu để trả cổ tức của công ty đại chúng
4064d418d7bbe1bdbc1bd2615dfe272f740dc275,09/2014/ttlt-btp-tandtc-vksndtc+4,09/2014/ttlt-btp-tandtc-vksndtc,Điều 4. Ký hợp đồng dịch vụ tống đạt
4064d418d7bbe1bdbc1bd2615dfe272f740dc275,09/2014/ttlt-btp-tandtc-vksndtc-btc+4,09/2014/ttlt-btp-tandtc-vksndtc-btc,Điều 4. Ký hợp đồng dịch vụ tống đạt
407b4749e3f3878fb59252a3b51acaa1d8c92d33,102/2017/nð-cp+43,102/2017/nð-cp,"Điều 43. Hồ sơ đăng ký thay đổi nội dung biện pháp bảo đảm bằng quyền sử dụng đất, tài sản gắn liền với đất đã đăng ký"
407b4749e3f3878fb59252a3b51acaa1d8c92d33,102/2017/nđ-cp+43,102/2017/nđ-cp,"Điều 43. Hồ sơ đăng ký thay đổi nội dung biện pháp bảo đảm bằng quyền sử dụng đất, tài sản gắn liền với đất đã đăng ký"
40e17b50773d7a2dad657f342a9c050e343e82f7,63/2019/nđ-+46,63/2019/nđ-,Điều 46. Hành vi vi phạm quy định về tiếp nhận hàng dự trữ quốc gia nhưng chưa đến mức truy cứu trách nhiệm hình sự
40e17b50773d7a2dad657f342a9c050e343e82f7,63/2019/nđ-cp+46,63/2019/nđ-cp,Điều 46. Hành vi vi phạm quy định về tiếp nhận hàng dự trữ quốc gia nhưng chưa đến mức truy cứu trách nhiệm hình sự
40ff20c017c1771e2b5a85aa90fc93bc22275953,155/2020/nd-cp+148,155/2020/nd-cp,Điều 148. Thay đổi thông tin liên quan đến mã số giao dịch chứng khoán phải báo cáo Tổng công ty lưu ký và bù trừ chứng khoán Việt Nam
40ff20c017c1771e2b5a85aa90fc93bc22275953,155/2020/nđ-cp+148,155/2020/nđ-cp,Điều 148. Thay đổi thông tin liên quan đến mã số giao dịch chứng khoán phải báo cáo Tổng công ty lưu ký và bù trừ chứng khoán Việt Nam
4124f6f6ec8ff3bad26022f5487642ab815835f6,63/2019/nđ-+14,63/2019/nđ-,"Điều 14. Hành vi vi phạm hành chính đối với các quy định về không thực hiện bảo dưỡng, sửa chữa tài sản theo quy định của pháp luật"
4124f6f6ec8ff3bad26022f5487642ab815835f6,63/2019/nđ-cp+14,63/2019/nđ-cp,"Điều 14. Hành vi vi phạm hành chính đối với các quy định về không thực hiện bảo dưỡng, sửa chữa tài sản theo quy định của pháp luật"
412bb89db89fb9139c98903f02d35d9c8661c03b,23/2018/qh14+2,23/2018/qh14,Điều 2. Đối tượng áp dụng
412bb89db89fb9139c98903f02d35d9c8661c03b,75/2019/nđ-cp+2,75/2019/nđ-cp,Điều 2. Đối tượng áp dụng
4142c2936b9bf9c61d1cec1e4279d5f72c69f90e,102/2017/nð-cp+32,102/2017/nð-cp,Điều 32. Hồ sơ đăng ký thế chấp tàu biển
4142c2936b9bf9c61d1cec1e4279d5f72c69f90e,102/2017/nđ-cp+32,102/2017/nđ-cp,Điều 32. Hồ sơ đăng ký thế chấp tàu biển
4169c8a5c55f6aafde2e6668d2a2a90d2a5a6b3d,146/2018/nð-cp+12,146/2018/nð-cp,Điều 12. Thẻ bảo hiểm y tế
4169c8a5c55f6aafde2e6668d2a2a90d2a5a6b3d,146/2018/nđ-cp+12,146/2018/nđ-cp,Điều 12. Thẻ bảo hiểm y tế
41827c88bd8a897421a6a3eb4176ea3d4bb70a22,155/2020/nd-cp+288,155/2020/nd-cp,Điều 288. Quyền và nghĩa vụ của Ban kiểm soát
41827c88bd8a897421a6a3eb4176ea3d4bb70a22,155/2020/nđ-cp+288,155/2020/nđ-cp,Điều 288. Quyền và nghĩa vụ của Ban kiểm soát
420615187f837385db071b78b694f4393b75f630,09/2014/ttlt-btp-tandtc-vksndtc+21,09/2014/ttlt-btp-tandtc-vksndtc,"Điều 21. Phạm vi, thẩm quyền kiểm sát hoạt động của Thừa phát lại"
420615187f837385db071b78b694f4393b75f630,09/2014/ttlt-btp-tandtc-vksndtc-btc+21,09/2014/ttlt-btp-tandtc-vksndtc-btc,"Điều 21. Phạm vi, thẩm quyền kiểm sát hoạt động của Thừa phát lại"
429002a671c4403161d687c637265748b54bc6db,155/2020/nd-cp+137,155/2020/nd-cp,Điều 137. Hủy đăng ký giao dịch
429002a671c4403161d687c637265748b54bc6db,155/2020/nđ-cp+137,155/2020/nđ-cp,Điều 137. Hủy đăng ký giao dịch
42dd2053f76adab9229796039f04c4b595d9c135,155/2020/nd-cp+200,155/2020/nd-cp,"Điều 200. Điều kiện công ty chứng khoán được phối hợp với các tổ chức tín dụng cung cấp dịch vụ cho khách hàng vay tiền mua chứng khoán, ứng trước tiền bán chứng khoán"
42dd2053f76adab9229796039f04c4b595d9c135,155/2020/nđ-cp+200,155/2020/nđ-cp,"Điều 200. Điều kiện công ty chứng khoán được phối hợp với các tổ chức tín dụng cung cấp dịch vụ cho khách hàng vay tiền mua chứng khoán, ứng trước tiền bán chứng khoán"
431e54d646044b6b3fd69021111af5935f2d4345,155/2020/nd-cp+4,155/2020/nd-cp,Điều 4. Xác định tư cách nhà đầu tư chứng khoán chuyên nghiệp
431e54d646044b6b3fd69021111af5935f2d4345,155/2020/nđ-cp+4,155/2020/nđ-cp,Điều 4. Xác định tư cách nhà đầu tư chứng khoán chuyên nghiệp
43e112a060c49143fc9e9f4c1b964e0d4eb34cc1,155/2020/nd-cp+228,155/2020/nd-cp,"Điều 228. Hồ sơ thay đổi tên quỹ, công ty quản lý quỹ đầu tư chứng khoán"
43e112a060c49143fc9e9f4c1b964e0d4eb34cc1,155/2020/nđ-cp+228,155/2020/nđ-cp,"Điều 228. Hồ sơ thay đổi tên quỹ, công ty quản lý quỹ đầu tư chứng khoán"
447cbf39ae88b04dc8241988d42d300fff724d2d,155/2020/nd-cp+146,155/2020/nd-cp,Điều 146. Đăng ký mã số giao dịch chứng khoán
447cbf39ae88b04dc8241988d42d300fff724d2d,155/2020/nđ-cp+146,155/2020/nđ-cp,Điều 146. Đăng ký mã số giao dịch chứng khoán
44c3a040e33ba73aaaa28a319fdcbb9deb2a9135,84/2019/nđ-+16,84/2019/nđ-,"Điều 16. Hồ sơ cấp lại Giấy chứng nhận đủ điều kiện sản xuất phân bón, Giấy chứng nhận đủ điều kiện buôn bán phân bón"
44c3a040e33ba73aaaa28a319fdcbb9deb2a9135,84/2019/nđ-cp+16,84/2019/nđ-cp,"Điều 16. Hồ sơ cấp lại Giấy chứng nhận đủ điều kiện sản xuất phân bón, Giấy chứng nhận đủ điều kiện buôn bán phân bón"
44cf95287940b452dcccf19d7d57db27ebfd2e19,146/2018/nð-cp+26,146/2018/nð-cp,Điều 26. Thanh toán chi phí vận chuyển người bệnh
44cf95287940b452dcccf19d7d57db27ebfd2e19,146/2018/nđ-cp+26,146/2018/nđ-cp,Điều 26. Thanh toán chi phí vận chuyển người bệnh
44e22f811524d5d7aa494633c95b7ecd5f6bc037,155/2020/nd-cp+253,155/2020/nd-cp,Điều 253. Hồ sơ đăng ký chào bán chứng chỉ quỹ hoán đổi danh mục lần đầu ra công chúng
44e22f811524d5d7aa494633c95b7ecd5f6bc037,155/2020/nđ-cp+253,155/2020/nđ-cp,Điều 253. Hồ sơ đăng ký chào bán chứng chỉ quỹ hoán đổi danh mục lần đầu ra công chúng
4653de84deaf32595b3e8981941cd8aafad90b75,155/2020/nd-cp+102,155/2020/nd-cp,"Điều 102. Điều kiện, hồ sơ, trình tự, thủ tục đăng ký thành viên giao dịch của công ty chứng khoán hình thành sau hợp nhất, sáp nhập"
4653de84deaf32595b3e8981941cd8aafad90b75,155/2020/nđ-cp+102,155/2020/nđ-cp,"Điều 102. Điều kiện, hồ sơ, trình tự, thủ tục đăng ký thành viên giao dịch của công ty chứng khoán hình thành sau hợp nhất, sáp nhập"
46986ddc947b67ae5d389612875ba433903d6148,155/2020/nd-cp+268,155/2020/nd-cp,"Điều 268. Hồ sơ, trình tự giải thể công ty đầu tư chứng khoán"
46986ddc947b67ae5d389612875ba433903d6148,155/2020/nđ-cp+268,155/2020/nđ-cp,"Điều 268. Hồ sơ, trình tự giải thể công ty đầu tư chứng khoán"
46f6d8f3a65eb474fc1149f6dc7641dac07c1819,155/2020/nd-cp+225,155/2020/nd-cp,"Điều 225. Hồ sơ tăng, giảm vốn điều lệ quỹ thành viên"
46f6d8f3a65eb474fc1149f6dc7641dac07c1819,155/2020/nđ-cp+225,155/2020/nđ-cp,"Điều 225. Hồ sơ tăng, giảm vốn điều lệ quỹ thành viên"
475865fcc4e8cc8863e8f6074d9485c828f2661e,03/2021/tt-bgddt+3,03/2021/tt-bgddt,Điều 3. Giáo viên trung học cơ sở hạng III - Mã số V.07.04.32
475865fcc4e8cc8863e8f6074d9485c828f2661e,03/2021/tt-bgdđt+3,03/2021/tt-bgdđt,Điều 3. Giáo viên trung học cơ sở hạng III - Mã số V.07.04.32
4799b8a103b1626f78970bd46c2602ed7a3ab137,146/2018/nð-cp+36,146/2018/nð-cp,Điều 36. Lập kế hoạch tài chính và quyết toán
4799b8a103b1626f78970bd46c2602ed7a3ab137,146/2018/nđ-cp+36,146/2018/nđ-cp,Điều 36. Lập kế hoạch tài chính và quyết toán
480f474b6273dcef731a96d7e941b6ff11e53fb2,91/2019/nd-cp+14,91/2019/nd-cp,"Điều 14. Lấn, chiếm đất"
480f474b6273dcef731a96d7e941b6ff11e53fb2,91/2019/nđ-cp+14,91/2019/nđ-cp,"Điều 14. Lấn, chiếm đất"
481a3686e7fa533c200304ea02907ee29213b278,155/2020/nd-cp+175,155/2020/nd-cp,Điều 175. Vốn điều lệ tối thiểu
481a3686e7fa533c200304ea02907ee29213b278,155/2020/nđ-cp+175,155/2020/nđ-cp,Điều 175. Vốn điều lệ tối thiểu
48aaa349090bebf4895f70708053ab76ac11694d,155/2020/nd-cp+155,155/2020/nd-cp,"Điều 155. Hồ sơ, trình tự, thủ tục chấm dứt hoạt động cung cấp dịch vụ bù trừ, thanh toán giao dịch chứng khoán tự nguyện"
48aaa349090bebf4895f70708053ab76ac11694d,155/2020/nđ-cp+155,155/2020/nđ-cp,"Điều 155. Hồ sơ, trình tự, thủ tục chấm dứt hoạt động cung cấp dịch vụ bù trừ, thanh toán giao dịch chứng khoán tự nguyện"
48cb6b0cbaabcac1c11f5d54b1184a4a15a4a0c6,06/2011/tt-bgtvt+6,06/2011/tt-bgtvt,Điều 6. Chương trình bồi dưỡng kiến thức pháp luật về giao thông đường bộ
48cb6b0cbaabcac1c11f5d54b1184a4a15a4a0c6,216/2011/tt-bqp+6,216/2011/tt-bqp,Điều 6. Chương trình bồi dưỡng kiến thức pháp luật về giao thông đường bộ
48d0e90053eccf9bf768c7a39a6dccf182b1a0cf,91/2019/nd-cp+39,91/2019/nd-cp,Điều 39. Thẩm quyền của thanh tra chuyên ngành
48d0e90053eccf9bf768c7a39a6dccf182b1a0cf,91/2019/nđ-cp+39,91/2019/nđ-cp,Điều 39. Thẩm quyền của thanh tra chuyên ngành
4959e2be6678f367d2923cf8793e03f5103010ea,155/2020/nd-cp+37,155/2020/nd-cp,Điều 37. Hồ sơ đăng ký chào bán cổ phiếu ra công chúng tại Việt Nam của doanh nghiệp thành lập và hoạt động theo pháp luật nước ngoài
4959e2be6678f367d2923cf8793e03f5103010ea,155/2020/nđ-cp+37,155/2020/nđ-cp,Điều 37. Hồ sơ đăng ký chào bán cổ phiếu ra công chúng tại Việt Nam của doanh nghiệp thành lập và hoạt động theo pháp luật nước ngoài
4990f3ef5d6999a4a30606203d28547454d203a5,91/2019/nd-cp+19,91/2019/nd-cp,"Điều 19. Chuyển quyền, cho thuê, cho thuê lại, thế chấp đối với đất không thuộc trường hợp được chuyển quyền, cho thuê, thế chấp theo quy định của Luật đất đai"
4990f3ef5d6999a4a30606203d28547454d203a5,91/2019/nđ-cp+19,91/2019/nđ-cp,"Điều 19. Chuyển quyền, cho thuê, cho thuê lại, thế chấp đối với đất không thuộc trường hợp được chuyển quyền, cho thuê, thế chấp theo quy định của Luật đất đai"
4a69196fb5f825969e8c0c38437567e082272dfa,63/2019/nđ-+12,63/2019/nđ-,Điều 12. Hành vi chiếm đoạt tài sản công
4a69196fb5f825969e8c0c38437567e082272dfa,63/2019/nđ-cp+12,63/2019/nđ-cp,Điều 12. Hành vi chiếm đoạt tài sản công
4ae4cc1b06401cbcc141ac14c6e158a5a17b68ee,102/2017/nð-cp+33,102/2017/nð-cp,Điều 33. Hồ sơ đăng ký bảo lưu quyền sở hữu tàu biển trong trường hợp mua bán tàu biển có bảo lưu quyền sở hữu
4ae4cc1b06401cbcc141ac14c6e158a5a17b68ee,102/2017/nđ-cp+33,102/2017/nđ-cp,Điều 33. Hồ sơ đăng ký bảo lưu quyền sở hữu tàu biển trong trường hợp mua bán tàu biển có bảo lưu quyền sở hữu
4b04292f3426d9a8c433e9056e8373ae1fb371d9,43/2020/nđ-cp+2,43/2020/nđ-cp,Điều 2. Đối tượng áp dụng
4b04292f3426d9a8c433e9056e8373ae1fb371d9,82/2011/nđ-cp+2,82/2011/nđ-cp,Điều 2. Đối tượng áp dụng
4b146ddb99570c6b7ce7c30ea01bb50eabee2ec9,91/2019/nd-cp+43,91/2019/nd-cp,Điều 43. Hiệu lực thi hành
4b146ddb99570c6b7ce7c30ea01bb50eabee2ec9,91/2019/nđ-cp+43,91/2019/nđ-cp,Điều 43. Hiệu lực thi hành
4b4e0ecd4f0aeab25a4ae54d412f6b193e90e26a,102/2017/nð-cp+41,102/2017/nð-cp,Điều 41. Hồ sơ đăng ký thế chấp tài sản gắn liền với đất không phải là nhà ở mà tài sản đó đã hình thành nhưng chưa được chứng nhận quyền sở hữu trên Giấy chứng nhận:
4b4e0ecd4f0aeab25a4ae54d412f6b193e90e26a,102/2017/nđ-cp+41,102/2017/nđ-cp,Điều 41. Hồ sơ đăng ký thế chấp tài sản gắn liền với đất không phải là nhà ở mà tài sản đó đã hình thành nhưng chưa được chứng nhận quyền sở hữu trên Giấy chứng nhận:
4b58cbc36bd5021bb962b97eb97a39231503a36d,155/2020/nd-cp+118,155/2020/nd-cp,Điều 118. Niêm yết trái phiếu doanh nghiệp
4b58cbc36bd5021bb962b97eb97a39231503a36d,155/2020/nđ-cp+118,155/2020/nđ-cp,Điều 118. Niêm yết trái phiếu doanh nghiệp
4b9aeca68c80e035a9ca1ad7b7924e515aad6a54,155/2020/nd-cp+154,155/2020/nd-cp,"Điều 154. Trình tự, thủ tục chấm dứt hoạt động cung cấp dịch vụ bù trừ, thanh toán giao dịch chứng khoán bắt buộc"
4b9aeca68c80e035a9ca1ad7b7924e515aad6a54,155/2020/nđ-cp+154,155/2020/nđ-cp,"Điều 154. Trình tự, thủ tục chấm dứt hoạt động cung cấp dịch vụ bù trừ, thanh toán giao dịch chứng khoán bắt buộc"
4ba9313ada755925bd95b2a5310de166d53f4d1e,204/2016/tt-btc+6,204/2016/tt-btc,"Điều 6. Kê khai, thu, nộp phí"
4ba9313ada755925bd95b2a5310de166d53f4d1e,205/2016/tt-btc+6,205/2016/tt-btc,"Điều 6. Kê khai, thu, nộp phí"
4ba9313ada755925bd95b2a5310de166d53f4d1e,206/2016/tt-btc+6,206/2016/tt-btc,"Điều 6. Kê khai, thu, nộp phí"
4bdf2038aec959b95eca66a7c716004c3a2919b5,155/2020/nd-cp+7,155/2020/nd-cp,"Điều 7. Quy định chung về chào bán, phát hành chứng khoán và chào mua công khai"
4bdf2038aec959b95eca66a7c716004c3a2919b5,155/2020/nđ-cp+7,155/2020/nđ-cp,"Điều 7. Quy định chung về chào bán, phát hành chứng khoán và chào mua công khai"
4c18a13152c3423b6fc760255d67f9959339dc15,24/2020/nd-cp+20,24/2020/nd-cp,Điều 20. Trách nhiệm quản lý nhà nước của Bộ Lao động - Thương binh và Xã hội
4c18a13152c3423b6fc760255d67f9959339dc15,24/2020/nđ-cp+20,24/2020/nđ-cp,Điều 20. Trách nhiệm quản lý nhà nước của Bộ Lao động - Thương binh và Xã hội
4cd8405f78e2ca5008ce712648235b90b0b17d24,226/2016/tt-btc+6,226/2016/tt-btc,"Điều 6. Kê khai, nộp phí"
4cd8405f78e2ca5008ce712648235b90b0b17d24,231/2016/tt-btc+6,231/2016/tt-btc,"Điều 6. Kê khai, nộp phí"
4cd8405f78e2ca5008ce712648235b90b0b17d24,244/2016/tt-btc+6,244/2016/tt-btc,"Điều 6. Kê khai, nộp phí"
4cef3e6fe69e23fbe86931cc48baa19bc530ff40,91/2019/nd-cp+31,91/2019/nd-cp,"Điều 31. Không nộp hồ sơ, không cung cấp, cung cấp không đầy đủ giấy tờ để làm thủ tục cấp Giấy chứng nhận cho người mua, thuê mua nhà, công trình xây dựng, nhận chuyển quyền sử dụng đất tại dự án kinh doanh bất động sản"
4cef3e6fe69e23fbe86931cc48baa19bc530ff40,91/2019/nđ-cp+31,91/2019/nđ-cp,"Điều 31. Không nộp hồ sơ, không cung cấp, cung cấp không đầy đủ giấy tờ để làm thủ tục cấp Giấy chứng nhận cho người mua, thuê mua nhà, công trình xây dựng, nhận chuyển quyền sử dụng đất tại dự án kinh doanh bất động sản"
4d1b89a48b7309e8607f277b47b486edc9c619ad,160/2016/tt-btc+7,160/2016/tt-btc,Điều 7. Quản lý và sử dụng phí
4d1b89a48b7309e8607f277b47b486edc9c619ad,161/2016/tt-btc+7,161/2016/tt-btc,Điều 7. Quản lý và sử dụng phí
4d1b89a48b7309e8607f277b47b486edc9c619ad,163/2016/tt-btc+7,163/2016/tt-btc,Điều 7. Quản lý và sử dụng phí
4d1b89a48b7309e8607f277b47b486edc9c619ad,275/2016/tt-btc+7,275/2016/tt-btc,Điều 7. Quản lý và sử dụng phí
4e616e620c9c1c51189278c5e08010481912b277,155/2020/nd-cp+183,155/2020/nd-cp,"Điều 183. Hồ sơ đề nghị thay đổi tên, địa chỉ trụ sở chính, vốn cấp cho chi nhánh, giám đốc chi nhánh, trưởng văn phòng đại diện công ty chứng khoán, công ty quản lý quỹ nước ngoài tại Việt Nam"
4e616e620c9c1c51189278c5e08010481912b277,155/2020/nđ-cp+183,155/2020/nđ-cp,"Điều 183. Hồ sơ đề nghị thay đổi tên, địa chỉ trụ sở chính, vốn cấp cho chi nhánh, giám đốc chi nhánh, trưởng văn phòng đại diện công ty chứng khoán, công ty quản lý quỹ nước ngoài tại Việt Nam"
4e950c18eaf51120d348ee1f7e0a1c2a3a03a330,19/2019/nđ+14,19/2019/nđ,Điều 14. Thông báo về việc tổ chức dây họ
4e950c18eaf51120d348ee1f7e0a1c2a3a03a330,19/2019/nđ-cp+14,19/2019/nđ-cp,Điều 14. Thông báo về việc tổ chức dây họ
4f1a4d8d683648be22e458d4848ed8adb963c4dd,155/2020/nd-cp+20,155/2020/nd-cp,Điều 20. Hồ sơ đăng ký chào bán trái phiếu ra công chúng
4f1a4d8d683648be22e458d4848ed8adb963c4dd,155/2020/nđ-cp+20,155/2020/nđ-cp,Điều 20. Hồ sơ đăng ký chào bán trái phiếu ra công chúng
4fb1d6990cefe6eb0326a948c0edf475359f4c8d,63/2019/nđ-+38,63/2019/nđ-,Điều 38. Thẩm quyền xử phạt của Chủ tịch Ủy ban nhân dân
4fb1d6990cefe6eb0326a948c0edf475359f4c8d,63/2019/nđ-cp+38,63/2019/nđ-cp,Điều 38. Thẩm quyền xử phạt của Chủ tịch Ủy ban nhân dân
4fea9741edba983890a390ddf6a1ef46e66da87b,155/2020/nd-cp+302,155/2020/nd-cp,"Điều 302. Ứng phó, khắc phục sự cố, sự kiện, biến động ảnh hưởng đến an toàn, ổn định và tính toàn vẹn của thị trường chứng khoán"
4fea9741edba983890a390ddf6a1ef46e66da87b,155/2020/nđ-cp+302,155/2020/nđ-cp,"Điều 302. Ứng phó, khắc phục sự cố, sự kiện, biến động ảnh hưởng đến an toàn, ổn định và tính toàn vẹn của thị trường chứng khoán"
50073b2855e74590d42a7d92f7889f94f2d0aadd,136/2013/tt-btc+9,136/2013/tt-btc,Điều 9. Phương thức phân phối vé xổ số tự chọn số điện toán
50073b2855e74590d42a7d92f7889f94f2d0aadd,36/2019/tt-btc+9,36/2019/tt-btc,Điều 9. Phương thức phân phối vé xổ số tự chọn số điện toán
505eddeaa14e8f80c90e4fc3ab5fe799381be8a9,160/2018/nđ-cp+2,160/2018/nđ-cp,Điều 2. Đối tượng áp dụng
505eddeaa14e8f80c90e4fc3ab5fe799381be8a9,66/2014/nđ-cp+2,66/2014/nđ-cp,Điều 2. Đối tượng áp dụng
505eddeaa14e8f80c90e4fc3ab5fe799381be8a9,94/2014/nđ-cp+2,94/2014/nđ-cp,Điều 2. Đối tượng áp dụng
5092b8f729e3e198ea7489f7f28ac17c1e414891,108/2016/nđ-cp+13,108/2016/nđ-cp,Điều 13. Hiệu lực thi hành
5092b8f729e3e198ea7489f7f28ac17c1e414891,69/2016/nđ-cp+13,69/2016/nđ-cp,Điều 13. Hiệu lực thi hành
5105eb793cd744bde4fe0926f9be3ddb415edf98,09/2014/ttlt-btp-tandtc-vksndtc+5,09/2014/ttlt-btp-tandtc-vksndtc,Điều 5. Giao nhận văn bản tống đạt
5105eb793cd744bde4fe0926f9be3ddb415edf98,09/2014/ttlt-btp-tandtc-vksndtc-btc+5,09/2014/ttlt-btp-tandtc-vksndtc-btc,Điều 5. Giao nhận văn bản tống đạt
51cc2d519125395b9fd41a641a153bf3abdb5966,91/2019/nd-cp+6,91/2019/nd-cp,Điều 6. Áp dụng mức phạt tiền
51cc2d519125395b9fd41a641a153bf3abdb5966,91/2019/nđ-cp+6,91/2019/nđ-cp,Điều 6. Áp dụng mức phạt tiền
5240348a5eef8cf56cd76711be2cc3b1cea2e601,12/2019/tt-bct+17,12/2019/tt-bct,Điều 17. Kiểm tra trước khi xuất khẩu
5240348a5eef8cf56cd76711be2cc3b1cea2e601,21/2019/tt-bct+17,21/2019/tt-bct,Điều 17. Kiểm tra trước khi xuất khẩu
53017c9eac6c242d04e1cf4a3c0ed43aee4d7980,155/2020/nd-cp+292,155/2020/nd-cp,Điều 292. Giao dịch với người có liên quan
53017c9eac6c242d04e1cf4a3c0ed43aee4d7980,155/2020/nđ-cp+292,155/2020/nđ-cp,Điều 292. Giao dịch với người có liên quan
53ba29492e10c33e89bddc686fb71790d7ff2e07,155/2020/nd-cp+269,155/2020/nd-cp,Điều 269. Nguyên tắc áp dụng pháp luật về quản trị công ty đối với công ty đại chúng là tổ chức tín dụng
53ba29492e10c33e89bddc686fb71790d7ff2e07,155/2020/nđ-cp+269,155/2020/nđ-cp,Điều 269. Nguyên tắc áp dụng pháp luật về quản trị công ty đối với công ty đại chúng là tổ chức tín dụng
53bccd2bec2908b5edd4b6f009f48e7bbe3642b9,155/2020/nd-cp+131,155/2020/nd-cp,"Điều 131. Trách nhiệm của tổ chức phát hành chứng khoán cơ sở để phát hành chứng chỉ lưu ký niêm yết, giao dịch tại Sở giao dịch chứng khoán nước ngoài"
53bccd2bec2908b5edd4b6f009f48e7bbe3642b9,155/2020/nđ-cp+131,155/2020/nđ-cp,"Điều 131. Trách nhiệm của tổ chức phát hành chứng khoán cơ sở để phát hành chứng chỉ lưu ký niêm yết, giao dịch tại Sở giao dịch chứng khoán nước ngoài"
54991871112c37d4f9361ce257ac81c181fe9517,91/2019/nd-cp+20,91/2019/nd-cp,"Điều 20. Người sử dụng đất được nhà nước cho thuê đất trả tiền thuê đất hàng năm để đầu tư xây dựng hạ tầng khu công nghiệp, cụm công nghiệp, khu chế xuất, để cho thuê lại đất, nhưng đã cho thuê lại đất theo hình thức trả tiền thuê đất một lần kể từ ngày Luật đất đai năm 2013 có hiệu lực"
54991871112c37d4f9361ce257ac81c181fe9517,91/2019/nđ-cp+20,91/2019/nđ-cp,"Điều 20. Người sử dụng đất được nhà nước cho thuê đất trả tiền thuê đất hàng năm để đầu tư xây dựng hạ tầng khu công nghiệp, cụm công nghiệp, khu chế xuất, để cho thuê lại đất, nhưng đã cho thuê lại đất theo hình thức trả tiền thuê đất một lần kể từ ngày Luật đất đai năm 2013 có hiệu lực"
54ea928b48ac7d866e2cdb68e02018c0ec56550e,146/2018/nð-cp+8,146/2018/nð-cp,Điều 8. Mức hỗ trợ từ ngân sách nhà nước
54ea928b48ac7d866e2cdb68e02018c0ec56550e,146/2018/nđ-cp+8,146/2018/nđ-cp,Điều 8. Mức hỗ trợ từ ngân sách nhà nước
54fc1ff1fa54f90243e59ec183d842933a26bde2,146/2018/nð-cp+21,146/2018/nð-cp,"Điều 21. Quyền và trách nhiệm của cơ sở khám bệnh, chữa bệnh trong thực hiện hợp đồng khám bệnh, chữa bệnh bảo hiểm y tế"
54fc1ff1fa54f90243e59ec183d842933a26bde2,146/2018/nđ-cp+21,146/2018/nđ-cp,"Điều 21. Quyền và trách nhiệm của cơ sở khám bệnh, chữa bệnh trong thực hiện hợp đồng khám bệnh, chữa bệnh bảo hiểm y tế"
553dae325421cc633fa8ef677788f0c0dd371a1f,102/2017/nð-cp+17,102/2017/nð-cp,"Điều 17. Trả kết quả đăng ký, cung cấp thông tin về biện pháp bảo đảm"
553dae325421cc633fa8ef677788f0c0dd371a1f,102/2017/nđ-cp+17,102/2017/nđ-cp,"Điều 17. Trả kết quả đăng ký, cung cấp thông tin về biện pháp bảo đảm"
5559499ec108a2b43a655e985e18bdae6f5e9970,155/2020/nd-cp+84,155/2020/nd-cp,Điều 84. Thông qua việc không phải thực hiện chào mua công khai
5559499ec108a2b43a655e985e18bdae6f5e9970,155/2020/nđ-cp+84,155/2020/nđ-cp,Điều 84. Thông qua việc không phải thực hiện chào mua công khai
559ec2b52e7f8b96a587e402b42654321a606df4,24/2020/nd-cp+3,24/2020/nd-cp,"Điều 3. Địa điểm công cộng không được uống rượu, bia"
559ec2b52e7f8b96a587e402b42654321a606df4,24/2020/nđ-cp+3,24/2020/nđ-cp,"Điều 3. Địa điểm công cộng không được uống rượu, bia"
55d9e8a131ff665c4beb2bf7ca1bb3f6181d109e,155/2020/nd-cp+303,155/2020/nd-cp,"Điều 303. Tạm ngừng, đình chỉ giao dịch đối với một hoặc một số chứng khoán niêm yết, đăng ký giao dịch trên hệ thống giao dịch chứng khoán"
55d9e8a131ff665c4beb2bf7ca1bb3f6181d109e,155/2020/nđ-cp+303,155/2020/nđ-cp,"Điều 303. Tạm ngừng, đình chỉ giao dịch đối với một hoặc một số chứng khoán niêm yết, đăng ký giao dịch trên hệ thống giao dịch chứng khoán"
55e3780352f66afb470c51e8f87f5fbcbf0e91de,19/2019/nđ+6,19/2019/nđ,Điều 6. Điều kiện làm chủ họ
55e3780352f66afb470c51e8f87f5fbcbf0e91de,19/2019/nđ-cp+6,19/2019/nđ-cp,Điều 6. Điều kiện làm chủ họ
55ee69bec93d2e37f915a8d2a492c69c20dcee2c,155/2020/nd-cp+72,155/2020/nd-cp,Điều 72. Hồ sơ đề nghị chấp thuận việc đăng ký chào bán cổ phiếu ra nước ngoài
55ee69bec93d2e37f915a8d2a492c69c20dcee2c,155/2020/nđ-cp+72,155/2020/nđ-cp,Điều 72. Hồ sơ đề nghị chấp thuận việc đăng ký chào bán cổ phiếu ra nước ngoài
560e563ef5fa19ccc8094236cc0331f1e3f4a32b,91/2019/nd-cp+21,91/2019/nd-cp,"Điều 21. Chuyển nhượng quyền sử dụng đất dưới hình thức phân lô, bán nền trong dự án đầu tư xây dựng kinh doanh nhà ở"
560e563ef5fa19ccc8094236cc0331f1e3f4a32b,91/2019/nđ-cp+21,91/2019/nđ-cp,"Điều 21. Chuyển nhượng quyền sử dụng đất dưới hình thức phân lô, bán nền trong dự án đầu tư xây dựng kinh doanh nhà ở"
561c9d0f8be93940120494c136d6227afdbc48dc,102/2017/nð-cp+54,102/2017/nð-cp,Điều 54. Tài khoản đăng ký trực tuyến
561c9d0f8be93940120494c136d6227afdbc48dc,102/2017/nđ-cp+54,102/2017/nđ-cp,Điều 54. Tài khoản đăng ký trực tuyến
56b94b9ac01202491e12c6b1a023b53effb6c85c,155/2020/nd-cp+81,155/2020/nd-cp,"Điều 81. Trách nhiệm của tổ chức phát hành chứng chỉ lưu ký, cổ đông và nhà đầu tư sở hữu chứng chỉ lưu ký"
56b94b9ac01202491e12c6b1a023b53effb6c85c,155/2020/nđ-cp+81,155/2020/nđ-cp,"Điều 81. Trách nhiệm của tổ chức phát hành chứng chỉ lưu ký, cổ đông và nhà đầu tư sở hữu chứng chỉ lưu ký"
572b4e7700255f862d6a4826d4f033c3d26074d5,19/2019/nđ+2,19/2019/nđ,Điều 2. Đối tượng áp dụng
572b4e7700255f862d6a4826d4f033c3d26074d5,19/2019/nđ-cp+2,19/2019/nđ-cp,Điều 2. Đối tượng áp dụng
57a6f358569bc56f8728f2d679995aca12309709,102/2017/nð-cp+40,102/2017/nð-cp,"Điều 40. Hồ sơ đăng ký thế chấp dự án đầu tư xây dựng nhà ở, nhà ở hình thành trong tương lai"
57a6f358569bc56f8728f2d679995aca12309709,102/2017/nđ-cp+40,102/2017/nđ-cp,"Điều 40. Hồ sơ đăng ký thế chấp dự án đầu tư xây dựng nhà ở, nhà ở hình thành trong tương lai"
57ab9e446c3c6ba1e655e9caee6370e453d3ab6a,155/2020/nd-cp+233,155/2020/nd-cp,Điều 233. Chào bán chứng chỉ quỹ đóng ra công chúng
57ab9e446c3c6ba1e655e9caee6370e453d3ab6a,155/2020/nđ-cp+233,155/2020/nđ-cp,Điều 233. Chào bán chứng chỉ quỹ đóng ra công chúng
57ce952f9f4fde7684fa952875e2e853d24fffd1,19/2019/nđ+22,19/2019/nđ,"Điều 22. Lãi suất trong trường hợp chậm góp, chậm giao phần họ"
57ce952f9f4fde7684fa952875e2e853d24fffd1,19/2019/nđ-cp+22,19/2019/nđ-cp,"Điều 22. Lãi suất trong trường hợp chậm góp, chậm giao phần họ"
5881d0675285a9d4a397e2a78aed380fa1ea8cdf,91/2019/nd-cp+23,91/2019/nd-cp,"Điều 23. Bán, mua tài sản gắn liền với đất được Nhà nước cho thuê thu tiền thuê đất hàng năm mà không đủ điều kiện theo quy định tại Điều 189 của Luật đất đai"
5881d0675285a9d4a397e2a78aed380fa1ea8cdf,91/2019/nđ-cp+23,91/2019/nđ-cp,"Điều 23. Bán, mua tài sản gắn liền với đất được Nhà nước cho thuê thu tiền thuê đất hàng năm mà không đủ điều kiện theo quy định tại Điều 189 của Luật đất đai"
589d9be5e9201201d763382fd708678dfbcc8ec2,155/2020/nd-cp+164,155/2020/nd-cp,"Điều 164. Đình chỉ hoạt động bù trừ, thanh toán giao dịch chứng khoán đối với thành viên bù trừ của Tổng công ty lưu ký và bù trừ chứng khoán Việt Nam"
589d9be5e9201201d763382fd708678dfbcc8ec2,155/2020/nđ-cp+164,155/2020/nđ-cp,"Điều 164. Đình chỉ hoạt động bù trừ, thanh toán giao dịch chứng khoán đối với thành viên bù trừ của Tổng công ty lưu ký và bù trừ chứng khoán Việt Nam"
58b451491cb9ce6ddcdba074e34c9d56467df8b5,91/2019/nd-cp+4,91/2019/nd-cp,Điều 4. Thời hiệu xử phạt vi phạm hành chính
58b451491cb9ce6ddcdba074e34c9d56467df8b5,91/2019/nđ-cp+4,91/2019/nđ-cp,Điều 4. Thời hiệu xử phạt vi phạm hành chính
58bd705a9fe6babe694ab38a4d00de8c648e3259,102/2017/nð-cp+69,102/2017/nð-cp,Điều 69. Điều khoản chuyển tiếp
58bd705a9fe6babe694ab38a4d00de8c648e3259,102/2017/nđ-cp+69,102/2017/nđ-cp,Điều 69. Điều khoản chuyển tiếp
58e2d640f7ef793cf4ff143b6bde3e22f12eef01,63/2019/nđ-+54,63/2019/nđ-,Điều 54. Hành vi vi phạm quy định về khoản chi ngân sách nhà nước phải có trong dự toán ngân sách nhà nước được cấp có thẩm quyền giao
58e2d640f7ef793cf4ff143b6bde3e22f12eef01,63/2019/nđ-cp+54,63/2019/nđ-cp,Điều 54. Hành vi vi phạm quy định về khoản chi ngân sách nhà nước phải có trong dự toán ngân sách nhà nước được cấp có thẩm quyền giao
5901d9c39850573760ce2fd9397c50d2f77c728c,155/2020/nd-cp+226,155/2020/nd-cp,"Điều 226. Điều kiện, hồ sơ thay đổi thời hạn hoạt động quỹ thành viên"
5901d9c39850573760ce2fd9397c50d2f77c728c,155/2020/nđ-cp+226,155/2020/nđ-cp,"Điều 226. Điều kiện, hồ sơ thay đổi thời hạn hoạt động quỹ thành viên"
5904e6a660ca2f7be73ec80d74378e1fa15d433e,19/2019/nđ+15,19/2019/nđ,Điều 15. Quyền của thành viên
5904e6a660ca2f7be73ec80d74378e1fa15d433e,19/2019/nđ-cp+15,19/2019/nđ-cp,Điều 15. Quyền của thành viên
59f175c8814a0f7952ec70ac51250a67f69a2a82,155/2020/nd-cp+217,155/2020/nd-cp,"Điều 217. Tên của quỹ đầu tư chứng khoán, công ty đầu tư chứng khoán"
59f175c8814a0f7952ec70ac51250a67f69a2a82,155/2020/nđ-cp+217,155/2020/nđ-cp,"Điều 217. Tên của quỹ đầu tư chứng khoán, công ty đầu tư chứng khoán"
59f182f6b1952e943f3c991eaf158c921ff0bfac,155/2020/nd-cp+184,155/2020/nd-cp,"Điều 184. Gia hạn hoạt động văn phòng đại diện công ty chứng khoán, công ty quản lý quỹ nước ngoài tại Việt Nam"
59f182f6b1952e943f3c991eaf158c921ff0bfac,155/2020/nđ-cp+184,155/2020/nđ-cp,"Điều 184. Gia hạn hoạt động văn phòng đại diện công ty chứng khoán, công ty quản lý quỹ nước ngoài tại Việt Nam"
5bd5fe5c45a016291e4ba5e58fca631f0af52d11,91/2019/nd-cp+18,91/2019/nd-cp,"Điều 18. Chuyển quyền, cho thuê, thế chấp bằng quyền sử dụng đất khi không đủ điều kiện theo quy định tại khoản 1 Điều 188 của Luật đất đai"
5bd5fe5c45a016291e4ba5e58fca631f0af52d11,91/2019/nđ-cp+18,91/2019/nđ-cp,"Điều 18. Chuyển quyền, cho thuê, thế chấp bằng quyền sử dụng đất khi không đủ điều kiện theo quy định tại khoản 1 Điều 188 của Luật đất đai"
5be9b1c716e41cff10b38dc7a673d5f1fd860e04,155/2020/nd-cp+213,155/2020/nd-cp,"Điều 213. Điều kiện, hồ sơ, thủ tục cấp chứng chỉ hành nghề chứng khoán"
5be9b1c716e41cff10b38dc7a673d5f1fd860e04,155/2020/nđ-cp+213,155/2020/nđ-cp,"Điều 213. Điều kiện, hồ sơ, thủ tục cấp chứng chỉ hành nghề chứng khoán"
5c752296e8ac06ee2a50e022cbdbac38d424cb12,155/2020/nd-cp+80,155/2020/nd-cp,Điều 80. Tỷ lệ sở hữu
5c752296e8ac06ee2a50e022cbdbac38d424cb12,155/2020/nđ-cp+80,155/2020/nđ-cp,Điều 80. Tỷ lệ sở hữu
5cb3fc9eba64aecfa633a3facfcc3040d8bec875,155/2020/nd-cp+262,155/2020/nd-cp,"Điều 262. Điều kiện tăng, giảm vốn điều lệ công ty đầu tư chứng khoán"
5cb3fc9eba64aecfa633a3facfcc3040d8bec875,155/2020/nđ-cp+262,155/2020/nđ-cp,"Điều 262. Điều kiện tăng, giảm vốn điều lệ công ty đầu tư chứng khoán"
5d7769f1c1bc719057e6eb71bfa91125c300f4af,63/2019/nđ-+34,63/2019/nđ-,"Điều 34. Hành vi vi phạm quy định của pháp luật về thực hành tiết kiệm, chống lãng phí trong đầu tư xây dựng các dự án sử dụng ngân sách nhà nước, tiền, tài sản công"
5d7769f1c1bc719057e6eb71bfa91125c300f4af,63/2019/nđ-cp+34,63/2019/nđ-cp,"Điều 34. Hành vi vi phạm quy định của pháp luật về thực hành tiết kiệm, chống lãng phí trong đầu tư xây dựng các dự án sử dụng ngân sách nhà nước, tiền, tài sản công"
5dfcb96d5b2083119d841090a39889265e24b98d,63/2019/nđ-+66,63/2019/nđ-,Điều 66. Điều khoản chuyển tiếp
5dfcb96d5b2083119d841090a39889265e24b98d,63/2019/nđ-cp+66,63/2019/nđ-cp,Điều 66. Điều khoản chuyển tiếp
5e72e5e49a1c721312abd3add2723f8c34a6b193,03/2021/tt-bgddt+9,03/2021/tt-bgddt,Điều 9. Điều khoản chuyển tiếp
5e72e5e49a1c721312abd3add2723f8c34a6b193,03/2021/tt-bgdđt+9,03/2021/tt-bgdđt,Điều 9. Điều khoản chuyển tiếp
5fa2cb077743482aff03cf26312f87e321835c3b,32/2021/nđ-cp+4,32/2021/nđ-cp,"Điều 4. Quy định về cán bộ thuộc tổ chức Đảng, Ủy ban Mặt trận Tổ quốc Việt Nam và các tổ chức chính trị - xã hội ở phường"
5fa2cb077743482aff03cf26312f87e321835c3b,34/2021/nđ-cp+4,34/2021/nđ-cp,"Điều 4. Quy định về cán bộ thuộc tổ chức Đảng, Ủy ban Mặt trận Tổ quốc Việt Nam và các tổ chức chính trị - xã hội ở phường"
5fccbbaf2c1d008637ce497f8e2a85f9e030a2cf,02/2008/qđ-bgdđt+2,02/2008/qđ-bgdđt,Điều 2.
5fccbbaf2c1d008637ce497f8e2a85f9e030a2cf,19/2007/qđ-btnmt+2,19/2007/qđ-btnmt,Điều 2.
6008630e0efaf30a36efd3bd57fe505132f3ff7e,155/2020/nd-cp+13,155/2020/nd-cp,"Điều 13, Điều 14 Nghị định số 151/2018/NĐ-CP ngày 07 tháng 11 năm 2018 của Chính phủ sửa đổi, bổ sung một số quy định về điều kiện đầu tư, kinh doanh thuộc phạm vi quản lý nhà nước của Bộ Tài chính."
6008630e0efaf30a36efd3bd57fe505132f3ff7e,155/2020/nđ-cp+13,155/2020/nđ-cp,"Điều 13, Điều 14 Nghị định số 151/2018/NĐ-CP ngày 07 tháng 11 năm 2018 của Chính phủ sửa đổi, bổ sung một số quy định về điều kiện đầu tư, kinh doanh thuộc phạm vi quản lý nhà nước của Bộ Tài chính."
6056dc82e3d02e261975b8ff4a3558fd9284ff01,03/2021/tt-bgddt+2,03/2021/tt-bgddt,"Điều 2. Mã số, hạng chức danh nghề nghiệp giáo viên trung học cơ sở"
6056dc82e3d02e261975b8ff4a3558fd9284ff01,03/2021/tt-bgdđt+2,03/2021/tt-bgdđt,"Điều 2. Mã số, hạng chức danh nghề nghiệp giáo viên trung học cơ sở"
61d7b583bb9f7605bc7bb863f94c41e919ed9302,102/2017/nð-cp+55,102/2017/nð-cp,Điều 55. Hoạt động của hệ thống đăng ký trực tuyến
61d7b583bb9f7605bc7bb863f94c41e919ed9302,102/2017/nđ-cp+55,102/2017/nđ-cp,Điều 55. Hoạt động của hệ thống đăng ký trực tuyến
62104c59a6b977801d87d4c762bbb85dca6f27f9,146/2018/nð-cp+10,146/2018/nð-cp,"Điều 10. Xác định số tiền đóng, hỗ trợ đối với một số đối tượng khi nhà nước điều chỉnh mức đóng bảo hiểm y tế, điều chỉnh mức lương cơ sở"
62104c59a6b977801d87d4c762bbb85dca6f27f9,146/2018/nđ-cp+10,146/2018/nđ-cp,"Điều 10. Xác định số tiền đóng, hỗ trợ đối với một số đối tượng khi nhà nước điều chỉnh mức đóng bảo hiểm y tế, điều chỉnh mức lương cơ sở"
62756cbd9e6ffe187907dd48ee9acaa1633fb13f,63/2019/nđ-+20,63/2019/nđ-,Điều 20. Hành vi vi phạm hành chính đối với các quy định về xử lý tài sản của các dự án khi dự án kết thúc hoặc không còn nhu cầu sử dụng
62756cbd9e6ffe187907dd48ee9acaa1633fb13f,63/2019/nđ-cp+20,63/2019/nđ-cp,Điều 20. Hành vi vi phạm hành chính đối với các quy định về xử lý tài sản của các dự án khi dự án kết thúc hoặc không còn nhu cầu sử dụng
62c9d7336b34fd18158a9e8f36f8c1d1732292ce,102/2017/nð-cp+26,102/2017/nð-cp,Điều 26. Hồ sơ đăng ký thay đổi nội dung biện pháp bảo đảm bằng tàu bay đã đăng ký
62c9d7336b34fd18158a9e8f36f8c1d1732292ce,102/2017/nđ-cp+26,102/2017/nđ-cp,Điều 26. Hồ sơ đăng ký thay đổi nội dung biện pháp bảo đảm bằng tàu bay đã đăng ký
632c4598dc0aeacada63aee18825c226148959c6,155/2020/nd-cp+191,155/2020/nd-cp,Điều 191. Điều kiện thành lập phòng giao dịch trong nước của công ty chứng khoán
632c4598dc0aeacada63aee18825c226148959c6,155/2020/nđ-cp+191,155/2020/nđ-cp,Điều 191. Điều kiện thành lập phòng giao dịch trong nước của công ty chứng khoán
63c8153cdd90367b575dab837c6406de12072795,91/2019/nd-cp+26,91/2019/nd-cp,"Điều 26. Nhận chuyển nhượng, nhận tặng cho quyền sử dụng đất có điều kiện mà không đủ điều kiện quy định tại các Điều 191 và Điều 192 của Luật đất đai"
63c8153cdd90367b575dab837c6406de12072795,91/2019/nđ-cp+26,91/2019/nđ-cp,"Điều 26. Nhận chuyển nhượng, nhận tặng cho quyền sử dụng đất có điều kiện mà không đủ điều kiện quy định tại các Điều 191 và Điều 192 của Luật đất đai"
647f402845dee5dadcbf163a9e2a8697321e4b7d,63/2019/nđ-+1,63/2019/nđ-,Điều 1. Phạm vi điều chỉnh
647f402845dee5dadcbf163a9e2a8697321e4b7d,63/2019/nđ-cp+1,63/2019/nđ-cp,Điều 1. Phạm vi điều chỉnh
64ee763cb6bb3a838b659ed8f91f484f26e503b2,222/2016/tt-btc+5,222/2016/tt-btc,"Điều 5. Kê khai, nộp phí"
64ee763cb6bb3a838b659ed8f91f484f26e503b2,223/2016/tt-btc+5,223/2016/tt-btc,"Điều 5. Kê khai, nộp phí"
64ee763cb6bb3a838b659ed8f91f484f26e503b2,228/2016/tt-btc+5,228/2016/tt-btc,"Điều 5. Kê khai, nộp phí"
64ee763cb6bb3a838b659ed8f91f484f26e503b2,243/2016/tt-btc+5,243/2016/tt-btc,"Điều 5. Kê khai, nộp phí"
64ee763cb6bb3a838b659ed8f91f484f26e503b2,278/2016/tt-btc+5,278/2016/tt-btc,"Điều 5. Kê khai, nộp phí"
64ee763cb6bb3a838b659ed8f91f484f26e503b2,279/2016/tt-btc+5,279/2016/tt-btc,"Điều 5. Kê khai, nộp phí"
64f240485513b0b05d204bf40a5476e93f13ad54,155/2020/nd-cp+194,155/2020/nd-cp,"Điều 194. Hồ sơ đề nghị rút nghiệp vụ, đóng cửa chi nhánh, phòng giao dịch, văn phòng đại diện trong nước của công ty chứng khoán, công ty quản lý quỹ đầu tư chứng khoán"
64f240485513b0b05d204bf40a5476e93f13ad54,155/2020/nđ-cp+194,155/2020/nđ-cp,"Điều 194. Hồ sơ đề nghị rút nghiệp vụ, đóng cửa chi nhánh, phòng giao dịch, văn phòng đại diện trong nước của công ty chứng khoán, công ty quản lý quỹ đầu tư chứng khoán"
6504d799dcb3de3f0f483087611d71e9bc3557a5,63/2019/nđ-+19,63/2019/nđ-,"Điều 19. Hành vi vi phạm hành chính đối với các quy định về giao, sử dụng tài sản của các dự án sử dụng vốn nhà nước"
6504d799dcb3de3f0f483087611d71e9bc3557a5,63/2019/nđ-cp+19,63/2019/nđ-cp,"Điều 19. Hành vi vi phạm hành chính đối với các quy định về giao, sử dụng tài sản của các dự án sử dụng vốn nhà nước"
65099c298ab9c53b57937d68c5318c6de20d6e16,146/2018/nð-cp+7,146/2018/nð-cp,Điều 7. Mức đóng và trách nhiệm đóng bảo hiểm y tế
65099c298ab9c53b57937d68c5318c6de20d6e16,146/2018/nđ-cp+7,146/2018/nđ-cp,Điều 7. Mức đóng và trách nhiệm đóng bảo hiểm y tế
65552c26e733d587a91bcba6949a1a97d139b475,19/2019/nđ+26,19/2019/nđ,Điều 26. Hiệu lực thi hành
65552c26e733d587a91bcba6949a1a97d139b475,19/2019/nđ-cp+26,19/2019/nđ-cp,Điều 26. Hiệu lực thi hành
65af41dcfa9d58edbe1cacceb70c8cf5ede034bf,84/2019/nđ-+12,84/2019/nđ-,Điều 12. Quy định chi tiết điều kiện sản xuất phân bón
65af41dcfa9d58edbe1cacceb70c8cf5ede034bf,84/2019/nđ-cp+12,84/2019/nđ-cp,Điều 12. Quy định chi tiết điều kiện sản xuất phân bón
6660096f20db1b6746e8a4c7a0c038c7582445d8,155/2020/nd-cp+127,155/2020/nd-cp,"Điều 127. Đăng ký niêm yết, giao dịch chứng khoán tại Sở giao dịch chứng khoán nước ngoài"
6660096f20db1b6746e8a4c7a0c038c7582445d8,155/2020/nđ-cp+127,155/2020/nđ-cp,"Điều 127. Đăng ký niêm yết, giao dịch chứng khoán tại Sở giao dịch chứng khoán nước ngoài"
66ed141ca644cd0a308c180629caf9670c3050ed,155/2020/nd-cp+212,155/2020/nd-cp,"Điều 212. Hồ sơ, thủ tục thu hồi Giấy chứng nhận đăng ký hoạt động văn phòng đại diện công ty chứng khoán, công ty quản lý quỹ nước ngoài tại Việt Nam"
66ed141ca644cd0a308c180629caf9670c3050ed,155/2020/nđ-cp+212,155/2020/nđ-cp,"Điều 212. Hồ sơ, thủ tục thu hồi Giấy chứng nhận đăng ký hoạt động văn phòng đại diện công ty chứng khoán, công ty quản lý quỹ nước ngoài tại Việt Nam"
67c3af3992155b43c567f4cdd688bcd0e1e3bbf4,63/2019/nđ-+30,63/2019/nđ-,Điều 30. Thẩm quyền xử phạt của Thanh tra
67c3af3992155b43c567f4cdd688bcd0e1e3bbf4,63/2019/nđ-cp+30,63/2019/nđ-cp,Điều 30. Thẩm quyền xử phạt của Thanh tra
67c400355441ab61aeea39f41b64e9f068df86b5,155/2020/nd-cp+150,155/2020/nd-cp,Điều 150. Tổ chức hoạt động bù trừ và thanh toán giao dịch chứng khoán theo cơ chế đối tác bù trừ trung tâm
67c400355441ab61aeea39f41b64e9f068df86b5,155/2020/nđ-cp+150,155/2020/nđ-cp,Điều 150. Tổ chức hoạt động bù trừ và thanh toán giao dịch chứng khoán theo cơ chế đối tác bù trừ trung tâm
693800e65dadb744c93e75f1c7e66845e44a3578,09/2014/ttlt-btp-tandtc-vksndtc+1,09/2014/ttlt-btp-tandtc-vksndtc,Điều 1. Phạm vi điều chỉnh
693800e65dadb744c93e75f1c7e66845e44a3578,09/2014/ttlt-btp-tandtc-vksndtc-btc+1,09/2014/ttlt-btp-tandtc-vksndtc-btc,Điều 1. Phạm vi điều chỉnh
699cedaf0ac07933461e56b0f5daf802282d95b4,155/2020/nd-cp+165,155/2020/nd-cp,Điều 165. Tổ chức mở tài khoản trực tiếp tại Tổng công ty lưu ký và bù trừ chứng khoán Việt Nam
699cedaf0ac07933461e56b0f5daf802282d95b4,155/2020/nđ-cp+165,155/2020/nđ-cp,Điều 165. Tổ chức mở tài khoản trực tiếp tại Tổng công ty lưu ký và bù trừ chứng khoán Việt Nam
69bb6ca6a29dd12c585e269267f595ccf72fe1f5,155/2020/nd-cp+214,155/2020/nd-cp,Điều 214. Cấp lại chứng chỉ hành nghề chứng khoán
69bb6ca6a29dd12c585e269267f595ccf72fe1f5,155/2020/nđ-cp+214,155/2020/nđ-cp,Điều 214. Cấp lại chứng chỉ hành nghề chứng khoán
69fea51917811537950020faf3e6b61c0726ce37,155/2020/nd-cp+115,155/2020/nd-cp,"Điều 115. Hồ sơ, trình tự, thủ tục tiếp tục niêm yết, đăng ký niêm yết cổ phiếu sau chia, tách doanh nghiệp"
69fea51917811537950020faf3e6b61c0726ce37,155/2020/nđ-cp+115,155/2020/nđ-cp,"Điều 115. Hồ sơ, trình tự, thủ tục tiếp tục niêm yết, đăng ký niêm yết cổ phiếu sau chia, tách doanh nghiệp"
6b27301334c377f1fa6d702777e2feb11a06d109,63/2019/nđ-+17,63/2019/nđ-,Điều 17. Hành vi vi phạm hành chính đối với các quy định về việc đăng nhập và sử dụng số liệu về tài sản công
6b27301334c377f1fa6d702777e2feb11a06d109,63/2019/nđ-cp+17,63/2019/nđ-cp,Điều 17. Hành vi vi phạm hành chính đối với các quy định về việc đăng nhập và sử dụng số liệu về tài sản công
6b89d53b3a334399f9b6cff11d1096c6c4a7eee0,03/2019/qđ-ktnn+2,03/2019/qđ-ktnn,Điều 2. Quyết định này có hiệu lực thi hành sau 45 ngày kể từ ngày ký.
6b89d53b3a334399f9b6cff11d1096c6c4a7eee0,07/2017/qđ-ktnn+2,07/2017/qđ-ktnn,Điều 2.
6b89d53b3a334399f9b6cff11d1096c6c4a7eee0,44/2009/qđ-ttg+2,44/2009/qđ-ttg,"Điều 2. Quyết định này có hiệu lực thi hành sau 45 ngày, kể từ ngày ký."
6c589c8e717cac3890a1f0b67c59bfd2a4561f45,63/2019/nđ-+42,63/2019/nđ-,Điều 42. Hành vi vi phạm quy định về bảo quản hàng dự trữ quốc gia
6c589c8e717cac3890a1f0b67c59bfd2a4561f45,63/2019/nđ-cp+42,63/2019/nđ-cp,Điều 42. Hành vi vi phạm quy định về bảo quản hàng dự trữ quốc gia
6ccb6340cde5746d79d2810748841b2f03071abe,91/2019/nd-cp+24,91/2019/nd-cp,Điều 24. Cho thuê tài sản gắn liền với đất được Nhà nước cho thuê thu tiền thuê đất hàng năm mà không đủ điều kiện quy định tại Điều 38a của Nghị định số 43/2014/NĐ-CP được sửa đổi bổ sung tại khoản 24 Điều 2 của Nghị định số 01/2017/NĐ-CP
6ccb6340cde5746d79d2810748841b2f03071abe,91/2019/nđ-cp+24,91/2019/nđ-cp,Điều 24. Cho thuê tài sản gắn liền với đất được Nhà nước cho thuê thu tiền thuê đất hàng năm mà không đủ điều kiện quy định tại Điều 38a của Nghị định số 43/2014/NĐ-CP được sửa đổi bổ sung tại khoản 24 Điều 2 của Nghị định số 01/2017/NĐ-CP
6cfc8c5789a76bcd0861c30f7533d57b8f4ea1a0,19/2019/nđ+23,19/2019/nđ,Điều 23. Trách nhiệm của chủ họ do không giao hoặc giao không đầy đủ các phần họ cho thành viên được lĩnh họ
6cfc8c5789a76bcd0861c30f7533d57b8f4ea1a0,19/2019/nđ-cp+23,19/2019/nđ-cp,Điều 23. Trách nhiệm của chủ họ do không giao hoặc giao không đầy đủ các phần họ cho thành viên được lĩnh họ
6d08c5d3c9b9b8dc0e82930cbae6ac6c6d5a56bc,102/2017/nð-cp+15,102/2017/nð-cp,Điều 15. Từ chối đăng ký biện pháp bảo đảm
6d08c5d3c9b9b8dc0e82930cbae6ac6c6d5a56bc,102/2017/nđ-cp+15,102/2017/nđ-cp,Điều 15. Từ chối đăng ký biện pháp bảo đảm
6d37427ec097d4ea9f32b2daec5c1e306c2e2af8,102/2017/nð-cp+25,102/2017/nð-cp,Điều 25. Hồ sơ đăng ký bảo lưu quyền sở hữu tàu bay trong trường hợp mua bán tàu bay có bảo lưu quyền sở hữu
6d37427ec097d4ea9f32b2daec5c1e306c2e2af8,102/2017/nđ-cp+25,102/2017/nđ-cp,Điều 25. Hồ sơ đăng ký bảo lưu quyền sở hữu tàu bay trong trường hợp mua bán tàu bay có bảo lưu quyền sở hữu
6dc679be490e489923265a543d2d848a544380d9,155/2020/nd-cp+29,155/2020/nd-cp,Điều 29. Hồ sơ đăng ký chào bán chứng khoán ra công chúng cho nhiều đợt chào bán
6dc679be490e489923265a543d2d848a544380d9,155/2020/nđ-cp+29,155/2020/nđ-cp,Điều 29. Hồ sơ đăng ký chào bán chứng khoán ra công chúng cho nhiều đợt chào bán
6e1235c013bd3419ed510dbf75101beff24d21bc,155/2020/nd-cp+151,155/2020/nd-cp,"Điều 151. Điều kiện cung cấp dịch vụ bù trừ, thanh toán giao dịch chứng khoán"
6e1235c013bd3419ed510dbf75101beff24d21bc,155/2020/nđ-cp+151,155/2020/nđ-cp,"Điều 151. Điều kiện cung cấp dịch vụ bù trừ, thanh toán giao dịch chứng khoán"
6e44133c200cf776e0bfdb8915ac8d3c6a656d5e,155/2020/nd-cp+273,155/2020/nd-cp,Điều 273. Cuộc họp Đại hội đồng cổ đông
6e44133c200cf776e0bfdb8915ac8d3c6a656d5e,155/2020/nđ-cp+273,155/2020/nđ-cp,Điều 273. Cuộc họp Đại hội đồng cổ đông
6e667a90308daf83ac60f91355b9f7dceffd4209,155/2020/nd-cp+223,155/2020/nd-cp,Điều 223. Hồ sơ đăng ký lập quỹ thành viên
6e667a90308daf83ac60f91355b9f7dceffd4209,155/2020/nđ-cp+223,155/2020/nđ-cp,Điều 223. Hồ sơ đăng ký lập quỹ thành viên
6f408a1c40a097324cee91d641fb925bc0dbc447,155/2020/nd-cp+63,155/2020/nd-cp,Điều 63. Tài liệu báo cáo phát hành cổ phiếu để tăng vốn cổ phần từ nguồn vốn chủ sở hữu của công ty đại chúng
6f408a1c40a097324cee91d641fb925bc0dbc447,155/2020/nđ-cp+63,155/2020/nđ-cp,Điều 63. Tài liệu báo cáo phát hành cổ phiếu để tăng vốn cổ phần từ nguồn vốn chủ sở hữu của công ty đại chúng
6f803f2084e9c78853d92cf7563f8e495bc08b63,155/2020/nd-cp+123,155/2020/nd-cp,Điều 123. Điều kiện niêm yết chứng khoán của tổ chức phát hành nước ngoài
6f803f2084e9c78853d92cf7563f8e495bc08b63,155/2020/nđ-cp+123,155/2020/nđ-cp,Điều 123. Điều kiện niêm yết chứng khoán của tổ chức phát hành nước ngoài
6ffbc50fc236bc412cfeb411499a16caa3bc8b5e,63/2019/nđ-+4,63/2019/nđ-,Điều 4. Hình thức xử phạt vi phạm hành chính và biện pháp khắc phục hậu quả
6ffbc50fc236bc412cfeb411499a16caa3bc8b5e,63/2019/nđ-cp+4,63/2019/nđ-cp,Điều 4. Hình thức xử phạt vi phạm hành chính và biện pháp khắc phục hậu quả
7028ecb943f019d341f61ff26d9aae582bbd8253,102/2017/nð-cp+23,102/2017/nð-cp,Điều 23. Đăng ký biện pháp bảo đảm trong trường hợp bổ sung nghĩa vụ được bảo đảm
7028ecb943f019d341f61ff26d9aae582bbd8253,102/2017/nđ-cp+23,102/2017/nđ-cp,Điều 23. Đăng ký biện pháp bảo đảm trong trường hợp bổ sung nghĩa vụ được bảo đảm
70adc53bd3e9af94f7e8f413693d3ed35cf9758f,155/2020/nd-cp+169,155/2020/nd-cp,"Điều 169. Đối tượng, phạm vi và nguyên tắc thực hiện đăng ký biện pháp bảo đảm"
70adc53bd3e9af94f7e8f413693d3ed35cf9758f,155/2020/nđ-cp+169,155/2020/nđ-cp,"Điều 169. Đối tượng, phạm vi và nguyên tắc thực hiện đăng ký biện pháp bảo đảm"
7148ad92ea94f23c80db00fbd43f512daa71083a,09/2017/qh14+2,09/2017/qh14,Điều 2. Đối tượng áp dụng
7148ad92ea94f23c80db00fbd43f512daa71083a,168/2017/nđ-cp+2,168/2017/nđ-cp,Điều 2. Đối tượng áp dụng
71ef1d65ae320803380ad288fc051f22cfc3d2ab,24/2020/nd-cp+6,24/2020/nd-cp,"Điều 6. Thực hiện biện pháp ngăn ngừa người chưa đủ 18 tuổi tiếp cận, truy cập, tìm kiếm thông tin và mua rượu, bia trong hoạt động bán rượu, bia theo hình thức thương mại điện tử"
71ef1d65ae320803380ad288fc051f22cfc3d2ab,24/2020/nđ-cp+6,24/2020/nđ-cp,"Điều 6. Thực hiện biện pháp ngăn ngừa người chưa đủ 18 tuổi tiếp cận, truy cập, tìm kiếm thông tin và mua rượu, bia trong hoạt động bán rượu, bia theo hình thức thương mại điện tử"
7229a4ab7fd75fd97babee2694abe6365db70174,155/2020/nd-cp+55,155/2020/nd-cp,"Điều 55. Điều kiện phát hành cổ phiếu để hoán đổi theo hợp đồng hợp nhất, sáp nhập"
7229a4ab7fd75fd97babee2694abe6365db70174,155/2020/nđ-cp+55,155/2020/nđ-cp,"Điều 55. Điều kiện phát hành cổ phiếu để hoán đổi theo hợp đồng hợp nhất, sáp nhập"
7273648ec19cacb319ed159b80c08d8e08d5c079,63/2019/nđ-+45,63/2019/nđ-,"Điều 45. Hành vi vi phạm quy định về nhập, xuất hàng dự trữ quốc gia"
7273648ec19cacb319ed159b80c08d8e08d5c079,63/2019/nđ-cp+45,63/2019/nđ-cp,"Điều 45. Hành vi vi phạm quy định về nhập, xuất hàng dự trữ quốc gia"
732a1d0bbf33b15410ce52a249073f5333b04ccd,102/2017/nð-cp+67,102/2017/nð-cp,"Điều 67. Trách nhiệm xây dựng, vận hành và quản lý Hệ thống dữ liệu quốc gia về biện pháp bảo đảm"
732a1d0bbf33b15410ce52a249073f5333b04ccd,102/2017/nđ-cp+67,102/2017/nđ-cp,"Điều 67. Trách nhiệm xây dựng, vận hành và quản lý Hệ thống dữ liệu quốc gia về biện pháp bảo đảm"
734c96343999427a03d6a7e091dbcf27f5205f7e,155/2020/nd-cp+160,155/2020/nd-cp,"Điều 160. Hồ sơ, trình tự, thủ tục đăng ký thành viên lưu ký, thành viên bù trừ sau hợp nhất, sáp nhập"
734c96343999427a03d6a7e091dbcf27f5205f7e,155/2020/nđ-cp+160,155/2020/nđ-cp,"Điều 160. Hồ sơ, trình tự, thủ tục đăng ký thành viên lưu ký, thành viên bù trừ sau hợp nhất, sáp nhập"
735d238b2224891b39e13a715336cb1e9bf8a546,155/2020/nd-cp+174,155/2020/nd-cp,Điều 174. Quy định chung
735d238b2224891b39e13a715336cb1e9bf8a546,155/2020/nđ-cp+174,155/2020/nđ-cp,Điều 174. Quy định chung
73a083375a5ecbde502de43fd63b4f2c0191b174,63/2019/nđ-+49,63/2019/nđ-,"Điều 49. Hành vi vi phạm quy định về kinh doanh, cầm cố, thế chấp, cho thuê, khai thác tài sản thuộc dự trữ quốc gia"
73a083375a5ecbde502de43fd63b4f2c0191b174,63/2019/nđ-cp+49,63/2019/nđ-cp,"Điều 49. Hành vi vi phạm quy định về kinh doanh, cầm cố, thế chấp, cho thuê, khai thác tài sản thuộc dự trữ quốc gia"
741cc9ce2bd82ecd5af3b8c134bf036bcaf63fbc,136/2013/tt-btc+5,136/2013/tt-btc,Điều 5. Giá trị tham gia dự thưởng
741cc9ce2bd82ecd5af3b8c134bf036bcaf63fbc,36/2019/tt-btc+5,36/2019/tt-btc,Điều 5. Giá trị tham gia dự thưởng
753253c0de644dcb43d9610bfe3b08036738196b,155/2020/nd-cp+133,155/2020/nd-cp,Điều 133. Đối tượng và thời hạn thực hiện đăng ký giao dịch
753253c0de644dcb43d9610bfe3b08036738196b,155/2020/nđ-cp+133,155/2020/nđ-cp,Điều 133. Đối tượng và thời hạn thực hiện đăng ký giao dịch
753cbfdc4df66e5fd3f03de237a8357960ce8577,155/2020/nd-cp+188,155/2020/nd-cp,"Điều 188. Giảm vốn điều lệ của công ty chứng khoán, công ty quản lý quỹ đầu tư chứng khoán, chi nhánh công ty chứng khoán, công ty quản lý quỹ nước ngoài tại Việt Nam"
753cbfdc4df66e5fd3f03de237a8357960ce8577,155/2020/nđ-cp+188,155/2020/nđ-cp,"Điều 188. Giảm vốn điều lệ của công ty chứng khoán, công ty quản lý quỹ đầu tư chứng khoán, chi nhánh công ty chứng khoán, công ty quản lý quỹ nước ngoài tại Việt Nam"
7636fcdd159bec31fcb37d22965a752c7f88a65e,63/2019/nđ-+3,63/2019/nđ-,Điều 3. Thời hiệu xử phạt vi phạm hành chính
7636fcdd159bec31fcb37d22965a752c7f88a65e,63/2019/nđ-cp+3,63/2019/nđ-cp,Điều 3. Thời hiệu xử phạt vi phạm hành chính
76d28829ee3f2bde999352a896aa22234344bf30,155/2020/nd-cp+116,155/2020/nd-cp,"Điều 116. Hồ sơ, thủ tục tiếp tục niêm yết, đăng ký niêm yết cổ phiếu của doanh nghiệp sau quá trình cơ cấu lại khác"
76d28829ee3f2bde999352a896aa22234344bf30,155/2020/nđ-cp+116,155/2020/nđ-cp,"Điều 116. Hồ sơ, thủ tục tiếp tục niêm yết, đăng ký niêm yết cổ phiếu của doanh nghiệp sau quá trình cơ cấu lại khác"
77065318323c5a556953d86c5f69d6fc648ba0ca,63/2019/nđ-+58,63/2019/nđ-,Điều 58. Hành vi vi phạm thủ tục kiểm soát cam kết chi
77065318323c5a556953d86c5f69d6fc648ba0ca,63/2019/nđ-cp+58,63/2019/nđ-cp,Điều 58. Hành vi vi phạm thủ tục kiểm soát cam kết chi
774595ed080f9a576d6dc0648e79d6ad0b32f407,63/2019/nđ-+59,63/2019/nđ-,"Điều 59. Hành vi vi phạm thủ tục, thời hạn thanh toán tạm ứng ngân sách nhà nước"
774595ed080f9a576d6dc0648e79d6ad0b32f407,63/2019/nđ-cp+59,63/2019/nđ-cp,"Điều 59. Hành vi vi phạm thủ tục, thời hạn thanh toán tạm ứng ngân sách nhà nước"
77a6b04b8653312ba86d11b0f3f8cef3a301130d,155/2020/nd-cp+275,155/2020/nd-cp,Điều 275. Tư cách thành viên Hội đồng quản trị
77a6b04b8653312ba86d11b0f3f8cef3a301130d,155/2020/nđ-cp+275,155/2020/nđ-cp,Điều 275. Tư cách thành viên Hội đồng quản trị
77b74a25c6a86b768fcf3d468b2b0b6010bb0704,155/2020/nd-cp+178,155/2020/nd-cp,"Điều 178. Cấp Giấy chứng nhận đăng ký hoạt động văn phòng đại diện công ty chứng khoán, công ty quản lý quỹ nước ngoài tại Việt Nam"
77b74a25c6a86b768fcf3d468b2b0b6010bb0704,155/2020/nđ-cp+178,155/2020/nđ-cp,"Điều 178. Cấp Giấy chứng nhận đăng ký hoạt động văn phòng đại diện công ty chứng khoán, công ty quản lý quỹ nước ngoài tại Việt Nam"
77fa9ac1457666457fd5ff307e1093b3b3a33bc1,155/2020/nd-cp+44,155/2020/nd-cp,Điều 44. Điều kiện công ty đại chúng chào bán cổ phiếu riêng lẻ với giá thấp hơn mệnh giá
77fa9ac1457666457fd5ff307e1093b3b3a33bc1,155/2020/nđ-cp+44,155/2020/nđ-cp,Điều 44. Điều kiện công ty đại chúng chào bán cổ phiếu riêng lẻ với giá thấp hơn mệnh giá
7825b51e199c3ee5abf1da733ff7e9343dc5eaba,155/2020/nd-cp+190,155/2020/nd-cp,"Điều 190. Điều kiện thành lập, bổ sung nghiệp vụ chi nhánh trong nước của công ty chứng khoán, công ty quản lý quỹ đầu tư chứng khoán"
7825b51e199c3ee5abf1da733ff7e9343dc5eaba,155/2020/nđ-cp+190,155/2020/nđ-cp,"Điều 190. Điều kiện thành lập, bổ sung nghiệp vụ chi nhánh trong nước của công ty chứng khoán, công ty quản lý quỹ đầu tư chứng khoán"
7887aa9ad6e4799bae39c17b2ac13175b63f6617,155/2020/nd-cp+114,155/2020/nd-cp,"Điều 114. Hồ sơ, trình tự, thủ tục tiếp tục niêm yết, đăng ký niêm yết cổ phiếu sau sáp nhập"
7887aa9ad6e4799bae39c17b2ac13175b63f6617,155/2020/nđ-cp+114,155/2020/nđ-cp,"Điều 114. Hồ sơ, trình tự, thủ tục tiếp tục niêm yết, đăng ký niêm yết cổ phiếu sau sáp nhập"
795fe9fa24e43f73318bbec14a5c65c277a205a2,63/2019/nđ-+43,63/2019/nđ-,"Điều 43. Hành vi xâm phạm, phá hoại cơ sở vật chất - kỹ thuật, kho bảo quản hàng dự trữ quốc gia, hàng dự trữ quốc gia nhưng chưa đến mức truy cứu trách nhiệm hình sự"
795fe9fa24e43f73318bbec14a5c65c277a205a2,63/2019/nđ-cp+43,63/2019/nđ-cp,"Điều 43. Hành vi xâm phạm, phá hoại cơ sở vật chất - kỹ thuật, kho bảo quản hàng dự trữ quốc gia, hàng dự trữ quốc gia nhưng chưa đến mức truy cứu trách nhiệm hình sự"
7976d4c9bca525e3ad286326785a66db019cf7f3,155/2020/nd-cp+64,155/2020/nd-cp,Điều 64. Điều kiện công ty đại chúng phát hành cổ phiếu theo chương trình lựa chọn cho người lao động trong công ty
7976d4c9bca525e3ad286326785a66db019cf7f3,155/2020/nđ-cp+64,155/2020/nđ-cp,Điều 64. Điều kiện công ty đại chúng phát hành cổ phiếu theo chương trình lựa chọn cho người lao động trong công ty
79eb09397666dc7465b58615031fec449d2faec7,146/2018/nð-cp+16,146/2018/nð-cp,"Điều 16. Hồ sơ ký hợp đồng khám bệnh, chữa bệnh bảo hiểm y tế"
79eb09397666dc7465b58615031fec449d2faec7,146/2018/nđ-cp+16,146/2018/nđ-cp,"Điều 16. Hồ sơ ký hợp đồng khám bệnh, chữa bệnh bảo hiểm y tế"
7a3410c5f5e67cc92a8b08dd1cde2c9454d99ee7,146/2018/nð-cp+11,146/2018/nð-cp,Điều 11. Lập danh sách cấp thẻ bảo hiểm y tế của một số đối tượng
7a3410c5f5e67cc92a8b08dd1cde2c9454d99ee7,146/2018/nđ-cp+11,146/2018/nđ-cp,Điều 11. Lập danh sách cấp thẻ bảo hiểm y tế của một số đối tượng
7a49ef252cba603b0b5a522c3a46c5ef846732b5,102/2017/nð-cp+21,102/2017/nð-cp,Điều 21. Các trường hợp xóa đăng ký biện pháp bảo đảm
7a49ef252cba603b0b5a522c3a46c5ef846732b5,102/2017/nđ-cp+21,102/2017/nđ-cp,Điều 21. Các trường hợp xóa đăng ký biện pháp bảo đảm
7a5f2d8a84e64bece344c8d90ca15b5fc3ac231e,05/2018/tt-bvhttdl+7,05/2018/tt-bvhttdl,Điều 7. Tổ chức thực hiện
7a5f2d8a84e64bece344c8d90ca15b5fc3ac231e,09/2018/tt-bvhttdl+7,09/2018/tt-bvhttdl,Điều 7. Tổ chức thực hiện
7a5f2d8a84e64bece344c8d90ca15b5fc3ac231e,10/2018/tt-bvhttdl+7,10/2018/tt-bvhttdl,Điều 7. Tổ chức thực hiện.
7a5f2d8a84e64bece344c8d90ca15b5fc3ac231e,11/2018/tt-bvhttdl+7,11/2018/tt-bvhttdl,Điều 7. Tổ chức thực hiện
7a5f2d8a84e64bece344c8d90ca15b5fc3ac231e,13/2018/tt-bvhttdl+7,13/2018/tt-bvhttdl,Điều 7. Tổ chức thực hiện
7a5f2d8a84e64bece344c8d90ca15b5fc3ac231e,18/2018/tt-bvhttdl+7,18/2018/tt-bvhttdl,Điều 7. Tổ chức thực hiện
7a5f2d8a84e64bece344c8d90ca15b5fc3ac231e,20/2018/tt-bvhttdl+7,20/2018/tt-bvhttdl,Điều 7. Tổ chức thực hiện
7a5f2d8a84e64bece344c8d90ca15b5fc3ac231e,27/2018/tt-bvhttdl+7,27/2018/tt-bvhttdl,Điều 7. Tổ chức thực hiện
7a5f2d8a84e64bece344c8d90ca15b5fc3ac231e,31/2018/tt-bvhttdl+7,31/2018/tt-bvhttdl,Điều 7. Tổ chức thực hiện
7a5f2d8a84e64bece344c8d90ca15b5fc3ac231e,32/2018/tt-bvhttdl+7,32/2018/tt-bvhttdl,Điều 7. Tổ chức thực hiện
7abcb614da679cdfc88d1312471d6b83de773d5a,155/2020/nd-cp+10,155/2020/nd-cp,Điều 10. Hình thức chào bán chứng khoán ra công chúng
7abcb614da679cdfc88d1312471d6b83de773d5a,155/2020/nđ-cp+10,155/2020/nđ-cp,Điều 10. Hình thức chào bán chứng khoán ra công chúng
7b8937870ee7320d57ed3a7c7e21bdb4393e2970,155/2020/nd-cp+207,155/2020/nd-cp,"Điều 207. Hồ sơ, thủ tục chấp thuận tổ chức lại công ty chứng khoán, công ty quản lý quỹ đầu tư chứng khoán"
7b8937870ee7320d57ed3a7c7e21bdb4393e2970,155/2020/nđ-cp+207,155/2020/nđ-cp,"Điều 207. Hồ sơ, thủ tục chấp thuận tổ chức lại công ty chứng khoán, công ty quản lý quỹ đầu tư chứng khoán"
7bcacec5ab60354e6fba80def896b7230d278263,155/2020/nd-cp+39,155/2020/nd-cp,Điều 39. Điều kiện chào bán chứng khoán ra công chúng của tổ chức tín dụng được kiểm soát đặc biệt
7bcacec5ab60354e6fba80def896b7230d278263,155/2020/nđ-cp+39,155/2020/nđ-cp,Điều 39. Điều kiện chào bán chứng khoán ra công chúng của tổ chức tín dụng được kiểm soát đặc biệt
7bf4d3993c191fad2524f60855dc263c2565fb05,19/2019/nđ+11,19/2019/nđ,Điều 11. Chấm dứt dây họ
7bf4d3993c191fad2524f60855dc263c2565fb05,19/2019/nđ-cp+11,19/2019/nđ-cp,Điều 11. Chấm dứt dây họ
7c1c5afabf25be19f5f4d737c7bb49fb04a9d784,84/2019/nđ-+10,84/2019/nđ-,"Điều 10. Hồ sơ, trình tự và thẩm quyền cấp Quyết định công nhận tổ chức khảo nghiệm phân bón"
7c1c5afabf25be19f5f4d737c7bb49fb04a9d784,84/2019/nđ-cp+10,84/2019/nđ-cp,"Điều 10. Hồ sơ, trình tự và thẩm quyền cấp Quyết định công nhận tổ chức khảo nghiệm phân bón"
7c3b585a8ab27ab44e8d56db7afb6dfc4e93e608,24/2020/nd-cp+18,24/2020/nd-cp,Điều 18. Trách nhiệm quản lý nhà nước của Bộ Công an
7c3b585a8ab27ab44e8d56db7afb6dfc4e93e608,24/2020/nđ-cp+18,24/2020/nđ-cp,Điều 18. Trách nhiệm quản lý nhà nước của Bộ Công an
7c662780730a91fe57ce38127993d401385f0b36,155/2020/nd-cp+249,155/2020/nd-cp,Điều 249. Hồ sơ chào bán chứng chỉ quỹ bất động sản ra công chúng
7c662780730a91fe57ce38127993d401385f0b36,155/2020/nđ-cp+249,155/2020/nđ-cp,Điều 249. Hồ sơ chào bán chứng chỉ quỹ bất động sản ra công chúng
7c6b80af86ac9ee5e4a398472dc5e775f44f3993,155/2020/nd-cp+11,155/2020/nd-cp,Điều 11. Hồ sơ đăng ký chào bán cổ phiếu lần đầu ra công chúng của công ty cổ phần
7c6b80af86ac9ee5e4a398472dc5e775f44f3993,155/2020/nđ-cp+11,155/2020/nđ-cp,Điều 11. Hồ sơ đăng ký chào bán cổ phiếu lần đầu ra công chúng của công ty cổ phần
7d0d0ffd97e7941cad2659a55a23aec61cf0030e,24/2020/nd-cp+22,24/2020/nd-cp,Điều 22. Trách nhiệm quản lý nhà nước của Bộ Thông tin và Truyền thông
7d0d0ffd97e7941cad2659a55a23aec61cf0030e,24/2020/nđ-cp+22,24/2020/nđ-cp,Điều 22. Trách nhiệm quản lý nhà nước của Bộ Thông tin và Truyền thông
7daa446ef370b87e3e64797e6a715aff6f44cd94,155/2020/nd-cp+18,155/2020/nd-cp,Điều 18. Hồ sơ đăng ký chào bán thêm cổ phiếu ra công chúng với giá thấp hơn mệnh giá của công ty đại chúng
7daa446ef370b87e3e64797e6a715aff6f44cd94,155/2020/nđ-cp+18,155/2020/nđ-cp,Điều 18. Hồ sơ đăng ký chào bán thêm cổ phiếu ra công chúng với giá thấp hơn mệnh giá của công ty đại chúng
7df65b66f4c0570f888286c0e08b18754191965e,91/2019/nd-cp+40,91/2019/nd-cp,Điều 40. Biên bản và thẩm quyền lập biên bản vi phạm hành chính
7df65b66f4c0570f888286c0e08b18754191965e,91/2019/nđ-cp+40,91/2019/nđ-cp,Điều 40. Biên bản và thẩm quyền lập biên bản vi phạm hành chính
7fc2226bb48e829ac7e7a4bf6215daacda42dad8,155/2020/nd-cp+279,155/2020/nd-cp,Điều 279. Cuộc họp Hội đồng quản trị
7fc2226bb48e829ac7e7a4bf6215daacda42dad8,155/2020/nđ-cp+279,155/2020/nđ-cp,Điều 279. Cuộc họp Hội đồng quản trị
7fcb58112522d97ff093f27b6162bb2cc5095c9d,140/2016/nđ-cp+5,140/2016/nđ-cp,Điều 5. Căn cứ tính lệ phí trước bạ
7fcb58112522d97ff093f27b6162bb2cc5095c9d,45/2011/nđ-cp+5,45/2011/nđ-cp,Điều 5. Căn cứ tính lệ phí trước bạ
7ffd73b0d64b27ed129b7db8ebf44976b03e40b1,155/2020/nd-cp+285,155/2020/nd-cp,"Điều 285. Ứng cử, đề cử thành viên Ban kiểm soát"
7ffd73b0d64b27ed129b7db8ebf44976b03e40b1,155/2020/nđ-cp+285,155/2020/nđ-cp,"Điều 285. Ứng cử, đề cử thành viên Ban kiểm soát"
802509c7a4156eb2c35d84d7de6bbd3361846a1f,63/2019/nđ-+63,63/2019/nđ-,Điều 63. Thẩm quyền xử phạt của Thanh tra
802509c7a4156eb2c35d84d7de6bbd3361846a1f,63/2019/nđ-cp+63,63/2019/nđ-cp,Điều 63. Thẩm quyền xử phạt của Thanh tra
808e5c75e56f4a6f52fb9d64ab0e6243fcb23d9b,84/2019/nđ-+26,84/2019/nđ-,Điều 26. Trách nhiệm của Sở Nông nghiệp và Phát triển nông thôn cấp tỉnh
808e5c75e56f4a6f52fb9d64ab0e6243fcb23d9b,84/2019/nđ-cp+26,84/2019/nđ-cp,Điều 26. Trách nhiệm của Sở Nông nghiệp và Phát triển nông thôn cấp tỉnh
809a2768769f3b30ea80edee3cd73a847489d33d,102/2017/nð-cp+61,102/2017/nð-cp,Điều 61. Từ chối cung cấp thông tin về biện pháp bảo đảm
809a2768769f3b30ea80edee3cd73a847489d33d,102/2017/nđ-cp+61,102/2017/nđ-cp,Điều 61. Từ chối cung cấp thông tin về biện pháp bảo đảm
80f29a6c25d47f7c6f73397f8c2a0d118bd1dc4e,141/2017/nđ-cp+1,141/2017/nđ-cp,Điều 1. Phạm vi điều chỉnh
80f29a6c25d47f7c6f73397f8c2a0d118bd1dc4e,157/2018/nđ-cp+1,157/2018/nđ-cp,Điều 1. Phạm vi điều chỉnh
80f29a6c25d47f7c6f73397f8c2a0d118bd1dc4e,90/2019/nđ-cp+1,90/2019/nđ-cp,Điều 1. Phạm vi điều chỉnh
81baba3df5f8ede77357a7eb0ba949df018ff3b0,215/2016/tt-btc+6,215/2016/tt-btc,"Điều 6. Kê khai, nộp phí, lệ phí"
81baba3df5f8ede77357a7eb0ba949df018ff3b0,281/2016/tt-btc+6,281/2016/tt-btc,"Điều 6. Kê khai, nộp phí, lệ phí"
826f97131859cf87bcee0c01c59dd5e7fc2d390a,155/2020/nd-cp+95,155/2020/nd-cp,Điều 95. Báo cáo và công bố thông tin về kết quả chào mua công khai
826f97131859cf87bcee0c01c59dd5e7fc2d390a,155/2020/nđ-cp+95,155/2020/nđ-cp,Điều 95. Báo cáo và công bố thông tin về kết quả chào mua công khai
82ab5f49ee176d8674cc1052915dc37b87df0496,24/2020/nd-cp+11,24/2020/nd-cp,"Điều 11. Chi sàng lọc, phát hiện sớm yếu tố nguy cơ đối với sức khỏe của người uống rượu, bia; người mắc bệnh, rối loạn chức năng do uống rượu, bia; người nghiện rượu, bia"
82ab5f49ee176d8674cc1052915dc37b87df0496,24/2020/nđ-cp+11,24/2020/nđ-cp,"Điều 11. Chi sàng lọc, phát hiện sớm yếu tố nguy cơ đối với sức khỏe của người uống rượu, bia; người mắc bệnh, rối loạn chức năng do uống rượu, bia; người nghiện rượu, bia"
82ffb63d10ab2836b260a16d6853c4917fdaaf93,155/2020/nd-cp+176,155/2020/nd-cp,"Điều 176. Hồ sơ đề nghị cấp, cấp đổi Giấy phép thành lập và hoạt động kinh doanh chứng khoán của công ty chứng khoán, công ty quản lý quỹ đầu tư chứng khoán"
82ffb63d10ab2836b260a16d6853c4917fdaaf93,155/2020/nđ-cp+176,155/2020/nđ-cp,"Điều 176. Hồ sơ đề nghị cấp, cấp đổi Giấy phép thành lập và hoạt động kinh doanh chứng khoán của công ty chứng khoán, công ty quản lý quỹ đầu tư chứng khoán"
83418c08b5225d5cebeca2c3a76c906f730822d0,152/2017/nđ-cp+2,152/2017/nđ-cp,Điều 2. Đối tượng áp dụng
83418c08b5225d5cebeca2c3a76c906f730822d0,50/2017/qđ-ttg+2,50/2017/qđ-ttg,Điều 2. Đối tượng áp dụng
83697432056f73509b5299f46d0960cb003d2e3a,146/2013/nđ-cp+4,146/2013/nđ-cp,Điều 4. Nội dung quản lý nhà nước về công bố tuyến hàng hải và phân luồng giao thông trong lãnh hải Việt Nam
83697432056f73509b5299f46d0960cb003d2e3a,16/2018/nđ-cp+4,16/2018/nđ-cp,Điều 4. Nội dung quản lý nhà nước về công bố tuyến hàng hải và phân luồng giao thông trong lãnh hải Việt Nam
83e9ca2e073a12e8117c28369d191c01e536b585,259/2016/tt-btc+4,259/2016/tt-btc,"Điều 4. Mức thu phí, lệ phí"
83e9ca2e073a12e8117c28369d191c01e536b585,281/2016/tt-btc+4,281/2016/tt-btc,"Điều 4. Mức thu phí, lệ phí"
847750205aebd27cc951380e7f47c549d183edb0,102/2017/nð-cp+4,102/2017/nð-cp,Điều 4. Các trường hợp đăng ký
847750205aebd27cc951380e7f47c549d183edb0,102/2017/nđ-cp+4,102/2017/nđ-cp,Điều 4. Các trường hợp đăng ký
8490b64586ac603b4120e06ebd7481a1e70abd09,19/2019/nđ+25,19/2019/nđ,Điều 25. Giải quyết tranh chấp và xử lý vi phạm
8490b64586ac603b4120e06ebd7481a1e70abd09,19/2019/nđ-cp+25,19/2019/nđ-cp,Điều 25. Giải quyết tranh chấp và xử lý vi phạm
8526c4d2f06a05b10596827b2180943fb59a8d31,155/2020/nd-cp+219,155/2020/nd-cp,Điều 219. Điều kiện đăng ký hoạt động đại lý phân phối chứng chỉ quỹ đại chúng
8526c4d2f06a05b10596827b2180943fb59a8d31,155/2020/nđ-cp+219,155/2020/nđ-cp,Điều 219. Điều kiện đăng ký hoạt động đại lý phân phối chứng chỉ quỹ đại chúng
853916fd8e103a67f1e4b5c903e3ec90a3d394e5,155/2020/nd-cp+66,155/2020/nd-cp,Điều 66. Chứng khoán của tổ chức nước ngoài thưởng cho người lao động Việt Nam làm việc trong các tổ chức nước ngoài tại Việt Nam
853916fd8e103a67f1e4b5c903e3ec90a3d394e5,155/2020/nđ-cp+66,155/2020/nđ-cp,Điều 66. Chứng khoán của tổ chức nước ngoài thưởng cho người lao động Việt Nam làm việc trong các tổ chức nước ngoài tại Việt Nam
85737325656be0eafa94384cd3cd6f02640cb729,155/2020/nd-cp+93,155/2020/nd-cp,Điều 93. Giao dịch chào mua công khai
85737325656be0eafa94384cd3cd6f02640cb729,155/2020/nđ-cp+93,155/2020/nđ-cp,Điều 93. Giao dịch chào mua công khai
88878a40454a0035e30535001da878f73a8ebcd0,155/2020/nd-cp+293,155/2020/nd-cp,"Điều 293. Giao dịch với cổ đông, người quản lý doanh nghiệp và người có liên quan của các đối tượng này"
88878a40454a0035e30535001da878f73a8ebcd0,155/2020/nđ-cp+293,155/2020/nđ-cp,"Điều 293. Giao dịch với cổ đông, người quản lý doanh nghiệp và người có liên quan của các đối tượng này"
88e49a6621943c665c210af7f0dbabf383eddc59,155/2020/nd-cp+220,155/2020/nd-cp,"Điều 220. Hồ sơ, trình tự, thủ tục cấp Giấy chứng nhận đăng ký hoạt động phân phối chứng chỉ quỹ đại chúng"
88e49a6621943c665c210af7f0dbabf383eddc59,155/2020/nđ-cp+220,155/2020/nđ-cp,"Điều 220. Hồ sơ, trình tự, thủ tục cấp Giấy chứng nhận đăng ký hoạt động phân phối chứng chỉ quỹ đại chúng"
892cd573fffdb7496f857499457e7cde6ed5170c,102/2017/nð-cp+5,102/2017/nð-cp,Điều 5. Thời điểm có hiệu lực của đăng ký biện pháp bảo đảm
892cd573fffdb7496f857499457e7cde6ed5170c,102/2017/nđ-cp+5,102/2017/nđ-cp,Điều 5. Thời điểm có hiệu lực của đăng ký biện pháp bảo đảm
898ed20622ec5fb29f01fcb8f3872e049c5bec7c,155/2020/nd-cp+162,155/2020/nd-cp,Điều 162. Thu hồi Giấy chứng nhận thành viên lưu ký
898ed20622ec5fb29f01fcb8f3872e049c5bec7c,155/2020/nđ-cp+162,155/2020/nđ-cp,Điều 162. Thu hồi Giấy chứng nhận thành viên lưu ký
8a43b6639f3aaffa033f29ce786314149c5f72d2,155/2020/nd-cp+67,155/2020/nd-cp,"Điều 67. Trình tự, thủ tục công ty đại chúng phát hành cổ phiếu để chuyển đổi trái phiếu chuyển đổi"
8a43b6639f3aaffa033f29ce786314149c5f72d2,155/2020/nđ-cp+67,155/2020/nđ-cp,"Điều 67. Trình tự, thủ tục công ty đại chúng phát hành cổ phiếu để chuyển đổi trái phiếu chuyển đổi"
8aa2b568d4d9f98b1045d7a54bae6a072c100a20,09/2014/ttlt-btp-tandtc-vksndtc+24,09/2014/ttlt-btp-tandtc-vksndtc,Điều 24. Tổ chức thực hiện
8aa2b568d4d9f98b1045d7a54bae6a072c100a20,09/2014/ttlt-btp-tandtc-vksndtc-btc+24,09/2014/ttlt-btp-tandtc-vksndtc-btc,Điều 24. Tổ chức thực hiện
8aa8b7ad51fcde879b509529d4c9f83fa3f9abf2,155/2020/nd-cp+59,155/2020/nd-cp,"Điều 59. Trình tự, thủ tục phát hành cổ phiếu để hoán đổi"
8aa8b7ad51fcde879b509529d4c9f83fa3f9abf2,155/2020/nđ-cp+59,155/2020/nđ-cp,"Điều 59. Trình tự, thủ tục phát hành cổ phiếu để hoán đổi"
8acf5ba514227023818458fe1098a85439ea3324,91/2019/nd-cp+16,91/2019/nd-cp,Điều 16. Gây cản trở hoặc thiệt hại cho việc sử dụng đất của người khác
8acf5ba514227023818458fe1098a85439ea3324,91/2019/nđ-cp+16,91/2019/nđ-cp,Điều 16. Gây cản trở hoặc thiệt hại cho việc sử dụng đất của người khác
8af461415f8cde178e5745a8c597874bf9b059f2,146/2018/nð-cp+25,146/2018/nð-cp,Điều 25. Thanh toán theo định suất
8af461415f8cde178e5745a8c597874bf9b059f2,146/2018/nđ-cp+25,146/2018/nđ-cp,Điều 25. Thanh toán theo định suất
8b06acd39b50d884df13d58bd7c17d92f3fc16a3,91/2019/nd-cp+7,91/2019/nd-cp,Điều 7. Việc xác định số lợi bất hợp pháp
8b06acd39b50d884df13d58bd7c17d92f3fc16a3,91/2019/nđ-cp+7,91/2019/nđ-cp,Điều 7. Việc xác định số lợi bất hợp pháp
8b9b5a1032a9f89076d90dce1e741494ddac3f52,84/2019/nđ-+5,84/2019/nđ-,"Điều 5. Hồ sơ, trình tự và thẩm quyền cấp Quyết định công nhận phân bón lưu hành tại Việt Nam"
8b9b5a1032a9f89076d90dce1e741494ddac3f52,84/2019/nđ-cp+5,84/2019/nđ-cp,"Điều 5. Hồ sơ, trình tự và thẩm quyền cấp Quyết định công nhận phân bón lưu hành tại Việt Nam"
8bace8984bacf7d660d91f8f6b0eae1fcadf9e6f,155/2020/nd-cp+260,155/2020/nd-cp,Điều 260. Hồ sơ cấp giấy phép thành lập và hoạt động của công ty đầu tư chứng khoán đại chúng
8bace8984bacf7d660d91f8f6b0eae1fcadf9e6f,155/2020/nđ-cp+260,155/2020/nđ-cp,Điều 260. Hồ sơ cấp giấy phép thành lập và hoạt động của công ty đầu tư chứng khoán đại chúng
8bc016195fb5d0371e9bcc8a0f7892f1ed3b0563,91/2019/nd-cp+33,91/2019/nd-cp,Điều 33. Không làm thủ tục chuyển sang thuê đất đối với trường hợp quy định tại khoản 2 Điều 60 của Luật đất đai
8bc016195fb5d0371e9bcc8a0f7892f1ed3b0563,91/2019/nđ-cp+33,91/2019/nđ-cp,Điều 33. Không làm thủ tục chuyển sang thuê đất đối với trường hợp quy định tại khoản 2 Điều 60 của Luật đất đai
8c4651e6e878b72876c86c8881a5f335106d4c9b,155/2020/nd-cp+9,155/2020/nd-cp,"Điều 9. Báo cáo và công bố thông tin về việc sử dụng vốn, số tiền thu được từ đợt chào bán, đợt phát hành"
8c4651e6e878b72876c86c8881a5f335106d4c9b,155/2020/nđ-cp+9,155/2020/nđ-cp,"Điều 9. Báo cáo và công bố thông tin về việc sử dụng vốn, số tiền thu được từ đợt chào bán, đợt phát hành"
8c47d997bfaf0f94c5c0b4b7bac7f24722ca1473,155/2020/nd-cp+21,155/2020/nd-cp,"Điều 21. Điều kiện chào bán trái phiếu chuyển đổi, trái phiếu kèm chứng quyền ra công chúng của công ty đại chúng"
8c47d997bfaf0f94c5c0b4b7bac7f24722ca1473,155/2020/nđ-cp+21,155/2020/nđ-cp,"Điều 21. Điều kiện chào bán trái phiếu chuyển đổi, trái phiếu kèm chứng quyền ra công chúng của công ty đại chúng"
8c6aad6d8bedbb8055da0012e1bc8fcb60549712,102/2017/nð-cp+7,102/2017/nð-cp,"Điều 7. Nguyên tắc đăng ký, cung cấp thông tin về biện pháp bảo đảm"
8c6aad6d8bedbb8055da0012e1bc8fcb60549712,102/2017/nđ-cp+7,102/2017/nđ-cp,"Điều 7. Nguyên tắc đăng ký, cung cấp thông tin về biện pháp bảo đảm"
8c92b39dffc8bec9928b0a7fce2a74d3b99b6fc9,102/2017/nð-cp+56,102/2017/nð-cp,Điều 56. Thủ tục đăng ký trực tuyến
8c92b39dffc8bec9928b0a7fce2a74d3b99b6fc9,102/2017/nđ-cp+56,102/2017/nđ-cp,Điều 56. Thủ tục đăng ký trực tuyến
8da9e871593293348bbb2d7e225a37ab400ad10d,155/2020/nd-cp+259,155/2020/nd-cp,Điều 259. Điều kiện cấp giấy phép thành lập và hoạt động của công ty đầu tư chứng khoán
8da9e871593293348bbb2d7e225a37ab400ad10d,155/2020/nđ-cp+259,155/2020/nđ-cp,Điều 259. Điều kiện cấp giấy phép thành lập và hoạt động của công ty đầu tư chứng khoán
8ee2c0fd518bf96142e36a63b262126ef734ed8c,155/2020/nd-cp+182,155/2020/nd-cp,"Điều 182. Người đại diện theo pháp luật của công ty chứng khoán, công ty quản lý quỹ đầu tư chứng khoán"
8ee2c0fd518bf96142e36a63b262126ef734ed8c,155/2020/nđ-cp+182,155/2020/nđ-cp,"Điều 182. Người đại diện theo pháp luật của công ty chứng khoán, công ty quản lý quỹ đầu tư chứng khoán"
8f2e67428c2d03938e12015eb6899cdaea10e0ba,155/2020/nd-cp+138,155/2020/nd-cp,Điều 138. Hoạt động đầu tư chứng khoán của nhà đầu tư nước ngoài
8f2e67428c2d03938e12015eb6899cdaea10e0ba,155/2020/nđ-cp+138,155/2020/nđ-cp,Điều 138. Hoạt động đầu tư chứng khoán của nhà đầu tư nước ngoài
8f4a84c703bb57381903ac4c708299b409328588,01/2014/nđ-cp+2,01/2014/nđ-cp,Điều 2. Đối tượng áp dụng
8f4a84c703bb57381903ac4c708299b409328588,38/2014/tt-nhnn+2,38/2014/tt-nhnn,Điều 2. Đối tượng áp dụng
8f5164e12d2acfb0c6bce9472798dfffa115a92c,155/2020/nd-cp+89,155/2020/nd-cp,"Điều 89. Trách nhiệm của tổ chức, cá nhân chào mua công khai"
8f5164e12d2acfb0c6bce9472798dfffa115a92c,155/2020/nđ-cp+89,155/2020/nđ-cp,"Điều 89. Trách nhiệm của tổ chức, cá nhân chào mua công khai"
8f5214055b5f4139d4f13ac8b5ec1752858ed70a,15/2013/tt-btnmt+11,15/2013/tt-btnmt,Điều 11. Tổ chức thực hiện
8f5214055b5f4139d4f13ac8b5ec1752858ed70a,16/2013/tt-btnmt+11,16/2013/tt-btnmt,Điều 11. Tổ chức thực hiện
8f5214055b5f4139d4f13ac8b5ec1752858ed70a,17/2013/tt-btnmt+11,17/2013/tt-btnmt,Điều 11. Tổ chức thực hiện
8fa766a93f4bb5ab4a2e24b29b7c81b2f38a008d,63/2019/nđ-+5,63/2019/nđ-,Điều 5. Áp dụng mức phạt tiền
8fa766a93f4bb5ab4a2e24b29b7c81b2f38a008d,63/2019/nđ-cp+5,63/2019/nđ-cp,Điều 5. Áp dụng mức phạt tiền
9040a92f101663bc0bb9ac45f501c352088680a4,155/2020/nd-cp+1,155/2020/nd-cp,Điều 1. Phạm vi điều chỉnh
9040a92f101663bc0bb9ac45f501c352088680a4,155/2020/nđ-cp+1,155/2020/nđ-cp,Điều 1. Phạm vi điều chỉnh
916a9da497ea5cc4cae187b799758d650b932f62,155/2020/nd-cp+98,155/2020/nd-cp,Điều 98. Hồ sơ đăng ký thành viên giao dịch
916a9da497ea5cc4cae187b799758d650b932f62,155/2020/nđ-cp+98,155/2020/nđ-cp,Điều 98. Hồ sơ đăng ký thành viên giao dịch
916dbf5c792ed38cec1fed9193b42295864fa51b,155/2020/nd-cp+92,155/2020/nd-cp,Điều 92. Rút lại đề nghị chào mua công khai
916dbf5c792ed38cec1fed9193b42295864fa51b,155/2020/nđ-cp+92,155/2020/nđ-cp,Điều 92. Rút lại đề nghị chào mua công khai
916f477b001bc535eb6c6b23bd3057bb69fccf60,155/2020/nd-cp+189,155/2020/nd-cp,"Điều 189. Chào bán và niêm yết chứng khoán của công ty chứng khoán, công ty quản lý quỹ đầu tư chứng khoán tại nước ngoài"
916f477b001bc535eb6c6b23bd3057bb69fccf60,155/2020/nđ-cp+189,155/2020/nđ-cp,"Điều 189. Chào bán và niêm yết chứng khoán của công ty chứng khoán, công ty quản lý quỹ đầu tư chứng khoán tại nước ngoài"
9195927ee2dc0a6ec6348420f21bd49dd1464b66,63/2019/nđ-+32,63/2019/nđ-,"Điều 32. Hành vi vi phạm quy định của pháp luật thực hành tiết kiệm, chống lãng phí trong quản lý, sử dụng quỹ có nguồn gốc từ ngân sách nhà nước"
9195927ee2dc0a6ec6348420f21bd49dd1464b66,63/2019/nđ-cp+32,63/2019/nđ-cp,"Điều 32. Hành vi vi phạm quy định của pháp luật thực hành tiết kiệm, chống lãng phí trong quản lý, sử dụng quỹ có nguồn gốc từ ngân sách nhà nước"
93306f6b3cd5e90d9b124cea0a3b153a05b83cff,09/2014/ttlt-btp-tandtc-vksndtc+6,09/2014/ttlt-btp-tandtc-vksndtc,Điều 6. Thủ tục tống đạt
93306f6b3cd5e90d9b124cea0a3b153a05b83cff,09/2014/ttlt-btp-tandtc-vksndtc-btc+6,09/2014/ttlt-btp-tandtc-vksndtc-btc,Điều 6. Thủ tục tống đạt
93372b6f24efdfb2ef29a71050d94e22738cc896,146/2018/nð-cp+19,146/2018/nð-cp,"Điều 19. Hợp đồng khám bệnh, chữa bệnh bảo hiểm y tế tại trạm y tế xã, phường, nhà hộ sinh công lập, phòng khám đa khoa khu vực, cơ sở khám bệnh, chữa bệnh của cơ quan, đơn vị, trường học"
93372b6f24efdfb2ef29a71050d94e22738cc896,146/2018/nđ-cp+19,146/2018/nđ-cp,"Điều 19. Hợp đồng khám bệnh, chữa bệnh bảo hiểm y tế tại trạm y tế xã, phường, nhà hộ sinh công lập, phòng khám đa khoa khu vực, cơ sở khám bệnh, chữa bệnh của cơ quan, đơn vị, trường học"
933b9d26e1b004453d1c1cf22e4b49c7fa27e6d0,155/2020/nd-cp+111,155/2020/nd-cp,Điều 111. Thủ tục đăng ký niêm yết
933b9d26e1b004453d1c1cf22e4b49c7fa27e6d0,155/2020/nđ-cp+111,155/2020/nđ-cp,Điều 111. Thủ tục đăng ký niêm yết
93906e5d88cf4ca7f0eef421ee01fd5815baace3,155/2020/nd-cp+40,155/2020/nd-cp,Điều 40. Hồ sơ đăng ký chào bán chứng khoán ra công chúng của tổ chức tín dụng được kiểm soát đặc biệt
93906e5d88cf4ca7f0eef421ee01fd5815baace3,155/2020/nđ-cp+40,155/2020/nđ-cp,Điều 40. Hồ sơ đăng ký chào bán chứng khoán ra công chúng của tổ chức tín dụng được kiểm soát đặc biệt
93d495665526c30a26751adda2e3cbdc038f374b,63/2019/nđ-+21,63/2019/nđ-,"Điều 21. Hành vi vi phạm quy định về xác lập quyền sở hữu toàn dân về tài sản, bảo quản, chuyển giao tài sản được xác lập quyền sở hữu toàn dân"
93d495665526c30a26751adda2e3cbdc038f374b,63/2019/nđ-cp+21,63/2019/nđ-cp,"Điều 21. Hành vi vi phạm quy định về xác lập quyền sở hữu toàn dân về tài sản, bảo quản, chuyển giao tài sản được xác lập quyền sở hữu toàn dân"
942404eda12c4ef35e398ae54740508392810297,05/2017/qh14+2,05/2017/qh14,Điều 2. Đối tượng áp dụng
942404eda12c4ef35e398ae54740508392810297,69/2018/nđ-cp+2,69/2018/nđ-cp,Điều 2. Đối tượng áp dụng
94364d6ea141cdb83815c50352ced1d0f5087ccb,155/2020/nd-cp+32,155/2020/nd-cp,Điều 32. Điều kiện chào bán chứng khoán ra công chúng của công ty hình thành sau hợp nhất công ty không thuộc trường hợp cơ cấu lại doanh nghiệp
94364d6ea141cdb83815c50352ced1d0f5087ccb,155/2020/nđ-cp+32,155/2020/nđ-cp,Điều 32. Điều kiện chào bán chứng khoán ra công chúng của công ty hình thành sau hợp nhất công ty không thuộc trường hợp cơ cấu lại doanh nghiệp
94d905f4c4c108cba3f6408782b202750cd18861,03/2018/tt-byt+16,03/2018/tt-byt,Điều 16. Điều khoản tham chiếu
94d905f4c4c108cba3f6408782b202750cd18861,04/2018/tt-byt+16,04/2018/tt-byt,Điều 16. Điều Khoản tham chiếu
94d905f4c4c108cba3f6408782b202750cd18861,52/2017/tt-byt+16,52/2017/tt-byt,Điều 16. Điều khoản tham chiếu
955a6ed84c2249c1daf82859f39c99fbee1ba0d4,146/2018/nð-cp+18,146/2018/nð-cp,"Điều 18. Ký hợp đồng khám bệnh, chữa bệnh bảo hiểm y tế"
955a6ed84c2249c1daf82859f39c99fbee1ba0d4,146/2018/nđ-cp+18,146/2018/nđ-cp,"Điều 18. Ký hợp đồng khám bệnh, chữa bệnh bảo hiểm y tế"
955dfa371ef239159dc8d096f571a42291984a72,146/2018/nð-cp+33,146/2018/nð-cp,"Điều 33. Mức chi cho khám bệnh, chữa bệnh trong công tác chăm sóc sức khỏe ban đầu"
955dfa371ef239159dc8d096f571a42291984a72,146/2018/nđ-cp+33,146/2018/nđ-cp,"Điều 33. Mức chi cho khám bệnh, chữa bệnh trong công tác chăm sóc sức khỏe ban đầu"
95a543ce693d8d675a52a53d10bd7be0b6bd328e,24/2020/nd-cp+8,24/2020/nd-cp,"Điều 8. Nội dung chi, mức chi cho các hoạt động thông tin, giáo dục, truyền thông về phòng, chống tác hại của rượu, bia tại cộng đồng, cơ quan, tổ chức"
95a543ce693d8d675a52a53d10bd7be0b6bd328e,24/2020/nđ-cp+8,24/2020/nđ-cp,"Điều 8. Nội dung chi, mức chi cho các hoạt động thông tin, giáo dục, truyền thông về phòng, chống tác hại của rượu, bia tại cộng đồng, cơ quan, tổ chức"
965038dab1517d56ef31a3aadee175c2efee4a44,155/2020/nd-cp+289,155/2020/nd-cp,Điều 289. Cuộc họp của Ban kiểm soát
965038dab1517d56ef31a3aadee175c2efee4a44,155/2020/nđ-cp+289,155/2020/nđ-cp,Điều 289. Cuộc họp của Ban kiểm soát
96b45b2c588adfa8327849784db66627044cf6f0,102/2017/nð-cp+59,102/2017/nð-cp,Điều 59. Quyền yêu cầu cung cấp thông tin về biện pháp bảo đảm
96b45b2c588adfa8327849784db66627044cf6f0,102/2017/nđ-cp+59,102/2017/nđ-cp,Điều 59. Quyền yêu cầu cung cấp thông tin về biện pháp bảo đảm
96d483d12f4d7a9911e4eec7061fcfc61a83775c,63/2019/nđ-+22,63/2019/nđ-,Điều 22. Hành vi vi phạm quy định về xử lý tài sản được xác lập quyền sở hữu toàn dân
96d483d12f4d7a9911e4eec7061fcfc61a83775c,63/2019/nđ-cp+22,63/2019/nđ-cp,Điều 22. Hành vi vi phạm quy định về xử lý tài sản được xác lập quyền sở hữu toàn dân
96e41cf0977658b52d082e5b00814c5b20596f6a,102/2017/nð-cp+68,102/2017/nð-cp,Điều 68. Hiệu lực thi hành
96e41cf0977658b52d082e5b00814c5b20596f6a,102/2017/nđ-cp+68,102/2017/nđ-cp,Điều 68. Hiệu lực thi hành
9710c6fb6fe155f3a7b1c593035d050ca9868a4a,24/2020/nd-cp+12,24/2020/nd-cp,"Điều 12. Chi xây dựng, triển khai các sáng kiến, mô hình cộng đồng sức khỏe hạn chế sử dụng rượu, bia"
9710c6fb6fe155f3a7b1c593035d050ca9868a4a,24/2020/nđ-cp+12,24/2020/nđ-cp,"Điều 12. Chi xây dựng, triển khai các sáng kiến, mô hình cộng đồng sức khỏe hạn chế sử dụng rượu, bia"
97672ec4fe675cf792ce4bbd697c71896ce56148,84/2019/nđ-+22,84/2019/nđ-,"Điều 22. Lấy mẫu, thử nghiệm phân bón"
97672ec4fe675cf792ce4bbd697c71896ce56148,84/2019/nđ-cp+22,84/2019/nđ-cp,"Điều 22. Lấy mẫu, thử nghiệm phân bón"
97b78acf51c6b77cf3d318ab710521d505605e2b,63/2019/nđ-+31,63/2019/nđ-,"Điều 31. Hành vi vi phạm quy định của pháp luật về thực hành tiết kiệm, chống lãng phí trong sử dụng phương tiện thông tin liên lạc, sử dụng điện, nước, xăng, dầu, sách báo, văn phòng phẩm, tổ chức hội nghị, hội thảo, chi phí tiếp khách, đi công tác trong và ngoài nước bằng kinh phí ngân sách nhà nước; mua sắm trang thiết bị phục vụ hoạt động của cơ sở khám bệnh, chữa bệnh do ngân sách nhà nước cấp nhưng chưa đến mức truy cứu trách nhiệm hình sự"
97b78acf51c6b77cf3d318ab710521d505605e2b,63/2019/nđ-cp+31,63/2019/nđ-cp,"Điều 31. Hành vi vi phạm quy định của pháp luật về thực hành tiết kiệm, chống lãng phí trong sử dụng phương tiện thông tin liên lạc, sử dụng điện, nước, xăng, dầu, sách báo, văn phòng phẩm, tổ chức hội nghị, hội thảo, chi phí tiếp khách, đi công tác trong và ngoài nước bằng kinh phí ngân sách nhà nước; mua sắm trang thiết bị phục vụ hoạt động của cơ sở khám bệnh, chữa bệnh do ngân sách nhà nước cấp nhưng chưa đến mức truy cứu trách nhiệm hình sự"
984b10d00decb59376c3b8f9ef2cb0c71d718912,102/2017/nð-cp+6,102/2017/nð-cp,Điều 6. Thời hạn có hiệu lực của đăng ký biện pháp bảo đảm
984b10d00decb59376c3b8f9ef2cb0c71d718912,102/2017/nđ-cp+6,102/2017/nđ-cp,Điều 6. Thời hạn có hiệu lực của đăng ký biện pháp bảo đảm
9892aeea10649a1d846070bbca5af68acfd1e6c3,136/2013/tt-btc+20,136/2013/tt-btc,Điều 20. Người quay số mở thưởng
9892aeea10649a1d846070bbca5af68acfd1e6c3,36/2019/tt-btc+20,36/2019/tt-btc,Điều 20. Người quay số mở thưởng
989c62ab3b859e0919bbdd7862f4c385a81f789b,102/2017/nð-cp+22,102/2017/nð-cp,Điều 22. Cấp bản sao văn bản chứng nhận đăng ký biện pháp bảo đảm
989c62ab3b859e0919bbdd7862f4c385a81f789b,102/2017/nđ-cp+22,102/2017/nđ-cp,Điều 22. Cấp bản sao văn bản chứng nhận đăng ký biện pháp bảo đảm
98d7331f285fb47992938f8f084706f3644dc2ce,63/2019/nđ-+6,63/2019/nđ-,"Điều 6. Hành vi vi phạm hành chính đối với các quy định về đầu tư, mua sắm tài sản công"
98d7331f285fb47992938f8f084706f3644dc2ce,63/2019/nđ-cp+6,63/2019/nđ-cp,"Điều 6. Hành vi vi phạm hành chính đối với các quy định về đầu tư, mua sắm tài sản công"
99f1960ffc7bef6d3c6c7c542d9410db0db6d68e,155/2020/nd-cp+143,155/2020/nd-cp,"Điều 143. Nghĩa vụ của tổ chức kinh tế có vốn đầu tư nước ngoài khi đầu tư, giao dịch trên thị trường chứng khoán"
99f1960ffc7bef6d3c6c7c542d9410db0db6d68e,155/2020/nđ-cp+143,155/2020/nđ-cp,"Điều 143. Nghĩa vụ của tổ chức kinh tế có vốn đầu tư nước ngoài khi đầu tư, giao dịch trên thị trường chứng khoán"
99fb683fa3c0ffa5167a8cb657b9912b45d73b9d,146/2018/nð-cp+4,146/2018/nð-cp,Điều 4. Nhóm được ngân sách nhà nước hỗ trợ mức đóng
99fb683fa3c0ffa5167a8cb657b9912b45d73b9d,146/2018/nđ-cp+4,146/2018/nđ-cp,Điều 4. Nhóm được ngân sách nhà nước hỗ trợ mức đóng
9a0b2612117404b9101b3750be1861e7b7970af3,155/2020/nd-cp+120,155/2020/nd-cp,Điều 120. Huỷ bỏ niêm yết bắt buộc
9a0b2612117404b9101b3750be1861e7b7970af3,155/2020/nđ-cp+120,155/2020/nđ-cp,Điều 120. Huỷ bỏ niêm yết bắt buộc
9a2413b65a1b7385ad9a07abbb2bfa425db5b0f2,155/2020/nd-cp+41,155/2020/nd-cp,"Điều 41. Trình tự, thủ tục chào bán chứng khoán ra công chúng"
9a2413b65a1b7385ad9a07abbb2bfa425db5b0f2,155/2020/nđ-cp+41,155/2020/nđ-cp,"Điều 41. Trình tự, thủ tục chào bán chứng khoán ra công chúng"
9a3ce041beb45e525d3556ad34de92167b79a393,155/2020/nd-cp+68,155/2020/nd-cp,"Điều 68. Trình tự, thủ tục công ty đại chúng phát hành cổ phiếu để thực hiện quyền của chứng quyền"
9a3ce041beb45e525d3556ad34de92167b79a393,155/2020/nđ-cp+68,155/2020/nđ-cp,"Điều 68. Trình tự, thủ tục công ty đại chúng phát hành cổ phiếu để thực hiện quyền của chứng quyền"
9a6b959a317512c2d5d6bd0ec2a7e2a3e7c638ec,84/2019/nđ-+4,84/2019/nđ-,Điều 4. Quy định chung về thực hiện thủ tục hành chính trong Nghị định này
9a6b959a317512c2d5d6bd0ec2a7e2a3e7c638ec,84/2019/nđ-cp+4,84/2019/nđ-cp,Điều 4. Quy định chung về thực hiện thủ tục hành chính trong Nghị định này
9b0c9344d603e6e38c52c8c748925ca54d8acb8a,09/2014/ttlt-btp-tandtc-vksndtc+10,09/2014/ttlt-btp-tandtc-vksndtc,Điều 10. Chấm dứt việc thi hành án
9b0c9344d603e6e38c52c8c748925ca54d8acb8a,09/2014/ttlt-btp-tandtc-vksndtc-btc+10,09/2014/ttlt-btp-tandtc-vksndtc-btc,Điều 10. Chấm dứt việc thi hành án
9b56397d70f218b09ef8366dbec62f1c9a8c2520,155/2020/nd-cp+276,155/2020/nd-cp,Điều 276. Thành phần Hội đồng quản trị
9b56397d70f218b09ef8366dbec62f1c9a8c2520,155/2020/nđ-cp+276,155/2020/nđ-cp,Điều 276. Thành phần Hội đồng quản trị
9b91fca178318b8315e7994f837e3ca315fee9ea,155/2020/nd-cp+96,155/2020/nd-cp,"Điều 96. Thực hiện hoạt động chào bán, phát hành, chào mua công khai"
9b91fca178318b8315e7994f837e3ca315fee9ea,155/2020/nđ-cp+96,155/2020/nđ-cp,"Điều 96. Thực hiện hoạt động chào bán, phát hành, chào mua công khai"
9b9aece69c465a82272c16e5ab6b958724693577,155/2020/nd-cp+158,155/2020/nd-cp,"Điều 158. Điều kiện, hồ sơ, trình tự, thủ tục đăng ký trở thành thành viên lưu ký của Tổng công ty lưu ký và bù trừ chứng khoán Việt Nam"
9b9aece69c465a82272c16e5ab6b958724693577,155/2020/nđ-cp+158,155/2020/nđ-cp,"Điều 158. Điều kiện, hồ sơ, trình tự, thủ tục đăng ký trở thành thành viên lưu ký của Tổng công ty lưu ký và bù trừ chứng khoán Việt Nam"
9c2be86467f7ed3447732ddf38d16d6dc2106e92,155/2020/nd-cp+78,155/2020/nd-cp,"Điều 78. Trình tự, thủ tục phát hành cổ phiếu mới làm cơ sở cho chào bán chứng chỉ lưu ký tại nước ngoài và đăng ký hỗ trợ phát hành chứng chỉ lưu ký tại nước ngoài trên cơ sở số cổ phiếu đang lưu hành tại Việt Nam"
9c2be86467f7ed3447732ddf38d16d6dc2106e92,155/2020/nđ-cp+78,155/2020/nđ-cp,"Điều 78. Trình tự, thủ tục phát hành cổ phiếu mới làm cơ sở cho chào bán chứng chỉ lưu ký tại nước ngoài và đăng ký hỗ trợ phát hành chứng chỉ lưu ký tại nước ngoài trên cơ sở số cổ phiếu đang lưu hành tại Việt Nam"
9cf8f8a1b6963fc833b2e588b767e7bd47ca0ee9,155/2020/nd-cp+147,155/2020/nd-cp,"Điều 147. Đình chỉ sử dụng, hủy bỏ mã số giao dịch chứng khoán"
9cf8f8a1b6963fc833b2e588b767e7bd47ca0ee9,155/2020/nđ-cp+147,155/2020/nđ-cp,"Điều 147. Đình chỉ sử dụng, hủy bỏ mã số giao dịch chứng khoán"
9e3837dd9705df8b00083a9cc2fc5f814cb53d21,102/2017/nð-cp+30,102/2017/nð-cp,"Điều 30. Thủ tục đăng ký biện pháp bảo đảm bằng tàu bay; đăng ký thay đổi nội dung biện pháp bảo đảm đã đăng ký; sửa chữa sai sót; xóa đăng ký; đăng ký văn bản thông báo về việc xử lý tài sản cầm cố tàu bay, thế chấp tàu bay"
9e3837dd9705df8b00083a9cc2fc5f814cb53d21,102/2017/nđ-cp+30,102/2017/nđ-cp,"Điều 30. Thủ tục đăng ký biện pháp bảo đảm bằng tàu bay; đăng ký thay đổi nội dung biện pháp bảo đảm đã đăng ký; sửa chữa sai sót; xóa đăng ký; đăng ký văn bản thông báo về việc xử lý tài sản cầm cố tàu bay, thế chấp tàu bay"
9e8977d10c2efe12144bf0def749617f46e96922,155/2020/nd-cp+47,155/2020/nd-cp,Điều 47. Hồ sơ công ty đại chúng đăng ký chào bán cổ phiếu ưu đãi kèm chứng quyền riêng lẻ
9e8977d10c2efe12144bf0def749617f46e96922,155/2020/nđ-cp+47,155/2020/nđ-cp,Điều 47. Hồ sơ công ty đại chúng đăng ký chào bán cổ phiếu ưu đãi kèm chứng quyền riêng lẻ
9ee949ebf253f5a6b5cc61f48861ba2e41a36e93,155/2020/nd-cp+31,155/2020/nd-cp,Điều 31. Hồ sơ đăng ký chào bán chứng khoán ra công chúng của công ty sau quá trình cơ cấu lại doanh nghiệp
9ee949ebf253f5a6b5cc61f48861ba2e41a36e93,155/2020/nđ-cp+31,155/2020/nđ-cp,Điều 31. Hồ sơ đăng ký chào bán chứng khoán ra công chúng của công ty sau quá trình cơ cấu lại doanh nghiệp
9f76f29fd64624929bf1aa0d4a38dfe997ab4ad3,155/2020/nd-cp+16,155/2020/nd-cp,Điều 16. Hồ sơ đăng ký chào bán cổ phiếu lần đầu ra công chúng để chuyển đổi công ty trách nhiệm hữu hạn thành công ty cổ phần
9f76f29fd64624929bf1aa0d4a38dfe997ab4ad3,155/2020/nđ-cp+16,155/2020/nđ-cp,Điều 16. Hồ sơ đăng ký chào bán cổ phiếu lần đầu ra công chúng để chuyển đổi công ty trách nhiệm hữu hạn thành công ty cổ phần
9ffc628d788106cd9064a3abfb5d296c154d7b96,155/2020/nd-cp+224,155/2020/nd-cp,"Điều 224. Điều kiện tăng, giảm vốn điều lệ quỹ thành viên"
9ffc628d788106cd9064a3abfb5d296c154d7b96,155/2020/nđ-cp+224,155/2020/nđ-cp,"Điều 224. Điều kiện tăng, giảm vốn điều lệ quỹ thành viên"
a097e4bf570bc4de9ac960a77846d12b92b489c8,155/2020/nd-cp+230,155/2020/nd-cp,"Điều 230. Trình tự, thủ tục cấp, cấp lại, điều chỉnh Giấy chứng nhận đăng ký thành lập quỹ"
a097e4bf570bc4de9ac960a77846d12b92b489c8,155/2020/nđ-cp+230,155/2020/nđ-cp,"Điều 230. Trình tự, thủ tục cấp, cấp lại, điều chỉnh Giấy chứng nhận đăng ký thành lập quỹ"
a0b8bd49e591014ae143534e2e9adb53a7970ec4,155/2020/nd-cp+86,155/2020/nd-cp,"Điều 86. Trình tự, thủ tục đăng ký chào mua công khai"
a0b8bd49e591014ae143534e2e9adb53a7970ec4,155/2020/nđ-cp+86,155/2020/nđ-cp,"Điều 86. Trình tự, thủ tục đăng ký chào mua công khai"
a13819a3e4c70e1fd1128ffb7bf5aab5e002c454,155/2020/nd-cp+282,155/2020/nd-cp,Điều 282. Thành phần Ủy ban kiểm toán
a13819a3e4c70e1fd1128ffb7bf5aab5e002c454,155/2020/nđ-cp+282,155/2020/nđ-cp,Điều 282. Thành phần Ủy ban kiểm toán
a1aa5aa11089d1d626b730cc5fdc0faf466db036,91/2019/nd-cp+1,91/2019/nd-cp,Điều 1. Phạm vi điều chỉnh
a1aa5aa11089d1d626b730cc5fdc0faf466db036,91/2019/nđ-cp+1,91/2019/nđ-cp,Điều 1. Phạm vi điều chỉnh
a1fd1d33a6ba8f723a2ff86fb2c6f3196dcf89e4,19/2019/nđ+10,19/2019/nđ,Điều 10. Rút khỏi dây họ
a1fd1d33a6ba8f723a2ff86fb2c6f3196dcf89e4,19/2019/nđ-cp+10,19/2019/nđ-cp,Điều 10. Rút khỏi dây họ
a21f0acf0c1ad292d923e05e4535ca25e39110f8,155/2020/nd-cp+304,155/2020/nd-cp,"Điều 304. Tạm ngừng, đình chỉ một phần hoặc toàn bộ hoặc khôi phục hoạt động giao dịch của Sở giao dịch chứng khoán"
a21f0acf0c1ad292d923e05e4535ca25e39110f8,155/2020/nđ-cp+304,155/2020/nđ-cp,"Điều 304. Tạm ngừng, đình chỉ một phần hoặc toàn bộ hoặc khôi phục hoạt động giao dịch của Sở giao dịch chứng khoán"
a26eadf680538c8a87da298f6a347e6995a014f4,84/2019/nđ-+9,84/2019/nđ-,Điều 9. Số lượng nhân lực tối thiểu thực hiện khảo nghiệm của tổ chức khảo nghiệm phân bón
a26eadf680538c8a87da298f6a347e6995a014f4,84/2019/nđ-cp+9,84/2019/nđ-cp,Điều 9. Số lượng nhân lực tối thiểu thực hiện khảo nghiệm của tổ chức khảo nghiệm phân bón
a2b11e1c5a2916936b6697fbd168f2cdef4bb94a,63/2019/nđ-+60,63/2019/nđ-,Điều 60. Hành vi vi phạm quy định về đăng ký và sử dụng tài khoản tại Kho bạc Nhà nước
a2b11e1c5a2916936b6697fbd168f2cdef4bb94a,63/2019/nđ-cp+60,63/2019/nđ-cp,Điều 60. Hành vi vi phạm quy định về đăng ký và sử dụng tài khoản tại Kho bạc Nhà nước
a30dc2e922962570176db2d4c9203f5c37fc251e,155/2020/nd-cp+74,155/2020/nd-cp,Điều 74. Hồ sơ đăng ký phát hành cổ phiếu mới làm cơ sở cho chào bán chứng chỉ lưu ký tại nước ngoài
a30dc2e922962570176db2d4c9203f5c37fc251e,155/2020/nđ-cp+74,155/2020/nđ-cp,Điều 74. Hồ sơ đăng ký phát hành cổ phiếu mới làm cơ sở cho chào bán chứng chỉ lưu ký tại nước ngoài
a3a4c137e462bc47cb04fcfc669543e663ea3d23,155/2020/nd-cp+295,155/2020/nd-cp,Điều 295. Nghĩa vụ công bố thông tin
a3a4c137e462bc47cb04fcfc669543e663ea3d23,155/2020/nđ-cp+295,155/2020/nđ-cp,Điều 295. Nghĩa vụ công bố thông tin
a3af54b87878fdfd6a29187110a94de0e82ea977,84/2019/nđ-+7,84/2019/nđ-,"Điều 7. Hồ sơ, trình tự gia hạn Quyết định công nhận phân bón lưu hành tại Việt Nam"
a3af54b87878fdfd6a29187110a94de0e82ea977,84/2019/nđ-cp+7,84/2019/nđ-cp,"Điều 7. Hồ sơ, trình tự gia hạn Quyết định công nhận phân bón lưu hành tại Việt Nam"
a3bccb5d1c55bb59e191c29bbc7250fd829b86b5,160/2018/nđ-cp+14,160/2018/nđ-cp,"Điều 14. Thuế, lệ phí nhập khẩu, xuất khẩu đối với phương tiện, trang thiết bị, hàng hóa phục vụ hoạt động cứu trợ khẩn cấp, tìm kiếm cứu nạn, cứu trợ, hỗ trợ thiên tai"
a3bccb5d1c55bb59e191c29bbc7250fd829b86b5,66/2014/nđ-cp+14,66/2014/nđ-cp,"Điều 14. Thuế, lệ phí nhập khẩu, xuất khẩu đối với phương tiện, trang thiết bị, hàng hóa phục vụ hoạt động cứu trợ khẩn cấp, tìm kiếm cứu nạn, cứu trợ, hỗ trợ thiên tai"
a3e5a14184a9b42fdc1b37a82e83170f393b9a1a,102/2017/nð-cp+63,102/2017/nð-cp,Điều 63. Trách nhiệm trao đổi thông tin về tình trạng pháp lý của tài sản bảo đảm
a3e5a14184a9b42fdc1b37a82e83170f393b9a1a,102/2017/nđ-cp+63,102/2017/nđ-cp,Điều 63. Trách nhiệm trao đổi thông tin về tình trạng pháp lý của tài sản bảo đảm
a4269bdfd9370b891b144120459afd5db00dec63,09/2012/tt-byt+32,09/2012/tt-byt,Điều 32. Điều khoản tham chiếu
a4269bdfd9370b891b144120459afd5db00dec63,15/2013/tt-byt+32,15/2013/tt-byt,Điều 32. Điều khoản tham chiếu
a4429e3549b30b7334fc5d14dd3a2d9e7dc8ae29,19/2019/nđ+9,19/2019/nđ,Điều 9. Gia nhập dây họ
a4429e3549b30b7334fc5d14dd3a2d9e7dc8ae29,19/2019/nđ-cp+9,19/2019/nđ-cp,Điều 9. Gia nhập dây họ
a4fbcf499951d92bf78b38a6bb79e06dfb550ee0,102/2017/nð-cp+62,102/2017/nð-cp,Điều 62. Thủ tục cung cấp thông tin
a4fbcf499951d92bf78b38a6bb79e06dfb550ee0,102/2017/nđ-cp+62,102/2017/nđ-cp,Điều 62. Thủ tục cung cấp thông tin
a51e41779ddccf0a0272bfa9ebd645eafe20366b,24/2020/nd-cp+10,24/2020/nd-cp,"Điều 10. Nội dung chi, mức chi các hoạt động tư vấn cai nghiện rượu, bia"
a51e41779ddccf0a0272bfa9ebd645eafe20366b,24/2020/nđ-cp+10,24/2020/nđ-cp,"Điều 10. Nội dung chi, mức chi các hoạt động tư vấn cai nghiện rượu, bia"
a531aafa7633e99ae943333f34fe23936a402bf0,102/2017/nð-cp+42,102/2017/nð-cp,Điều 42. Hồ sơ đăng ký bảo lưu quyền sở hữu trong trường hợp mua bán tài sản gắn liền với đất có bảo lưu quyền sở hữu
a531aafa7633e99ae943333f34fe23936a402bf0,102/2017/nđ-cp+42,102/2017/nđ-cp,Điều 42. Hồ sơ đăng ký bảo lưu quyền sở hữu trong trường hợp mua bán tài sản gắn liền với đất có bảo lưu quyền sở hữu
a5671d84d2e7638b4ed5984a8b08561d2a55d177,160/2018/nđ-cp+13,160/2018/nđ-cp,"Điều 13. Vận động, quyên góp và phân bổ nguồn lực từ cộng đồng"
a5671d84d2e7638b4ed5984a8b08561d2a55d177,66/2014/nđ-cp+13,66/2014/nđ-cp,"Điều 13. Vận động, quyên góp và phân bổ nguồn lực từ cộng đồng"
a63dd9bc8db8d1d1d1cb69be7466cb5529534577,02/2019/tt-bvhttdl+10,02/2019/tt-bvhttdl,Điều 10. Tổ chức thực hiện
a63dd9bc8db8d1d1d1cb69be7466cb5529534577,03/2019/tt-bvhttdl+10,03/2019/tt-bvhttdl,Điều 10. Tổ chức thực hiện
a63dd9bc8db8d1d1d1cb69be7466cb5529534577,08/2019/tt-bvhttdl+10,08/2019/tt-bvhttdl,Điều 10. Tổ chức thực hiện
a68bb137bd880838106d01205aec84c431b748eb,09/2014/ttlt-btp-tandtc-vksndtc+19,09/2014/ttlt-btp-tandtc-vksndtc,"Điều 19. Thẻ, trang phục của Thừa phát lại"
a68bb137bd880838106d01205aec84c431b748eb,09/2014/ttlt-btp-tandtc-vksndtc-btc+19,09/2014/ttlt-btp-tandtc-vksndtc-btc,"Điều 19. Thẻ, trang phục của Thừa phát lại"
a6fe145da34d7300b58fe3cebc5399347d28f623,155/2020/nd-cp+283,155/2020/nd-cp,Điều 283. Quyền và nghĩa vụ của Ủy ban kiểm toán
a6fe145da34d7300b58fe3cebc5399347d28f623,155/2020/nđ-cp+283,155/2020/nđ-cp,Điều 283. Quyền và nghĩa vụ của Ủy ban kiểm toán
a7ab345800dedadd119c4ac7d8ae58d1065c4df4,102/2017/nð-cp+20,102/2017/nð-cp,Điều 20. Sửa chữa sai sót nội dung biện pháp bảo đảm đã đăng ký do lỗi của cơ quan đăng ký
a7ab345800dedadd119c4ac7d8ae58d1065c4df4,102/2017/nđ-cp+20,102/2017/nđ-cp,Điều 20. Sửa chữa sai sót nội dung biện pháp bảo đảm đã đăng ký do lỗi của cơ quan đăng ký
a7e391bda5cbcbfa02fbc42c4dd57f15ae7eba6d,155/2020/nd-cp+265,155/2020/nd-cp,"Điều 265. Điều kiện hợp nhất, sáp nhập công ty đầu tư chứng khoán"
a7e391bda5cbcbfa02fbc42c4dd57f15ae7eba6d,155/2020/nđ-cp+265,155/2020/nđ-cp,"Điều 265. Điều kiện hợp nhất, sáp nhập công ty đầu tư chứng khoán"
a81739055d95eee2b5c00cad2754bd7ed4456e17,06/2014/tt-ttcp+2,06/2014/tt-ttcp,Điều 2. Đối tượng áp dụng
a81739055d95eee2b5c00cad2754bd7ed4456e17,64/2014/nđ-cp+2,64/2014/nđ-cp,Điều 2. Đối tượng áp dụng
a82f259359cd3feab4acc5e7ee394a2a77409590,155/2020/nd-cp+309,155/2020/nd-cp,Điều 309. Hiệu lực thi hành
a82f259359cd3feab4acc5e7ee394a2a77409590,155/2020/nđ-cp+309,155/2020/nđ-cp,Điều 309. Hiệu lực thi hành
a84b9674f483b57e78c362c49eab17658c3a8b0a,38/2019/nđ-cp+1,38/2019/nđ-cp,Điều 1. Phạm vi điều chỉnh
a84b9674f483b57e78c362c49eab17658c3a8b0a,72/2018/nđ-cp+1,72/2018/nđ-cp,Điều 1. Phạm vi điều chỉnh
a8ab42c5f7d7600bec6c71ad46b2c1bfb83bf55b,155/2020/nd-cp+33,155/2020/nd-cp,Điều 33. Hồ sơ đăng ký chào bán chứng khoán ra công chúng của công ty hình thành sau hợp nhất công ty không thuộc trường hợp cơ cấu lại doanh nghiệp
a8ab42c5f7d7600bec6c71ad46b2c1bfb83bf55b,155/2020/nđ-cp+33,155/2020/nđ-cp,Điều 33. Hồ sơ đăng ký chào bán chứng khoán ra công chúng của công ty hình thành sau hợp nhất công ty không thuộc trường hợp cơ cấu lại doanh nghiệp
a8d652b5bc891a0175e2077dd769f9f1bb326f9a,145/2017/tt-bqp+6,145/2017/tt-bqp,Điều 6. Điều khoản tham chiếu
a8d652b5bc891a0175e2077dd769f9f1bb326f9a,79/2019/tt-bqp+6,79/2019/tt-bqp,Điều 6. Điều khoản tham chiếu
a97b82a2dd6431f2a2681fabe69375c90b3efee6,160/2016/tt-btc+6,160/2016/tt-btc,"Điều 6. Kê khai, thu, nộp phí"
a97b82a2dd6431f2a2681fabe69375c90b3efee6,161/2016/tt-btc+6,161/2016/tt-btc,"Điều 6. Kê khai, thu nộp phí"
a97b82a2dd6431f2a2681fabe69375c90b3efee6,163/2016/tt-btc+6,163/2016/tt-btc,"Điều 6. Kê khai, thu, nộp phí"
a9a752cd9659e67056a24f977c4810cb80a7c545,19/2019/nđ+12,19/2019/nđ,Điều 12. Sổ họ
a9a752cd9659e67056a24f977c4810cb80a7c545,19/2019/nđ-cp+12,19/2019/nđ-cp,Điều 12. Sổ họ
aa4c0c5e3f4389d09e22e2f6c38fe60481bdd9f6,155/2020/nd-cp+3,155/2020/nd-cp,Điều 3. Giải thích từ ngữ
aa4c0c5e3f4389d09e22e2f6c38fe60481bdd9f6,155/2020/nđ-cp+3,155/2020/nđ-cp,Điều 3. Giải thích từ ngữ
ab05b75d92f0b67c6602ec84db0c32c25fbb6eee,155/2020/nd-cp+310,155/2020/nd-cp,Điều 310. Điều khoản chuyển tiếp
ab05b75d92f0b67c6602ec84db0c32c25fbb6eee,155/2020/nđ-cp+310,155/2020/nđ-cp,Điều 310. Điều khoản chuyển tiếp
ab1eb04e709b7763461495e4336cb8865663175c,102/2017/nð-cp+3,102/2017/nð-cp,Điều 3. Giải thích từ ngữ
ab1eb04e709b7763461495e4336cb8865663175c,102/2017/nđ-cp+3,102/2017/nđ-cp,Điều 3. Giải thích từ ngữ
ab737c9b7041d62f47bf98054395566299f70025,146/2018/nð-cp+29,146/2018/nð-cp,"Điều 29. Nộp hồ sơ, giải quyết thanh toán trực tiếp"
ab737c9b7041d62f47bf98054395566299f70025,146/2018/nđ-cp+29,146/2018/nđ-cp,"Điều 29. Nộp hồ sơ, giải quyết thanh toán trực tiếp"
ab77b50e0a980d81d37859201d490a5bdc837a1d,63/2019/nđ-+41,63/2019/nđ-,Điều 41. Hành vi vi phạm quy định về quản lý hàng dự trữ quốc gia
ab77b50e0a980d81d37859201d490a5bdc837a1d,63/2019/nđ-cp+41,63/2019/nđ-cp,Điều 41. Hành vi vi phạm quy định về quản lý hàng dự trữ quốc gia
abe492142b927ed767f9d569c3b88535a463a2a4,155/2020/nd-cp+216,155/2020/nd-cp,"Điều 216. Quản lý, giám sát người được cấp chứng chỉ hành nghề chứng khoán và tổ chức sử dụng người hành nghề chứng khoán"
abe492142b927ed767f9d569c3b88535a463a2a4,155/2020/nđ-cp+216,155/2020/nđ-cp,"Điều 216. Quản lý, giám sát người được cấp chứng chỉ hành nghề chứng khoán và tổ chức sử dụng người hành nghề chứng khoán"
ac5c944f74da01ed7e1b532c332e5b6b0200c1b7,155/2020/nd-cp+57,155/2020/nd-cp,Điều 57. Điều kiện công ty đại chúng phát hành cổ phiếu để hoán đổi nợ
ac5c944f74da01ed7e1b532c332e5b6b0200c1b7,155/2020/nđ-cp+57,155/2020/nđ-cp,Điều 57. Điều kiện công ty đại chúng phát hành cổ phiếu để hoán đổi nợ
ad3c0d4e3d52558cd2b8bef638feb462690b8a92,157/2018/nđ-cp+5,157/2018/nđ-cp,Điều 5. Áp dụng mức lương tối thiểu vùng
ad3c0d4e3d52558cd2b8bef638feb462690b8a92,90/2019/nđ-cp+5,90/2019/nđ-cp,Điều 5. Áp dụng mức lương tối thiểu vùng
ad8b4c77fa402a57dac273c1a15ad657e13421d4,155/2020/nd-cp+245,155/2020/nd-cp,"Điều 245. Trình tự, thủ tục cấp, cấp lại, điều chỉnh Giấy chứng nhận đăng ký thành lập quỹ mở"
ad8b4c77fa402a57dac273c1a15ad657e13421d4,155/2020/nđ-cp+245,155/2020/nđ-cp,"Điều 245. Trình tự, thủ tục cấp, cấp lại, điều chỉnh Giấy chứng nhận đăng ký thành lập quỹ mở"
adad5502af29e14fab6917f9d1a243c6e4f968df,155/2020/nd-cp+79,155/2020/nd-cp,"Điều 79. Hủy chứng chỉ lưu ký, phát hành chứng chỉ lưu ký mới tại nước ngoài"
adad5502af29e14fab6917f9d1a243c6e4f968df,155/2020/nđ-cp+79,155/2020/nđ-cp,"Điều 79. Hủy chứng chỉ lưu ký, phát hành chứng chỉ lưu ký mới tại nước ngoài"
adc6ef6d1ca686615d90e1e2d7106ca9a4dc2f4a,91/2019/nd-cp+37,91/2019/nd-cp,Điều 37. Vi phạm điều kiện về hoạt động dịch vụ trong lĩnh vực đất đai
adc6ef6d1ca686615d90e1e2d7106ca9a4dc2f4a,91/2019/nđ-cp+37,91/2019/nđ-cp,Điều 37. Vi phạm điều kiện về hoạt động dịch vụ trong lĩnh vực đất đai
adc95142511b825e4d3972786bd9a4d4e7aa0425,63/2019/nđ-+11,63/2019/nđ-,"Điều 11. Hành vi vi phạm hành chính đối với các quy định về lấn chiếm trụ sở làm việc, cơ sở hoạt động sự nghiệp"
adc95142511b825e4d3972786bd9a4d4e7aa0425,63/2019/nđ-cp+11,63/2019/nđ-cp,"Điều 11. Hành vi vi phạm hành chính đối với các quy định về lấn chiếm trụ sở làm việc, cơ sở hoạt động sự nghiệp"
adff52382bf293f68d5876b968393d2e23a45714,102/2017/nð-cp+9,102/2017/nð-cp,"Điều 9. Cơ quan có thẩm quyền đăng ký, cung cấp thông tin về biện pháp bảo đảm"
adff52382bf293f68d5876b968393d2e23a45714,102/2017/nđ-cp+9,102/2017/nđ-cp,"Điều 9. Cơ quan có thẩm quyền đăng ký, cung cấp thông tin về biện pháp bảo đảm"
ae0e68c2eb3ed1f61610f800a7dbfdfe821a8dd6,155/2020/nd-cp+250,155/2020/nd-cp,Điều 250. Chỉ số tham chiếu của quỹ hoán đổi danh mục
ae0e68c2eb3ed1f61610f800a7dbfdfe821a8dd6,155/2020/nđ-cp+250,155/2020/nđ-cp,Điều 250. Chỉ số tham chiếu của quỹ hoán đổi danh mục
ae20009a778e1e905f99c67c487bc77d51837393,19/2019/nđ+5,19/2019/nđ,Điều 5. Điều kiện làm thành viên
ae20009a778e1e905f99c67c487bc77d51837393,19/2019/nđ-cp+5,19/2019/nđ-cp,Điều 5. Điều kiện làm thành viên
ae43481576aab2984507582e52f4bda452cf4bf0,155/2020/nd-cp+257,155/2020/nd-cp,"Điều 257. Điều kiện chào bán cổ phiếu lần đầu, chào bán cổ phiếu để tăng vốn của công ty đầu tư chứng khoán đại chúng"
ae43481576aab2984507582e52f4bda452cf4bf0,155/2020/nđ-cp+257,155/2020/nđ-cp,"Điều 257. Điều kiện chào bán cổ phiếu lần đầu, chào bán cổ phiếu để tăng vốn của công ty đầu tư chứng khoán đại chúng"
ae66db59332400579ed834858ca7323a762b5cfa,155/2020/nd-cp+25,155/2020/nd-cp,Điều 25. Hồ sơ đăng ký chào bán trái phiếu có bảo đảm ra công chúng
ae66db59332400579ed834858ca7323a762b5cfa,155/2020/nđ-cp+25,155/2020/nđ-cp,Điều 25. Hồ sơ đăng ký chào bán trái phiếu có bảo đảm ra công chúng
aed586f632a971f83698ac5f044517b9118a866e,146/2018/nð-cp+24,146/2018/nð-cp,Điều 24. Thanh toán theo giá dịch vụ
aed586f632a971f83698ac5f044517b9118a866e,146/2018/nđ-cp+24,146/2018/nđ-cp,Điều 24. Thanh toán theo giá dịch vụ
aef58d4b5acd3809e18b787ac096dc75b664280f,09/2014/ttlt-btp-tandtc-vksndtc+15,09/2014/ttlt-btp-tandtc-vksndtc,Điều 15. Lập dự toán kinh phí tống đạt
aef58d4b5acd3809e18b787ac096dc75b664280f,09/2014/ttlt-btp-tandtc-vksndtc-btc+15,09/2014/ttlt-btp-tandtc-vksndtc-btc,Điều 15. Lập dự toán kinh phí tống đạt
af51a2f93d4bf62b66285a634237d69fe9b8393b,155/2020/nd-cp+122,155/2020/nd-cp,Điều 122. Đăng ký niêm yết lại
af51a2f93d4bf62b66285a634237d69fe9b8393b,155/2020/nđ-cp+122,155/2020/nđ-cp,Điều 122. Đăng ký niêm yết lại
af606bf9df2f0098d4e71b2050258c8e36144209,102/2017/nð-cp+13,102/2017/nð-cp,Điều 13. Phương thức nộp hồ sơ đăng ký biện pháp bảo đảm
af606bf9df2f0098d4e71b2050258c8e36144209,102/2017/nđ-cp+13,102/2017/nđ-cp,Điều 13. Phương thức nộp hồ sơ đăng ký biện pháp bảo đảm
afb45e92d3358a95da25396344235dd9c2519ad8,19/2019/nđ+3,19/2019/nđ,Điều 3. Nguyên tắc tổ chức họ
afb45e92d3358a95da25396344235dd9c2519ad8,19/2019/nđ-cp+3,19/2019/nđ-cp,Điều 3. Nguyên tắc tổ chức họ
b039ded2938cbad6776b68218adb97fc099a4151,155/2020/nd-cp+105,155/2020/nd-cp,Điều 105. Đình chỉ hoạt động giao dịch của thành viên
b039ded2938cbad6776b68218adb97fc099a4151,155/2020/nđ-cp+105,155/2020/nđ-cp,Điều 105. Đình chỉ hoạt động giao dịch của thành viên
b0960286c46afa92913d04118035755180af02d0,63/2019/nđ-+8,63/2019/nđ-,"Điều 8. Hành vi vi phạm hành chính đối với các quy định về giao, sử dụng tài sản công, hủy hoại hoặc cố ý làm hư hỏng tài sản công"
b0960286c46afa92913d04118035755180af02d0,63/2019/nđ-cp+8,63/2019/nđ-cp,"Điều 8. Hành vi vi phạm hành chính đối với các quy định về giao, sử dụng tài sản công, hủy hoại hoặc cố ý làm hư hỏng tài sản công"
b09cc30dc5a0df4aa8c0e0e89f9fc3263b662ff9,155/2020/nd-cp+235,155/2020/nd-cp,Điều 235. Hồ sơ đăng ký lập quỹ đóng
b09cc30dc5a0df4aa8c0e0e89f9fc3263b662ff9,155/2020/nđ-cp+235,155/2020/nđ-cp,Điều 235. Hồ sơ đăng ký lập quỹ đóng
b19712f941755b0c5e3cf677d2af1ec2a4b767ed,63/2019/nđ-+7,63/2019/nđ-,Điều 7. Hành vi vi phạm hành chính đối với các quy định về đi thuê tài sản
b19712f941755b0c5e3cf677d2af1ec2a4b767ed,63/2019/nđ-cp+7,63/2019/nđ-cp,Điều 7. Hành vi vi phạm hành chính đối với các quy định về đi thuê tài sản
b1e8a99098f6064e963c5dac74a6b13e812616d4,63/2019/nđ-+35,63/2019/nđ-,"Điều 35. Hành vi vi phạm quy định của pháp luật về thực hành tiết kiệm, chống lãng phí trong quản lý, sử dụng trụ sở làm việc, cơ sở hoạt động sự nghiệp của tổ chức sử dụng kinh phí ngân sách nhà nước nhưng chưa đến mức truy cứu trách nhiệm hình sự"
b1e8a99098f6064e963c5dac74a6b13e812616d4,63/2019/nđ-cp+35,63/2019/nđ-cp,"Điều 35. Hành vi vi phạm quy định của pháp luật về thực hành tiết kiệm, chống lãng phí trong quản lý, sử dụng trụ sở làm việc, cơ sở hoạt động sự nghiệp của tổ chức sử dụng kinh phí ngân sách nhà nước nhưng chưa đến mức truy cứu trách nhiệm hình sự"
b2197fe608d0ddad8c90b6d4b79b2156aa901e51,155/2020/nd-cp+271,155/2020/nd-cp,Điều 271. Quyền và nghĩa vụ của cổ đông
b2197fe608d0ddad8c90b6d4b79b2156aa901e51,155/2020/nđ-cp+271,155/2020/nđ-cp,Điều 271. Quyền và nghĩa vụ của cổ đông
b2237fb49e9059cb2812409478b2d16054fb230a,44/2019/nđ-cp+3,44/2019/nđ-cp,Điều 3. Kinh phí thực hiện
b2237fb49e9059cb2812409478b2d16054fb230a,88/2018/nđ-cp+3,88/2018/nđ-cp,Điều 3. Kinh phí thực hiện
b29acbf864586c1013f7e2942a1f790e9072686e,19/2019/nđ+4,19/2019/nđ,Điều 4. Giải thích từ ngữ
b29acbf864586c1013f7e2942a1f790e9072686e,19/2019/nđ-cp+4,19/2019/nđ-cp,Điều 4. Giải thích từ ngữ
b33c9365d57e7779e610ff2f1dab1632e3140a1d,146/2018/nð-cp+6,146/2018/nð-cp,Điều 6. Nhóm do người sử dụng lao động đóng
b33c9365d57e7779e610ff2f1dab1632e3140a1d,146/2018/nđ-cp+6,146/2018/nđ-cp,Điều 6. Nhóm do người sử dụng lao động đóng
b343af9f35304efa8c4b91007a29d579c4f5c62c,91/2019/nd-cp+30,91/2019/nd-cp,"Điều 30. Nhận chuyển quyền sử dụng đất, thuê đất không đúng quy định tại các Điều 153 và Điều 169 của Luật đất đai và Điều 39 của Nghị định số 43/2014/NĐ-CP"
b343af9f35304efa8c4b91007a29d579c4f5c62c,91/2019/nđ-cp+30,91/2019/nđ-cp,"Điều 30. Nhận chuyển quyền sử dụng đất, thuê đất không đúng quy định tại các Điều 153 và Điều 169 của Luật đất đai và Điều 39 của Nghị định số 43/2014/NĐ-CP"
b35d7f8ed47db6b30bd9a0cb621c270aabfac8e9,102/2017/nð-cp+1,102/2017/nð-cp,Điều 1. Phạm vi điều chỉnh
b35d7f8ed47db6b30bd9a0cb621c270aabfac8e9,102/2017/nđ-cp+1,102/2017/nđ-cp,Điều 1. Phạm vi điều chỉnh
b36b42303475be53f9cb6b40e28f83f6cd3f0b95,155/2020/nd-cp+256,155/2020/nd-cp,Điều 256. Giải thể quỹ hoán đổi danh mục
b36b42303475be53f9cb6b40e28f83f6cd3f0b95,155/2020/nđ-cp+256,155/2020/nđ-cp,Điều 256. Giải thể quỹ hoán đổi danh mục
b39811850caf120243d9125641f1ad2e016da146,155/2020/nd-cp+241,155/2020/nd-cp,"Điều 241. Điều kiện, hồ sơ đăng ký chào bán lần đầu chứng chỉ quỹ mở ra công chúng"
b39811850caf120243d9125641f1ad2e016da146,155/2020/nđ-cp+241,155/2020/nđ-cp,"Điều 241. Điều kiện, hồ sơ đăng ký chào bán lần đầu chứng chỉ quỹ mở ra công chúng"
b468b513ac1801d8cddde06df50fea5c57d059b7,24/2020/nd-cp+7,24/2020/nd-cp,"Điều 7. Nội dung chi cho hoạt động phòng, chống tác hại của rượu, bia"
b468b513ac1801d8cddde06df50fea5c57d059b7,24/2020/nđ-cp+7,24/2020/nđ-cp,"Điều 7. Nội dung chi cho hoạt động phòng, chống tác hại của rượu, bia"
b4ca697f9554abbcd7effafe38abb47fdaafa262,63/2019/nđ-+51,63/2019/nđ-,Điều 51. Thẩm quyền xử phạt của Chủ tịch Ủy ban nhân dân
b4ca697f9554abbcd7effafe38abb47fdaafa262,63/2019/nđ-cp+51,63/2019/nđ-cp,Điều 51. Thẩm quyền xử phạt của Chủ tịch Ủy ban nhân dân
b55b32fc6436831a314fe22f20cd7509559c2b8c,155/2020/nd-cp+26,155/2020/nd-cp,Điều 26. Điều kiện chào bán trái phiếu ra công chúng bằng đồng Việt Nam của tổ chức tài chính quốc tế
b55b32fc6436831a314fe22f20cd7509559c2b8c,155/2020/nđ-cp+26,155/2020/nđ-cp,Điều 26. Điều kiện chào bán trái phiếu ra công chúng bằng đồng Việt Nam của tổ chức tài chính quốc tế
b57c0c5bf81f3392988f2d6ac2f1979322504a97,84/2019/nđ-+25,84/2019/nđ-,Điều 25. Trách nhiệm của Bộ Nông nghiệp và Phát triển nông thôn
b57c0c5bf81f3392988f2d6ac2f1979322504a97,84/2019/nđ-cp+25,84/2019/nđ-cp,Điều 25. Trách nhiệm của Bộ Nông nghiệp và Phát triển nông thôn
b5812edaa513d03e87a93c256582bfd928a10313,91/2019/nd-cp+13,91/2019/nd-cp,Điều 13. Chuyển đổi cơ cấu cây trồng trên đất trồng lúa không đúng quy định; sử dụng đất vào mục đích khác thuộc trường hợp phải đăng ký mà không đăng ký theo quy định
b5812edaa513d03e87a93c256582bfd928a10313,91/2019/nđ-cp+13,91/2019/nđ-cp,Điều 13. Chuyển đổi cơ cấu cây trồng trên đất trồng lúa không đúng quy định; sử dụng đất vào mục đích khác thuộc trường hợp phải đăng ký mà không đăng ký theo quy định
b5b73f0ed44d6379419af172db3bd894a86fb107,155/2020/nd-cp+202,155/2020/nd-cp,Điều 202. Chào bán sản phẩm tài chính
b5b73f0ed44d6379419af172db3bd894a86fb107,155/2020/nđ-cp+202,155/2020/nđ-cp,Điều 202. Chào bán sản phẩm tài chính
b5bd9dfedd952175abd6658a0293ee34a1e8d912,155/2020/nd-cp+180,155/2020/nd-cp,Điều 180. Hồ sơ đề nghị rút nghiệp vụ kinh doanh chứng khoán của công ty chứng khoán
b5bd9dfedd952175abd6658a0293ee34a1e8d912,155/2020/nđ-cp+180,155/2020/nđ-cp,Điều 180. Hồ sơ đề nghị rút nghiệp vụ kinh doanh chứng khoán của công ty chứng khoán
b5e0a5595590b2d09ce0280e4a346ad3464ac621,102/2017/nð-cp+48,102/2017/nð-cp,"Điều 48. Thủ tục đăng ký biện pháp bảo đảm bằng quyền sử dụng đất, tài sản gắn liền với đất; đăng ký thay đổi nội dung biện pháp bảo đảm đã đăng ký; sửa chữa sai sót; xóa đăng ký; đăng ký văn bản thông báo về việc xử lý tài sản thế chấp bằng quyền sử dụng đất, tài sản gắn liền với đất"
b5e0a5595590b2d09ce0280e4a346ad3464ac621,102/2017/nđ-cp+48,102/2017/nđ-cp,"Điều 48. Thủ tục đăng ký biện pháp bảo đảm bằng quyền sử dụng đất, tài sản gắn liền với đất; đăng ký thay đổi nội dung biện pháp bảo đảm đã đăng ký; sửa chữa sai sót; xóa đăng ký; đăng ký văn bản thông báo về việc xử lý tài sản thế chấp bằng quyền sử dụng đất, tài sản gắn liền với đất"
b5e92eef1e9e7dc613cfe731fca0255cc8bc3ce5,63/2019/nđ-+16,63/2019/nđ-,Điều 16. Hành vi vi phạm hành chính đối với các quy định về tổ chức xử lý tài sản công
b5e92eef1e9e7dc613cfe731fca0255cc8bc3ce5,63/2019/nđ-cp+16,63/2019/nđ-cp,Điều 16. Hành vi vi phạm hành chính đối với các quy định về tổ chức xử lý tài sản công
b69f00c7156d1a4a784e3aef7efbdafe24455a4e,146/2018/nð-cp+34,146/2018/nð-cp,"Điều 34. Điều kiện, nội dung chi, thanh quyết toán kinh phí khám bệnh, chữa bệnh trong công tác chăm sóc sức khỏe ban đầu"
b69f00c7156d1a4a784e3aef7efbdafe24455a4e,146/2018/nđ-cp+34,146/2018/nđ-cp,"Điều 34. Điều kiện, nội dung chi, thanh quyết toán kinh phí khám bệnh, chữa bệnh trong công tác chăm sóc sức khỏe ban đầu"
b6ab05b8f49110a173a6bdda218ea2f53e618593,91/2019/nd-cp+42,91/2019/nd-cp,Điều 42. Điều khoản chuyển tiếp
b6ab05b8f49110a173a6bdda218ea2f53e618593,91/2019/nđ-cp+42,91/2019/nđ-cp,Điều 42. Điều khoản chuyển tiếp
b6dc4ff3d99b8b47060ba1ee66eb47b4bde1932e,102/2017/nð-cp+29,102/2017/nð-cp,Điều 29. Hồ sơ xóa đăng ký biện pháp bảo đảm bằng tàu bay
b6dc4ff3d99b8b47060ba1ee66eb47b4bde1932e,102/2017/nđ-cp+29,102/2017/nđ-cp,Điều 29. Hồ sơ xóa đăng ký biện pháp bảo đảm bằng tàu bay
b718b3186cc7b5d9e4089c6d175b9b4c79ad7713,09/2014/ttlt-btp-tandtc-vksndtc+2,09/2014/ttlt-btp-tandtc-vksndtc,Điều 2. Đối tượng áp dụng
b718b3186cc7b5d9e4089c6d175b9b4c79ad7713,09/2014/ttlt-btp-tandtc-vksndtc-btc+2,09/2014/ttlt-btp-tandtc-vksndtc-btc,Điều 2. Đối tượng áp dụng
b71d836783d5f24c1739bb9d49adfecb21e106a9,155/2020/nd-cp+110,155/2020/nd-cp,"Điều 110. Hồ sơ đăng ký niêm yết cổ phiếu, chứng chỉ quỹ"
b71d836783d5f24c1739bb9d49adfecb21e106a9,155/2020/nđ-cp+110,155/2020/nđ-cp,"Điều 110. Hồ sơ đăng ký niêm yết cổ phiếu, chứng chỉ quỹ"
b75719ea1e46a881cad8f0ffb9be53d54aead143,102/2017/nð-cp+45,102/2017/nð-cp,"Điều 45. Hồ sơ đăng ký văn bản thông báo về việc xử lý tài sản thế chấp bằng quyền sử dụng đất, tài sản gắn liền với đất"
b75719ea1e46a881cad8f0ffb9be53d54aead143,102/2017/nđ-cp+45,102/2017/nđ-cp,"Điều 45. Hồ sơ đăng ký văn bản thông báo về việc xử lý tài sản thế chấp bằng quyền sử dụng đất, tài sản gắn liền với đất"
b78bbb2cfd65194d095c021846dea122fa9b82d0,155/2020/nd-cp+126,155/2020/nd-cp,"Điều 126: Điều kiện niêm yết, giao dịch chứng khoán tại Sở giao dịch chứng khoán nước ngoài"
b78bbb2cfd65194d095c021846dea122fa9b82d0,155/2020/nđ-cp+126,155/2020/nđ-cp,"Điều 126: Điều kiện niêm yết, giao dịch chứng khoán tại Sở giao dịch chứng khoán nước ngoài"
b78c238c2bc9dec0437b056e4dfe459bf2e1bf52,63/2019/nđ-+48,63/2019/nđ-,Điều 48. Hành vi vi phạm quy định về quản lý tiền vốn và phí trong hoạt động dự trữ quốc gia
b78c238c2bc9dec0437b056e4dfe459bf2e1bf52,63/2019/nđ-cp+48,63/2019/nđ-cp,Điều 48. Hành vi vi phạm quy định về quản lý tiền vốn và phí trong hoạt động dự trữ quốc gia
b7be337fd438e2d995e3431ef13eb9b9c2de9c4e,63/2019/nđ-+64,63/2019/nđ-,"Điều 64. Thẩm quyền xử phạt của Tổng Giám đốc Kho bạc Nhà nước; Giám đốc Kho bạc Nhà nước tỉnh, thành phố trực thuộc trung ương"
b7be337fd438e2d995e3431ef13eb9b9c2de9c4e,63/2019/nđ-cp+64,63/2019/nđ-cp,"Điều 64. Thẩm quyền xử phạt của Tổng Giám đốc Kho bạc Nhà nước; Giám đốc Kho bạc Nhà nước tỉnh, thành phố trực thuộc trung ương"
b7e15b56a10584bea41db3db35aec9d4720b18aa,155/2020/nd-cp+187,155/2020/nd-cp,"Điều 187. Phát hành, chào bán cổ phần, tăng vốn điều lệ của công ty chứng khoán, công ty quản lý quỹ đầu tư chứng khoán, chi nhánh công ty chứng khoán, công ty quản lý quỹ nước ngoài tại Việt Nam"
b7e15b56a10584bea41db3db35aec9d4720b18aa,155/2020/nđ-cp+187,155/2020/nđ-cp,"Điều 187. Phát hành, chào bán cổ phần, tăng vốn điều lệ của công ty chứng khoán, công ty quản lý quỹ đầu tư chứng khoán, chi nhánh công ty chứng khoán, công ty quản lý quỹ nước ngoài tại Việt Nam"
b7fe294aec9cd39f8e56b9c07b1fa841ea367d3a,84/2019/nđ-+11,84/2019/nđ-,Điều 11. Thu hồi Quyết định công nhận tổ chức khảo nghiệm phân bón
b7fe294aec9cd39f8e56b9c07b1fa841ea367d3a,84/2019/nđ-cp+11,84/2019/nđ-cp,Điều 11. Thu hồi Quyết định công nhận tổ chức khảo nghiệm phân bón
b86a7ca2869b2c44dc91c0fbc65ccfa826ead354,155/2020/nd-cp+5,155/2020/nd-cp,Điều 5. Tài liệu xác định nhà đầu tư chứng khoán chuyên nghiệp
b86a7ca2869b2c44dc91c0fbc65ccfa826ead354,155/2020/nđ-cp+5,155/2020/nđ-cp,Điều 5. Tài liệu xác định nhà đầu tư chứng khoán chuyên nghiệp
b86deef68eb17beed878557963178241a39f0d2f,91/2019/nd-cp+17,91/2019/nd-cp,Điều 17. Không đăng ký đất đai
b86deef68eb17beed878557963178241a39f0d2f,91/2019/nđ-cp+17,91/2019/nđ-cp,Điều 17. Không đăng ký đất đai
b8bfec58553384977f4527cdf294c96a6fe4fce2,01/2018/tt-byt+39,01/2018/tt-byt,Điều 39. Điều khoản tham chiếu
b8bfec58553384977f4527cdf294c96a6fe4fce2,44/2014/tt-byt+39,44/2014/tt-byt,Điều 39. Điều khoản tham chiếu
b8fe537e3ea8c77ff1838ec354d8b4f6c2dd4fb9,155/2020/nd-cp+62,155/2020/nd-cp,Điều 62. Điều kiện công ty đại chúng phát hành cổ phiếu để tăng vốn cổ phần từ nguồn vốn chủ sở hữu
b8fe537e3ea8c77ff1838ec354d8b4f6c2dd4fb9,155/2020/nđ-cp+62,155/2020/nđ-cp,Điều 62. Điều kiện công ty đại chúng phát hành cổ phiếu để tăng vốn cổ phần từ nguồn vốn chủ sở hữu
b9468fb5418334b7a97b3dbde414d2df18207d55,155/2020/nd-cp+270,155/2020/nd-cp,Điều 270. Điều lệ công ty và Quy chế nội bộ về quản trị công ty
b9468fb5418334b7a97b3dbde414d2df18207d55,155/2020/nđ-cp+270,155/2020/nđ-cp,Điều 270. Điều lệ công ty và Quy chế nội bộ về quản trị công ty
b95728a89b6ce4357192814392504f805c8d7e90,102/2017/nð-cp+24,102/2017/nð-cp,"Điều 24. Hồ sơ đăng ký cầm cố tàu bay, thế chấp tàu bay"
b95728a89b6ce4357192814392504f805c8d7e90,102/2017/nđ-cp+24,102/2017/nđ-cp,"Điều 24. Hồ sơ đăng ký cầm cố tàu bay, thế chấp tàu bay"
b9783d487f3a9b909d6f5b6256ba8b7097cd75ee,155/2020/nd-cp+27,155/2020/nd-cp,Điều 27. Hồ sơ đăng ký chào bán trái phiếu ra công chúng bằng đồng Việt Nam của tổ chức tài chính quốc tế
b9783d487f3a9b909d6f5b6256ba8b7097cd75ee,155/2020/nđ-cp+27,155/2020/nđ-cp,Điều 27. Hồ sơ đăng ký chào bán trái phiếu ra công chúng bằng đồng Việt Nam của tổ chức tài chính quốc tế
b9fea7f9e7691913c203b9df255e0d7f8199b895,155/2020/nd-cp+132,155/2020/nd-cp,"Điều 132. Trách nhiệm của tổ chức phát hành chứng chỉ lưu ký niêm yết, giao dịch tại Sở giao dịch chứng khoán nước ngoài"
b9fea7f9e7691913c203b9df255e0d7f8199b895,155/2020/nđ-cp+132,155/2020/nđ-cp,"Điều 132. Trách nhiệm của tổ chức phát hành chứng chỉ lưu ký niêm yết, giao dịch tại Sở giao dịch chứng khoán nước ngoài"
ba4f85189cd8ec2001258701752e2205d35e9b4d,102/2017/nð-cp+64,102/2017/nð-cp,Điều 64. Công bố thông tin về biện pháp bảo đảm
ba4f85189cd8ec2001258701752e2205d35e9b4d,102/2017/nđ-cp+64,102/2017/nđ-cp,Điều 64. Công bố thông tin về biện pháp bảo đảm
bb5c821092ef3c34765331a4e9470bd751ee37d7,155/2020/nd-cp+60,155/2020/nd-cp,Điều 60. Điều kiện công ty đại chúng phát hành cổ phiếu để trả cổ tức
bb5c821092ef3c34765331a4e9470bd751ee37d7,155/2020/nđ-cp+60,155/2020/nđ-cp,Điều 60. Điều kiện công ty đại chúng phát hành cổ phiếu để trả cổ tức
bc217c2f3d9a8f36ec852b36c3165ed3713a840a,155/2020/nd-cp+239,155/2020/nd-cp,"Điều 239. Trình tự, thủ tục cấp, cấp lại, điều chỉnh Giấy chứng nhận đăng ký lập quỹ đóng"
bc217c2f3d9a8f36ec852b36c3165ed3713a840a,155/2020/nđ-cp+239,155/2020/nđ-cp,"Điều 239. Trình tự, thủ tục cấp, cấp lại, điều chỉnh Giấy chứng nhận đăng ký lập quỹ đóng"
bc44fe813e6904cc022eb2bdf1264d6b7096091d,155/2020/nd-cp+193,155/2020/nd-cp,"Điều 193. Hồ sơ đề nghị chấp thuận thành lập chi nhánh, phòng giao dịch, văn phòng đại diện trong nước, bổ sung nghiệp vụ chi nhánh của công ty chứng khoán, công ty quản lý quỹ đầu tư chứng khoán"
bc44fe813e6904cc022eb2bdf1264d6b7096091d,155/2020/nđ-cp+193,155/2020/nđ-cp,"Điều 193. Hồ sơ đề nghị chấp thuận thành lập chi nhánh, phòng giao dịch, văn phòng đại diện trong nước, bổ sung nghiệp vụ chi nhánh của công ty chứng khoán, công ty quản lý quỹ đầu tư chứng khoán"
bd28739a31cc8a4b0c5907184f107d595b95b52e,155/2020/nd-cp+43,155/2020/nd-cp,Điều 43. Hồ sơ đăng ký chào bán cổ phiếu riêng lẻ của công ty đại chúng
bd28739a31cc8a4b0c5907184f107d595b95b52e,155/2020/nđ-cp+43,155/2020/nđ-cp,Điều 43. Hồ sơ đăng ký chào bán cổ phiếu riêng lẻ của công ty đại chúng
bd7430b3a3d3283c8fa5876cda8d891940f366b9,102/2017/nð-cp+51,102/2017/nð-cp,Điều 51. Hồ sơ đăng ký bảo lưu quyền sở hữu trong trường hợp mua bán tài sản là động sản khác có bảo lưu quyền sở hữu
bd7430b3a3d3283c8fa5876cda8d891940f366b9,102/2017/nđ-cp+51,102/2017/nđ-cp,Điều 51. Hồ sơ đăng ký bảo lưu quyền sở hữu trong trường hợp mua bán tài sản là động sản khác có bảo lưu quyền sở hữu
bdb31304ce782fc9f7609c6026e48134d890db20,155/2020/nd-cp+85,155/2020/nd-cp,Điều 85. Hồ sơ đăng ký chào mua công khai
bdb31304ce782fc9f7609c6026e48134d890db20,155/2020/nđ-cp+85,155/2020/nđ-cp,Điều 85. Hồ sơ đăng ký chào mua công khai
bdf097c8f4fd2cd003a981e9152957d3e478db39,155/2020/nd-cp+197,155/2020/nd-cp,"Điều 197. Hồ sơ đề nghị thay đổi tên, địa điểm chi nhánh, văn phòng đại diện, phòng giao dịch, giám đốc chi nhánh của công ty chứng khoán, công ty quản lý quỹ đầu tư chứng khoán"
bdf097c8f4fd2cd003a981e9152957d3e478db39,155/2020/nđ-cp+197,155/2020/nđ-cp,"Điều 197. Hồ sơ đề nghị thay đổi tên, địa điểm chi nhánh, văn phòng đại diện, phòng giao dịch, giám đốc chi nhánh của công ty chứng khoán, công ty quản lý quỹ đầu tư chứng khoán"
be8b0d1f78189e409b18e06dda3fc99cbe00b7bd,84/2019/nđ-+1,84/2019/nđ-,Điều 1. Phạm vi điều chỉnh
be8b0d1f78189e409b18e06dda3fc99cbe00b7bd,84/2019/nđ-cp+1,84/2019/nđ-cp,Điều 1. Phạm vi điều chỉnh
bea861a5e42a25afaf557448df045444c928598c,03/2021/tt-bgddt+10,03/2021/tt-bgddt,Điều 10. Điều khoán áp dụng
bea861a5e42a25afaf557448df045444c928598c,03/2021/tt-bgdđt+10,03/2021/tt-bgdđt,Điều 10. Điều khoán áp dụng
beff1168d589af2ede26c14134b499052ab773c3,155/2020/nd-cp+215,155/2020/nd-cp,Điều 215. Thu hồi chứng chỉ hành nghề chứng khoán
beff1168d589af2ede26c14134b499052ab773c3,155/2020/nđ-cp+215,155/2020/nđ-cp,Điều 215. Thu hồi chứng chỉ hành nghề chứng khoán
bf1d634d7808156c826edc17eb4de9296bb9b3dd,91/2019/nd-cp+10,91/2019/nd-cp,"Điều 10. Sử dụng đất rừng đặc dụng, đất rừng phòng hộ, đất rừng sản xuất vào mục đích khác không được cơ quan nhà nước có thẩm quyền cho phép theo quy định tại các điểm c và d khoản 1 Điều 57 của Luật đất đai"
bf1d634d7808156c826edc17eb4de9296bb9b3dd,91/2019/nđ-cp+10,91/2019/nđ-cp,"Điều 10. Sử dụng đất rừng đặc dụng, đất rừng phòng hộ, đất rừng sản xuất vào mục đích khác không được cơ quan nhà nước có thẩm quyền cho phép theo quy định tại các điểm c và d khoản 1 Điều 57 của Luật đất đai"
bf4f53dd4c6766479936959f837417ac37d2b533,09/2014/ttlt-btp-tandtc-vksndtc+18,09/2014/ttlt-btp-tandtc-vksndtc,Điều 18. Chế độ hoạt động của Văn phòng Thừa phát lại
bf4f53dd4c6766479936959f837417ac37d2b533,09/2014/ttlt-btp-tandtc-vksndtc-btc+18,09/2014/ttlt-btp-tandtc-vksndtc-btc,Điều 18. Chế độ hoạt động của Văn phòng Thừa phát lại
bfd4cae4999f8478070ddc537e6b3979e0b62f23,63/2019/nđ-+44,63/2019/nđ-,"Điều 44. Hành vi vi phạm quy định về cấp phát, cứu trợ hàng dự trữ quốc gia"
bfd4cae4999f8478070ddc537e6b3979e0b62f23,63/2019/nđ-cp+44,63/2019/nđ-cp,"Điều 44. Hành vi vi phạm quy định về cấp phát, cứu trợ hàng dự trữ quốc gia"
bff3d5de7ff57982147074c05b0408178d515793,155/2020/nd-cp+301,155/2020/nd-cp,"Điều 301. Giám sát an ninh, an toàn thị trường chứng khoán"
bff3d5de7ff57982147074c05b0408178d515793,155/2020/nđ-cp+301,155/2020/nđ-cp,"Điều 301. Giám sát an ninh, an toàn thị trường chứng khoán"
c0144a65bcf989c7f448e6c3d801fb58c258fa5f,155/2020/nd-cp+108,155/2020/nd-cp,Điều 108. Phân bảng niêm yết chứng khoán
c0144a65bcf989c7f448e6c3d801fb58c258fa5f,155/2020/nđ-cp+108,155/2020/nđ-cp,Điều 108. Phân bảng niêm yết chứng khoán
c04ad9b7a32c32b3f438b094dd198a2e0c50e38b,155/2020/nd-cp+135,155/2020/nd-cp,Điều 135. Thủ tục đăng ký giao dịch trên hệ thống giao dịch Upcom
c04ad9b7a32c32b3f438b094dd198a2e0c50e38b,155/2020/nđ-cp+135,155/2020/nđ-cp,Điều 135. Thủ tục đăng ký giao dịch trên hệ thống giao dịch Upcom
c05f889c9cc154000338f7fd7e3902b65b459255,102/2017/nð-cp+60,102/2017/nð-cp,Điều 60. Phương thức yêu cầu cung cấp thông tin về biện pháp bảo đảm
c05f889c9cc154000338f7fd7e3902b65b459255,102/2017/nđ-cp+60,102/2017/nđ-cp,Điều 60. Phương thức yêu cầu cung cấp thông tin về biện pháp bảo đảm
c079d3969eeb1952929b3f946d00ff159967a3f3,155/2020/nd-cp+58,155/2020/nd-cp,Điều 58. Hồ sơ công ty đại chúng đăng ký phát hành cổ phiếu để hoán đổi nợ
c079d3969eeb1952929b3f946d00ff159967a3f3,155/2020/nđ-cp+58,155/2020/nđ-cp,Điều 58. Hồ sơ công ty đại chúng đăng ký phát hành cổ phiếu để hoán đổi nợ
c0c485e9d3b1be2f45ff590479903811276da3c8,63/2019/nđ-+25,63/2019/nđ-,Điều 25. Hành vi vi phạm trong xử lý tài sản kết cấu hạ tầng
c0c485e9d3b1be2f45ff590479903811276da3c8,63/2019/nđ-cp+25,63/2019/nđ-cp,Điều 25. Hành vi vi phạm trong xử lý tài sản kết cấu hạ tầng
c165ace389983284fd8b895725ffba8271796cbc,155/2020/nd-cp+299,155/2020/nd-cp,"Điều 299. Trách nhiệm về báo cáo và công bố thông tin của thành viên Hội đồng quản trị, thành viên Ban kiểm soát, Tổng giám đốc (Giám đốc)"
c165ace389983284fd8b895725ffba8271796cbc,155/2020/nđ-cp+299,155/2020/nđ-cp,"Điều 299. Trách nhiệm về báo cáo và công bố thông tin của thành viên Hội đồng quản trị, thành viên Ban kiểm soát, Tổng giám đốc (Giám đốc)"
c2c868e7ad9bfd72a3b24b684b24e5b83dfc0e90,155/2020/nd-cp+82,155/2020/nd-cp,Điều 82. Nguyên tắc chào mua công khai
c2c868e7ad9bfd72a3b24b684b24e5b83dfc0e90,155/2020/nđ-cp+82,155/2020/nđ-cp,Điều 82. Nguyên tắc chào mua công khai
c2d15740993ac714e3dda5385d7e63618debd922,107/2020/nđ-cp+3,107/2020/nđ-cp,Điều 3. Hiệu lực thi hành
c2d15740993ac714e3dda5385d7e63618debd922,108/2020/nđ-cp+3,108/2020/nđ-cp,Điều 3. Hiệu lực thi hành
c30b714fdc2f996403e4fa82441504e4aced6d35,155/2020/nd-cp+305,155/2020/nd-cp,"Điều 305. Tạm ngừng, đình chỉ một phần hoặc toàn bộ hoặc khôi phục hoạt động đăng ký, lưu ký, bù trừ, thanh toán chứng khoán của Tổng công ty lưu ký và bù trừ chứng khoán Việt Nam"
c30b714fdc2f996403e4fa82441504e4aced6d35,155/2020/nđ-cp+305,155/2020/nđ-cp,"Điều 305. Tạm ngừng, đình chỉ một phần hoặc toàn bộ hoặc khôi phục hoạt động đăng ký, lưu ký, bù trừ, thanh toán chứng khoán của Tổng công ty lưu ký và bù trừ chứng khoán Việt Nam"
c316e38373e2a2ed442b5f7cdf1cdf040b202caf,155/2020/nd-cp+211,155/2020/nd-cp,"Điều 211. Thủ tục giải thể, thu hồi Giấy phép thành lập và hoạt động kinh doanh chứng khoán của công ty quản lý quỹ đầu tư chứng khoán, chi nhánh công ty quản lý quỹ nước ngoài tại Việt Nam"
c316e38373e2a2ed442b5f7cdf1cdf040b202caf,155/2020/nđ-cp+211,155/2020/nđ-cp,"Điều 211. Thủ tục giải thể, thu hồi Giấy phép thành lập và hoạt động kinh doanh chứng khoán của công ty quản lý quỹ đầu tư chứng khoán, chi nhánh công ty quản lý quỹ nước ngoài tại Việt Nam"
c3502ea9880a275c321dabca59e3b53962785ef6,155/2020/nd-cp+300,155/2020/nd-cp,Điều 300. Tổ chức công bố thông tin
c3502ea9880a275c321dabca59e3b53962785ef6,155/2020/nđ-cp+300,155/2020/nđ-cp,Điều 300. Tổ chức công bố thông tin
c3579744bd0c9d98c2ace3d1e3c9cecc4769a986,84/2019/nđ-+18,84/2019/nđ-,"Điều 18. Thu hồi Giấy chứng nhận đủ điều kiện sản xuất phân bón, Giấy chứng nhận đủ điều kiện buôn bán phân bón"
c3579744bd0c9d98c2ace3d1e3c9cecc4769a986,84/2019/nđ-cp+18,84/2019/nđ-cp,"Điều 18. Thu hồi Giấy chứng nhận đủ điều kiện sản xuất phân bón, Giấy chứng nhận đủ điều kiện buôn bán phân bón"
c3795ec8e0a636804f3648301daf6f5fc860768f,155/2020/nd-cp+244,155/2020/nd-cp,"Điều 244. Chia, tách quỹ mở"
c3795ec8e0a636804f3648301daf6f5fc860768f,155/2020/nđ-cp+244,155/2020/nđ-cp,"Điều 244. Chia, tách quỹ mở"
c4c2fd52a30a8c0b82caea9f4357f49107d6062b,155/2020/nd-cp+266,155/2020/nd-cp,"Điều 266. Hồ sơ đề nghị chấp thuận hợp nhất, sáp nhập công ty đầu tư chứng khoán"
c4c2fd52a30a8c0b82caea9f4357f49107d6062b,155/2020/nđ-cp+266,155/2020/nđ-cp,"Điều 266. Hồ sơ đề nghị chấp thuận hợp nhất, sáp nhập công ty đầu tư chứng khoán"
c587c86791e28273b63e8980dedc0fcce2ef754a,146/2018/nð-cp+39,146/2018/nð-cp,Điều 39. Điều khoản chuyển tiếp
c587c86791e28273b63e8980dedc0fcce2ef754a,146/2018/nđ-cp+39,146/2018/nđ-cp,Điều 39. Điều khoản chuyển tiếp
c5f98c3324ff05879b3b450de74d195a0c82fa3b,91/2019/nd-cp+25,91/2019/nd-cp,"Điều 25. Chuyển nhượng, tặng cho quyền sử dụng đất có điều kiện của hộ gia đình, cá nhân mà không đủ điều kiện quy định tại Điều 192 của Luật đất đai"
c5f98c3324ff05879b3b450de74d195a0c82fa3b,91/2019/nđ-cp+25,91/2019/nđ-cp,"Điều 25. Chuyển nhượng, tặng cho quyền sử dụng đất có điều kiện của hộ gia đình, cá nhân mà không đủ điều kiện quy định tại Điều 192 của Luật đất đai"
c62450aeabd3c96a8618bb3f96db57f8725da739,91/2019/nd-cp+8,91/2019/nd-cp,Điều 8. Xác định diện tích đất vi phạm và mức phạt hành vi vi phạm hành chính
c62450aeabd3c96a8618bb3f96db57f8725da739,91/2019/nđ-cp+8,91/2019/nđ-cp,Điều 8. Xác định diện tích đất vi phạm và mức phạt hành vi vi phạm hành chính
c63f07b7e25537fc9ec5c2f4159f3850c6b22ef2,103/2017/tt-btc+2,103/2017/tt-btc,Điều 2. Đối tượng áp dụng
c63f07b7e25537fc9ec5c2f4159f3850c6b22ef2,98/2017/tt-btc+2,98/2017/tt-btc,Điều 2. Đối tượng áp dụng
c66df62d225c3486d4acf513c42dcdc141d0d4c9,155/2020/nd-cp+50,155/2020/nd-cp,"Điều 50. Hồ sơ công ty đại chúng đăng ký phát hành cổ phiếu để hoán đổi cổ phần cho cổ đông công ty cổ phần chưa đại chúng, hoán đổi phần vốn góp cho thành viên góp vốn của công ty trách nhiệm hữu hạn"
c66df62d225c3486d4acf513c42dcdc141d0d4c9,155/2020/nđ-cp+50,155/2020/nđ-cp,"Điều 50. Hồ sơ công ty đại chúng đăng ký phát hành cổ phiếu để hoán đổi cổ phần cho cổ đông công ty cổ phần chưa đại chúng, hoán đổi phần vốn góp cho thành viên góp vốn của công ty trách nhiệm hữu hạn"
c677b335bc12f342d00c6573a4662e02c746828a,63/2019/nđ-+57,63/2019/nđ-,Điều 57. Hành vi vi phạm chế độ thanh toán các khoản chi ngân sách nhà nước
c677b335bc12f342d00c6573a4662e02c746828a,63/2019/nđ-cp+57,63/2019/nđ-cp,Điều 57. Hành vi vi phạm chế độ thanh toán các khoản chi ngân sách nhà nước
c6a24c1e5792477fd61f70f208157aaa7546a49b,155/2020/nd-cp+272,155/2020/nd-cp,Điều 272. Thẩm quyền của Đại hội đồng cổ đông
c6a24c1e5792477fd61f70f208157aaa7546a49b,155/2020/nđ-cp+272,155/2020/nđ-cp,Điều 272. Thẩm quyền của Đại hội đồng cổ đông
c6aa5252e1e4134198ef01a42255dcf8c00f88b5,02/2019/qđ-ktnn+2,02/2019/qđ-ktnn,Điều 2. Quyết định này có hiệu lực sau 45 ngày kể từ ngày ký.
c6aa5252e1e4134198ef01a42255dcf8c00f88b5,03/2018/qđ-ktnn+2,03/2018/qđ-ktnn,Điều 2. Quyết định này có hiệu lực sau 45 ngày kể từ ngày ký.
c7f3bef953bf99e80de215d3936ece6664da9c5d,155/2020/nd-cp+291,155/2020/nd-cp,Điều 291. Trách nhiệm trung thực và tránh các xung đột về quyền lợi của người quản lý doanh nghiệp
c7f3bef953bf99e80de215d3936ece6664da9c5d,155/2020/nđ-cp+291,155/2020/nđ-cp,Điều 291. Trách nhiệm trung thực và tránh các xung đột về quyền lợi của người quản lý doanh nghiệp
c8324fe254a38ae1c34cc9a28779e3a6d97320bf,91/2019/nd-cp+12,91/2019/nd-cp,"Điều 12. Sử dụng đất trong nhóm đất phi nông nghiệp vào mục đích khác không được cơ quan nhà nước có thẩm quyền cho phép theo quy định tại các điểm đ, e và g khoản 1 Điều 57 của Luật đất đai"
c8324fe254a38ae1c34cc9a28779e3a6d97320bf,91/2019/nđ-cp+12,91/2019/nđ-cp,"Điều 12. Sử dụng đất trong nhóm đất phi nông nghiệp vào mục đích khác không được cơ quan nhà nước có thẩm quyền cho phép theo quy định tại các điểm đ, e và g khoản 1 Điều 57 của Luật đất đai"
c873dea3f7bc3f1151d7265f68c4e387a8ecfa0c,155/2020/nd-cp+209,155/2020/nd-cp,"Điều 209. Thủ tục chấp thuận tạm ngừng hoạt động công ty chứng khoán, công ty quản lý quỹ đầu tư chứng khoán, chi nhánh công ty chứng khoán, công ty quản lý quỹ nước ngoài tại Việt Nam"
c873dea3f7bc3f1151d7265f68c4e387a8ecfa0c,155/2020/nđ-cp+209,155/2020/nđ-cp,"Điều 209. Thủ tục chấp thuận tạm ngừng hoạt động công ty chứng khoán, công ty quản lý quỹ đầu tư chứng khoán, chi nhánh công ty chứng khoán, công ty quản lý quỹ nước ngoài tại Việt Nam"
c8aa06ad977f6c76c9765e1ab69e297799f5aee9,155/2020/nd-cp+296,155/2020/nd-cp,Điều 296. Báo cáo và công bố thông tin về mô hình tổ chức quản lý và hoạt động công ty
c8aa06ad977f6c76c9765e1ab69e297799f5aee9,155/2020/nđ-cp+296,155/2020/nđ-cp,Điều 296. Báo cáo và công bố thông tin về mô hình tổ chức quản lý và hoạt động công ty
c8c1774f3219d23ab427c541ab0334b87aed86ce,84/2019/nđ-+8,84/2019/nđ-,"Điều 8. Trình tự, thủ tục và thẩm quyền hủy bỏ Quyết định công nhận phân bón lưu hành tại Việt Nam"
c8c1774f3219d23ab427c541ab0334b87aed86ce,84/2019/nđ-cp+8,84/2019/nđ-cp,"Điều 8. Trình tự, thủ tục và thẩm quyền hủy bỏ Quyết định công nhận phân bón lưu hành tại Việt Nam"
c9115bbdc80fa676592f68dfcec0f1e0b71df0ec,146/2013/nđ-cp+2,146/2013/nđ-cp,Điều 2. Đối tượng áp dụng
c9115bbdc80fa676592f68dfcec0f1e0b71df0ec,16/2018/nđ-cp+2,16/2018/nđ-cp,Điều 2. Đối tượng áp dụng
c9879e92212c0fd96f190991dab9959a4b6f48db,84/2019/nđ-+27,84/2019/nđ-,Điều 27. Quy định chuyển tiếp
c9879e92212c0fd96f190991dab9959a4b6f48db,84/2019/nđ-cp+27,84/2019/nđ-cp,Điều 27. Quy định chuyển tiếp
c9a40857ffa34682d87d7845366751ced45e91b0,155/2020/nd-cp+167,155/2020/nd-cp,Điều 167. Hồ sơ đăng ký làm ngân hàng thanh toán đối với ngân hàng thương mại
c9a40857ffa34682d87d7845366751ced45e91b0,155/2020/nđ-cp+167,155/2020/nđ-cp,Điều 167. Hồ sơ đăng ký làm ngân hàng thanh toán đối với ngân hàng thương mại
c9a4e4ebfe271eca910b0a99c54a0635a30d4daf,155/2020/nd-cp+19,155/2020/nd-cp,Điều 19. Điều kiện chào bán trái phiếu ra công chúng
c9a4e4ebfe271eca910b0a99c54a0635a30d4daf,155/2020/nđ-cp+19,155/2020/nđ-cp,Điều 19. Điều kiện chào bán trái phiếu ra công chúng
ca2d00d5f9ad8b949ddc69302eb29538f10bfdbc,03/2021/tt-bgddt+4,03/2021/tt-bgddt,Điều 4. Giáo viên trung học cơ sở hạng II - Mã số V.07.04.31
ca2d00d5f9ad8b949ddc69302eb29538f10bfdbc,03/2021/tt-bgdđt+4,03/2021/tt-bgdđt,Điều 4. Giáo viên trung học cơ sở hạng II - Mã số V.07.04.31
cb8137660c7fce27b0a99e5da9fbaea0a8f308c3,102/2017/nð-cp+28,102/2017/nð-cp,"Điều 28. Hồ sơ đăng ký văn bản thông báo về việc xử lý tài sản cầm cố tàu bay, thế chấp tàu bay"
cb8137660c7fce27b0a99e5da9fbaea0a8f308c3,102/2017/nđ-cp+28,102/2017/nđ-cp,"Điều 28. Hồ sơ đăng ký văn bản thông báo về việc xử lý tài sản cầm cố tàu bay, thế chấp tàu bay"
cba31c662ed63709d12f5185fdd708bd7fb1c715,155/2020/nd-cp+91,155/2020/nd-cp,Điều 91. Nguyên tắc xác định giá chào mua công khai
cba31c662ed63709d12f5185fdd708bd7fb1c715,155/2020/nđ-cp+91,155/2020/nđ-cp,Điều 91. Nguyên tắc xác định giá chào mua công khai
cbafb42a5653f3a1d248d5756d4800f651129fec,19/2019/nđ+1,19/2019/nđ,Điều 1. Phạm vi điều chỉnh
cbafb42a5653f3a1d248d5756d4800f651129fec,19/2019/nđ-cp+1,19/2019/nđ-cp,Điều 1. Phạm vi điều chỉnh
cc48fab15208956df33dd88a9a979692771a6d3e,63/2019/nđ-+65,63/2019/nđ-,Điều 65. Hiệu lực thi hành
cc48fab15208956df33dd88a9a979692771a6d3e,63/2019/nđ-cp+65,63/2019/nđ-cp,Điều 65. Hiệu lực thi hành
cc87913f50a1706eb750f6be10ecb88f1a227805,141/2017/nđ-cp+2,141/2017/nđ-cp,Điều 2. Đối tượng áp dụng
cc87913f50a1706eb750f6be10ecb88f1a227805,157/2018/nđ-cp+2,157/2018/nđ-cp,Điều 2. Đối tượng áp dụng
cc87913f50a1706eb750f6be10ecb88f1a227805,90/2019/nđ-cp+2,90/2019/nđ-cp,Điều 2. Đối tượng áp dụng
cc96e3ac2edc5c8af1398ff2f64c3666dc77f5a9,288/2016/tt-btc+7,288/2016/tt-btc,Điều 7. Quản lý và sử dụng phí
cc96e3ac2edc5c8af1398ff2f64c3666dc77f5a9,289/2016/tt-btc+7,289/2016/tt-btc,Điều 7. Quản lý và sử dụng phí
ccaf91d2e2ba8aceba80ea68bcc93bfc03c05fa6,102/2017/nð-cp+8,102/2017/nð-cp,"Điều 8. Người yêu cầu đăng ký, nghĩa vụ và trách nhiệm của người yêu cầu đăng ký"
ccaf91d2e2ba8aceba80ea68bcc93bfc03c05fa6,102/2017/nđ-cp+8,102/2017/nđ-cp,"Điều 8. Người yêu cầu đăng ký, nghĩa vụ và trách nhiệm của người yêu cầu đăng ký"
ccb41dbd9c0158fc9426937baa430ca41868f708,155/2020/nd-cp+119,155/2020/nd-cp,Điều 119. Niêm yết trái phiếu của doanh nghiệp sau quá trình tổ chức lại
ccb41dbd9c0158fc9426937baa430ca41868f708,155/2020/nđ-cp+119,155/2020/nđ-cp,Điều 119. Niêm yết trái phiếu của doanh nghiệp sau quá trình tổ chức lại
ccc6f25b50813827a660f524bc5ddd2e6a204038,155/2020/nd-cp+134,155/2020/nd-cp,Điều 134. Hồ sơ đăng ký giao dịch
ccc6f25b50813827a660f524bc5ddd2e6a204038,155/2020/nđ-cp+134,155/2020/nđ-cp,Điều 134. Hồ sơ đăng ký giao dịch
ccecd2b0ccc3432df976f4ff51a3cd080a43145f,146/2018/nð-cp+32,146/2018/nð-cp,Điều 32. Chi phí quản lý quỹ bảo hiểm y tế
ccecd2b0ccc3432df976f4ff51a3cd080a43145f,146/2018/nđ-cp+32,146/2018/nđ-cp,Điều 32. Chi phí quản lý quỹ bảo hiểm y tế
cd2c877bd35ac55ec8ac460875cdfe5681789c61,24/2020/nd-cp+16,24/2020/nd-cp,Điều 16. Trách nhiệm quản lý nhà nước của Bộ Y tế
cd2c877bd35ac55ec8ac460875cdfe5681789c61,24/2020/nđ-cp+16,24/2020/nđ-cp,Điều 16. Trách nhiệm quản lý nhà nước của Bộ Y tế
cd4b85016b718824dc2e9d28b8d05598f7ce9e33,63/2019/nđ-+13,63/2019/nđ-,"Điều 13. Hành vi vi phạm hành chính đối với các quy định về sử dụng tài sản công vào mục đích kinh doanh, cho thuê, liên doanh, liên kết"
cd4b85016b718824dc2e9d28b8d05598f7ce9e33,63/2019/nđ-cp+13,63/2019/nđ-cp,"Điều 13. Hành vi vi phạm hành chính đối với các quy định về sử dụng tài sản công vào mục đích kinh doanh, cho thuê, liên doanh, liên kết"
cd5ab85a1b0e09916fae249e2fdcc81120aac484,09/2014/ttlt-btp-tandtc-vksndtc+17,09/2014/ttlt-btp-tandtc-vksndtc,Điều 17. Chi phí thi hành án dân sự
cd5ab85a1b0e09916fae249e2fdcc81120aac484,09/2014/ttlt-btp-tandtc-vksndtc-btc+17,09/2014/ttlt-btp-tandtc-vksndtc-btc,Điều 17. Chi phí thi hành án dân sự
cd73a0425863fd4b87c9a955c52e54394fa5c1fa,24/2020/nd-cp+26,24/2020/nd-cp,Điều 26. Hiệu lực thi hành
cd73a0425863fd4b87c9a955c52e54394fa5c1fa,24/2020/nđ-cp+26,24/2020/nđ-cp,Điều 26. Hiệu lực thi hành
ce216c2190e6c2aadf9b6794f84982419ccd8674,91/2019/nd-cp+38,91/2019/nd-cp,Điều 38. Thẩm quyền của Chủ tịch Ủy ban nhân dân các cấp trong việc xử phạt vi phạm hành chính
ce216c2190e6c2aadf9b6794f84982419ccd8674,91/2019/nđ-cp+38,91/2019/nđ-cp,Điều 38. Thẩm quyền của Chủ tịch Ủy ban nhân dân các cấp trong việc xử phạt vi phạm hành chính
ce2d804ee2e7796b01ec1221114aa5a767e9b243,155/2020/nd-cp+113,155/2020/nd-cp,"Điều 113. Hồ sơ, thủ tục đăng ký niêm yết cổ phiếu tại Sở giao dịch chứng khoán của các công ty đại chúng sau quá trình hợp nhất doanh nghiệp"
ce2d804ee2e7796b01ec1221114aa5a767e9b243,155/2020/nđ-cp+113,155/2020/nđ-cp,"Điều 113. Hồ sơ, thủ tục đăng ký niêm yết cổ phiếu tại Sở giao dịch chứng khoán của các công ty đại chúng sau quá trình hợp nhất doanh nghiệp"
ce38eaf56cf66444818375a979a7ff958b1b1963,155/2020/nd-cp+201,155/2020/nd-cp,Điều 201. Điều kiện cung cấp dịch vụ giao dịch chứng khoán trực tuyến của công ty chứng khoán
ce38eaf56cf66444818375a979a7ff958b1b1963,155/2020/nđ-cp+201,155/2020/nđ-cp,Điều 201. Điều kiện cung cấp dịch vụ giao dịch chứng khoán trực tuyến của công ty chứng khoán
ce693fb859ea319a4c22e30fda8dd033f1ffa11d,91/2019/nd-cp+28,91/2019/nd-cp,"Điều 28. Nhận chuyển nhượng, nhận góp vốn, thuê quyền sử dụng đất nông nghiệp để thực hiện dự án đầu tư sản xuất, kinh doanh phi nông nghiệp mà không đủ điều kiện quy định tại Điều 193 của Luật đất đai"
ce693fb859ea319a4c22e30fda8dd033f1ffa11d,91/2019/nđ-cp+28,91/2019/nđ-cp,"Điều 28. Nhận chuyển nhượng, nhận góp vốn, thuê quyền sử dụng đất nông nghiệp để thực hiện dự án đầu tư sản xuất, kinh doanh phi nông nghiệp mà không đủ điều kiện quy định tại Điều 193 của Luật đất đai"
ce847ed9f6c39e4284c96b3f466833f096ab2230,155/2020/nd-cp+274,155/2020/nd-cp,"Điều 274. Ứng cử, đề cử thành viên Hội đồng quản trị"
ce847ed9f6c39e4284c96b3f466833f096ab2230,155/2020/nđ-cp+274,155/2020/nđ-cp,"Điều 274. Ứng cử, đề cử thành viên Hội đồng quản trị"
cf57e959618beed52c6e47c5c8136af5ff67d4d9,102/2017/nð-cp+50,102/2017/nð-cp,"Điều 50. Hồ sơ đăng ký thế chấp, đăng ký thay đổi, sửa chữa sai sót, xóa đăng ký, đăng ký văn bản thông báo về việc xử lý tài sản bảo đảm bằng tài sản là động sản khác"
cf57e959618beed52c6e47c5c8136af5ff67d4d9,102/2017/nđ-cp+50,102/2017/nđ-cp,"Điều 50. Hồ sơ đăng ký thế chấp, đăng ký thay đổi, sửa chữa sai sót, xóa đăng ký, đăng ký văn bản thông báo về việc xử lý tài sản bảo đảm bằng tài sản là động sản khác"
cf72e4a385546ef3682e44509c6214e614ef5921,84/2019/nđ-+15,84/2019/nđ-,Điều 15. Hồ sơ cấp Giấy chứng nhận đủ điều kiện buôn bán phân bón
cf72e4a385546ef3682e44509c6214e614ef5921,84/2019/nđ-cp+15,84/2019/nđ-cp,Điều 15. Hồ sơ cấp Giấy chứng nhận đủ điều kiện buôn bán phân bón
cfa90d4534909be673fb67726512c96aecbeecb4,155/2020/nd-cp+152,155/2020/nd-cp,"Điều 152. Hồ sơ, trình tự, thủ tục cấp Giấy chứng nhận đủ điều kiện cung cấp dịch vụ bù trừ, thanh toán giao dịch chứng khoán"
cfa90d4534909be673fb67726512c96aecbeecb4,155/2020/nđ-cp+152,155/2020/nđ-cp,"Điều 152. Hồ sơ, trình tự, thủ tục cấp Giấy chứng nhận đủ điều kiện cung cấp dịch vụ bù trừ, thanh toán giao dịch chứng khoán"
cfd3876bf3823247ad304222dd3c1f90f02b947a,155/2020/nd-cp+308,155/2020/nd-cp,"Điều 308. Trình tự, thủ tục áp dụng các biện pháp phong tỏa tài khoản chứng khoán, yêu cầu người có thẩm quyền phong tỏa tài khoản tiền có liên quan đến hành vi vi phạm pháp luật về chứng khoán và thị trường chứng khoán"
cfd3876bf3823247ad304222dd3c1f90f02b947a,155/2020/nđ-cp+308,155/2020/nđ-cp,"Điều 308. Trình tự, thủ tục áp dụng các biện pháp phong tỏa tài khoản chứng khoán, yêu cầu người có thẩm quyền phong tỏa tài khoản tiền có liên quan đến hành vi vi phạm pháp luật về chứng khoán và thị trường chứng khoán"
d02c0771224127d6136d584838800b61bf6f30c7,155/2020/nd-cp+229,155/2020/nd-cp,"Điều 229. Hợp nhất, sáp nhập quỹ thành viên"
d02c0771224127d6136d584838800b61bf6f30c7,155/2020/nđ-cp+229,155/2020/nđ-cp,"Điều 229. Hợp nhất, sáp nhập quỹ thành viên"
d0477257167116313ea06c9e41e1e67ae44fddf0,155/2020/nd-cp+52,155/2020/nd-cp,Điều 52. Hồ sơ công ty đại chúng đăng ký phát hành cổ phiếu để hoán đổi cổ phần cho số cổ đông xác định trong công ty đại chúng khác
d0477257167116313ea06c9e41e1e67ae44fddf0,155/2020/nđ-cp+52,155/2020/nđ-cp,Điều 52. Hồ sơ công ty đại chúng đăng ký phát hành cổ phiếu để hoán đổi cổ phần cho số cổ đông xác định trong công ty đại chúng khác
d0485ddab1b1e5bcc683a503fa7b6b991e3910c1,24/2020/nd-cp+2,24/2020/nd-cp,Điều 2. Đối tượng áp dụng
d0485ddab1b1e5bcc683a503fa7b6b991e3910c1,24/2020/nđ-cp+2,24/2020/nđ-cp,Điều 2. Đối tượng áp dụng
d07fd170f547e986433162253b7929c3b778c76b,01/2019/tt-bnv+2,01/2019/tt-bnv,Điều 2. Đối tượng áp dụng
d07fd170f547e986433162253b7929c3b778c76b,02/2019/tt-bnv+2,02/2019/tt-bnv,Điều 2. Đối tượng áp dụng
d08f10d49b0b8c9882e3b384da0838a571c41ed4,155/2020/nd-cp+48,155/2020/nd-cp,"Điều 48. Trình tự, thủ tục chào bán cổ phiếu riêng lẻ"
d08f10d49b0b8c9882e3b384da0838a571c41ed4,155/2020/nđ-cp+48,155/2020/nđ-cp,"Điều 48. Trình tự, thủ tục chào bán cổ phiếu riêng lẻ"
d0c4d3b6649e5a94c1d4406bf3d23a931b236232,155/2020/nd-cp+255,155/2020/nd-cp,"Điều 255. Trình tự, thủ tục cấp, cấp lại, điều chỉnh Giấy chứng nhận đăng ký lập quỹ hoán đổi danh mục"
d0c4d3b6649e5a94c1d4406bf3d23a931b236232,155/2020/nđ-cp+255,155/2020/nđ-cp,"Điều 255. Trình tự, thủ tục cấp, cấp lại, điều chỉnh Giấy chứng nhận đăng ký lập quỹ hoán đổi danh mục"
d0dc99eefd02eeedac641e005fa831d083ba3e25,24/2020/nd-cp+14,24/2020/nd-cp,"Điều 14. Trách nhiệm thực hiện thông tin, giáo dục, truyền thông về phòng, chống tác hại của rượu, bia"
d0dc99eefd02eeedac641e005fa831d083ba3e25,24/2020/nđ-cp+14,24/2020/nđ-cp,"Điều 14. Trách nhiệm thực hiện thông tin, giáo dục, truyền thông về phòng, chống tác hại của rượu, bia"
d102c93e5471dc0665525ae00c42e26f83489015,145/2017/tt-bqp+1,145/2017/tt-bqp,Điều 1. Phạm vi điều chỉnh
d102c93e5471dc0665525ae00c42e26f83489015,79/2019/tt-bqp+1,79/2019/tt-bqp,Điều 1. Phạm vi điều chỉnh
d17c3d28f95964e3c6e1cbdc90b0cadfbe427f70,129/2015/nđ-cp+2,129/2015/nđ-cp,Điều 2. Đối tượng áp dụng
d17c3d28f95964e3c6e1cbdc90b0cadfbe427f70,70/2019/nđ-cp+2,70/2019/nđ-cp,Điều 2. Đối tượng áp dụng
d1afe31b555fe2cbc2642b53f3e40f660dca507e,155/2020/nd-cp+42,155/2020/nd-cp,"Điều 42. Xử lý cổ phiếu nhà đầu tư không đăng ký mua, không nộp tiền mua, số cổ phiếu lẻ"
d1afe31b555fe2cbc2642b53f3e40f660dca507e,155/2020/nđ-cp+42,155/2020/nđ-cp,"Điều 42. Xử lý cổ phiếu nhà đầu tư không đăng ký mua, không nộp tiền mua, số cổ phiếu lẻ"
d1dc7ddeef7e89586205a6bb503ec6fab7cd2f59,155/2020/nd-cp+205,155/2020/nd-cp,"Điều 205. Trình tự, thủ tục chấp thuận thực hiện các hoạt động phải được Ủy ban Chứng khoán Nhà nước chấp thuận"
d1dc7ddeef7e89586205a6bb503ec6fab7cd2f59,155/2020/nđ-cp+205,155/2020/nđ-cp,"Điều 205. Trình tự, thủ tục chấp thuận thực hiện các hoạt động phải được Ủy ban Chứng khoán Nhà nước chấp thuận"
d232ef939747782fcea82323816b8c05fd3e5cf0,15/2013/tt-btnmt+4,15/2013/tt-btnmt,"Điều 4. Công tác kiểm tra kỹ thuật, nghiệm thu sản phẩm"
d232ef939747782fcea82323816b8c05fd3e5cf0,16/2013/tt-btnmt+4,16/2013/tt-btnmt,"Điều 4. Công tác kiểm tra kỹ thuật, nghiệm thu sản phẩm"
d232ef939747782fcea82323816b8c05fd3e5cf0,17/2013/tt-btnmt+4,17/2013/tt-btnmt,"Điều 4. Công tác kiểm tra kỹ thuật, nghiệm thu sản phẩm"
d247087ec9b29a1c5fbd2031b0712df005e4fdf1,91/2019/nd-cp+29,91/2019/nd-cp,Điều 29. Nhận chuyển quyền sử dụng đất nông nghiệp vượt hạn mức quy định tại Điều 130 của Luật đất đai và Điều 44 của Nghị định số 43/2014/NĐ-CP
d247087ec9b29a1c5fbd2031b0712df005e4fdf1,91/2019/nđ-cp+29,91/2019/nđ-cp,Điều 29. Nhận chuyển quyền sử dụng đất nông nghiệp vượt hạn mức quy định tại Điều 130 của Luật đất đai và Điều 44 của Nghị định số 43/2014/NĐ-CP
d24e8e362166f632d8c9d971a3708265f9c4a810,146/2018/nð-cp+30,146/2018/nð-cp,Điều 30. Mức thanh toán trực tiếp
d24e8e362166f632d8c9d971a3708265f9c4a810,146/2018/nđ-cp+30,146/2018/nđ-cp,Điều 30. Mức thanh toán trực tiếp
d2c574a4ba136172b40b911a084d0f2bbda08fd3,24/2020/nd-cp+19,24/2020/nd-cp,Điều 19. Trách nhiệm quản lý nhà nước của Bộ Giáo dục và Đào tạo
d2c574a4ba136172b40b911a084d0f2bbda08fd3,24/2020/nđ-cp+19,24/2020/nđ-cp,Điều 19. Trách nhiệm quản lý nhà nước của Bộ Giáo dục và Đào tạo
d2e2a2e3989e1a65c8add30b0301d590f3888b6f,155/2020/nd-cp+199,155/2020/nd-cp,Điều 199. Điều kiện cung cấp dịch vụ cho vay chứng khoán
d2e2a2e3989e1a65c8add30b0301d590f3888b6f,155/2020/nđ-cp+199,155/2020/nđ-cp,Điều 199. Điều kiện cung cấp dịch vụ cho vay chứng khoán
d2f434083f7ff6c0fd35a7416fe0c498bf367574,63/2019/nđ-+28,63/2019/nđ-,"Điều 28. Thẩm quyền lập biên bản vi phạm hành chính trong lĩnh vực quản lý, sử dụng tài sản công"
d2f434083f7ff6c0fd35a7416fe0c498bf367574,63/2019/nđ-cp+28,63/2019/nđ-cp,"Điều 28. Thẩm quyền lập biên bản vi phạm hành chính trong lĩnh vực quản lý, sử dụng tài sản công"
d33a2e96085940d8b493953d70fb8e8b8bdcf45a,03/2021/tt-bgddt+5,03/2021/tt-bgddt,Điều 5. Giáo viên trung học cơ sở hạng I - Mã số V.07.04.30
d33a2e96085940d8b493953d70fb8e8b8bdcf45a,03/2021/tt-bgdđt+5,03/2021/tt-bgdđt,Điều 5. Giáo viên trung học cơ sở hạng I - Mã số V.07.04.30
d45a386d9f77a513a64e8c11ecaf75dacf8ce9ac,155/2020/nd-cp+177,155/2020/nd-cp,"Điều 177. Hồ sơ đề nghị cấp Giấy phép thành lập và hoạt động kinh doanh chứng khoán của chi nhánh công ty chứng khoán, công ty quản lý quỹ nước ngoài tại Việt Nam"
d45a386d9f77a513a64e8c11ecaf75dacf8ce9ac,155/2020/nđ-cp+177,155/2020/nđ-cp,"Điều 177. Hồ sơ đề nghị cấp Giấy phép thành lập và hoạt động kinh doanh chứng khoán của chi nhánh công ty chứng khoán, công ty quản lý quỹ nước ngoài tại Việt Nam"
d61905506ee917e23f711a30929e67820bf9f8cc,02/2014/tt-ttcp+11,02/2014/tt-ttcp,Điều 11. Hiệu lực thi hành
d61905506ee917e23f711a30929e67820bf9f8cc,78/2013/tt-bqp+11,78/2013/tt-bqp,Điều 11. Hiệu lực thi hành
d66dc6ca528abd26ce6f56e3a6ed7bfc689b03f2,155/2020/nd-cp+251,155/2020/nd-cp,Điều 251. Điều kiện trở thành thành viên lập quỹ
d66dc6ca528abd26ce6f56e3a6ed7bfc689b03f2,155/2020/nđ-cp+251,155/2020/nđ-cp,Điều 251. Điều kiện trở thành thành viên lập quỹ
d670dc2fde90ce2f43294be3baf1c11f8a0e49e0,160/2018/nđ-cp+17,160/2018/nđ-cp,Điều 17. Lưu trú đối với người nước ngoài tham gia hoạt động ứng phó và khắc phục hậu quả thiên tai tại Việt Nam
d670dc2fde90ce2f43294be3baf1c11f8a0e49e0,66/2014/nđ-cp+17,66/2014/nđ-cp,Điều 17. Lưu trú đối với người nước ngoài tham gia hoạt động ứng phó và khắc phục hậu quả thiên tai tại Việt Nam
d6da0d6fb39cbc4c9e30e4e31e0f980e97761072,155/2020/nd-cp+121,155/2020/nd-cp,Điều 121. Huỷ bỏ niêm yết chứng khoán tự nguyện
d6da0d6fb39cbc4c9e30e4e31e0f980e97761072,155/2020/nđ-cp+121,155/2020/nđ-cp,Điều 121. Huỷ bỏ niêm yết chứng khoán tự nguyện
d72d51619544ffcc4200c14435bfbcb7e9d21846,155/2020/nd-cp+172,155/2020/nd-cp,Điều 172. Xử lý tài sản bảo đảm là chứng khoán đã đăng ký biện pháp bảo đảm
d72d51619544ffcc4200c14435bfbcb7e9d21846,155/2020/nđ-cp+172,155/2020/nđ-cp,Điều 172. Xử lý tài sản bảo đảm là chứng khoán đã đăng ký biện pháp bảo đảm
d7542a9f536be8371c5c3728b08ec55a9e5bf777,155/2020/nd-cp+156,155/2020/nd-cp,"Điều 156. Hoạt động cung cấp dịch vụ bù trừ, thanh toán giao dịch chứng khoán của Tổng công ty lưu ký và bù trừ chứng khoán Việt Nam"
d7542a9f536be8371c5c3728b08ec55a9e5bf777,155/2020/nđ-cp+156,155/2020/nđ-cp,"Điều 156. Hoạt động cung cấp dịch vụ bù trừ, thanh toán giao dịch chứng khoán của Tổng công ty lưu ký và bù trừ chứng khoán Việt Nam"
d810e95ca2077387d1d2085644cd6a13243aad34,155/2020/nd-cp+307,155/2020/nd-cp,"Điều 307. Trình tự, thủ tục áp dụng biện pháp cấm đảm nhiệm chức vụ, cấm thực hiện các hoạt động về chứng khoán và thị trường chứng khoán có thời hạn hoặc vĩnh viễn"
d810e95ca2077387d1d2085644cd6a13243aad34,155/2020/nđ-cp+307,155/2020/nđ-cp,"Điều 307. Trình tự, thủ tục áp dụng biện pháp cấm đảm nhiệm chức vụ, cấm thực hiện các hoạt động về chứng khoán và thị trường chứng khoán có thời hạn hoặc vĩnh viễn"
d856e7ca2e570771222c3e083f2b068fb16c7715,24/2020/nd-cp+9,24/2020/nd-cp,"Điều 9. Chỉ tổ chức các cuộc thi tìm hiểu, sáng kiến về phòng, chống tác hại của rượu, bia"
d856e7ca2e570771222c3e083f2b068fb16c7715,24/2020/nđ-cp+9,24/2020/nđ-cp,"Điều 9. Chỉ tổ chức các cuộc thi tìm hiểu, sáng kiến về phòng, chống tác hại của rượu, bia"
d87f325279157aafc22abede245f9ef012c54ada,102/2017/nð-cp+38,102/2017/nð-cp,Điều 38. Thủ tục đăng ký biện pháp bảo đảm bằng tàu biển; đăng ký thay đổi nội dung biện pháp bảo đảm đã đăng ký; sửa chữa sai sót; xóa đăng ký; đăng ký văn bản thông báo về việc xử lý tài sản thế chấp tàu biển
d87f325279157aafc22abede245f9ef012c54ada,102/2017/nđ-cp+38,102/2017/nđ-cp,Điều 38. Thủ tục đăng ký biện pháp bảo đảm bằng tàu biển; đăng ký thay đổi nội dung biện pháp bảo đảm đã đăng ký; sửa chữa sai sót; xóa đăng ký; đăng ký văn bản thông báo về việc xử lý tài sản thế chấp tàu biển
d9599bd5fa353551e85a220b161e61ca42b25ba3,84/2019/nđ-+23,84/2019/nđ-,"Điều 23. Nội dung, thời gian tập huấn và thẩm quyền cấp Giấy chứng nhận lấy mẫu phân bón"
d9599bd5fa353551e85a220b161e61ca42b25ba3,84/2019/nđ-cp+23,84/2019/nđ-cp,"Điều 23. Nội dung, thời gian tập huấn và thẩm quyền cấp Giấy chứng nhận lấy mẫu phân bón"
d9b664a95a6c72687e310761b69f2789c8f55194,155/2020/nd-cp+261,155/2020/nd-cp,Điều 261. Hồ sơ cấp Giấy phép thành lập và hoạt động công ty đầu tư chứng khoán riêng lẻ
d9b664a95a6c72687e310761b69f2789c8f55194,155/2020/nđ-cp+261,155/2020/nđ-cp,Điều 261. Hồ sơ cấp Giấy phép thành lập và hoạt động công ty đầu tư chứng khoán riêng lẻ
d9d2f87a7765acf86ceed5a3dda5f03bbb0b14f2,63/2019/nđ-+24,63/2019/nđ-,Điều 24. Hành vi vi phạm trong khai thác tài sản kết cấu hạ tầng
d9d2f87a7765acf86ceed5a3dda5f03bbb0b14f2,63/2019/nđ-cp+24,63/2019/nđ-cp,Điều 24. Hành vi vi phạm trong khai thác tài sản kết cấu hạ tầng
db185b08f64f7f35b2aec05872f9826fc1a1f5a6,09/2014/ttlt-btp-tandtc-vksndtc+16,09/2014/ttlt-btp-tandtc-vksndtc,Điều 16. Chi phí lập vi bằng và xác minh điều kiện thi hành án
db185b08f64f7f35b2aec05872f9826fc1a1f5a6,09/2014/ttlt-btp-tandtc-vksndtc-btc+16,09/2014/ttlt-btp-tandtc-vksndtc-btc,Điều 16. Chi phí lập vi bằng và xác minh điều kiện thi hành án
db68173ff2c5d6e8bd09a134c8a7aeb1e566bbda,155/2020/nd-cp+264,155/2020/nd-cp,Điều 264. Những thay đổi phải được Ủy ban Chứng khoán Nhà nước chấp thuận
db68173ff2c5d6e8bd09a134c8a7aeb1e566bbda,155/2020/nđ-cp+264,155/2020/nđ-cp,Điều 264. Những thay đổi phải được Ủy ban Chứng khoán Nhà nước chấp thuận
dbd758a7c18aed3a7a2ac7ad7f372e3d2a0198ab,155/2020/nd-cp+46,155/2020/nd-cp,Điều 46. Điều kiện công ty đại chúng chào bán cổ phiếu ưu đãi kèm chứng quyền riêng lẻ
dbd758a7c18aed3a7a2ac7ad7f372e3d2a0198ab,155/2020/nđ-cp+46,155/2020/nđ-cp,Điều 46. Điều kiện công ty đại chúng chào bán cổ phiếu ưu đãi kèm chứng quyền riêng lẻ
dcb4a749f3ff7a93f3ca049b7f54ccfd93daf88e,155/2020/nd-cp+277,155/2020/nd-cp,Điều 277. Quyền và nghĩa vụ của thành viên Hội đồng quản trị
dcb4a749f3ff7a93f3ca049b7f54ccfd93daf88e,155/2020/nđ-cp+277,155/2020/nđ-cp,Điều 277. Quyền và nghĩa vụ của thành viên Hội đồng quản trị
dd33a7d66beda9a90f75f8f6d4c4490f3efba49e,155/2020/nd-cp+94,155/2020/nd-cp,Điều 94. Tiếp tục chào mua công khai
dd33a7d66beda9a90f75f8f6d4c4490f3efba49e,155/2020/nđ-cp+94,155/2020/nđ-cp,Điều 94. Tiếp tục chào mua công khai
dd85f333f8461b07d7ccb92535e24407491530b3,29/2017/tt-byt+9,29/2017/tt-byt,Điều 9. Điều khoản tham chiếu
dd85f333f8461b07d7ccb92535e24407491530b3,43/2017/tt-byt+9,43/2017/tt-byt,Điều 9. Điều khoản tham chiếu
dea24e049ff008625d96bcc1eb2252b06d39ceda,63/2019/nđ-+15,63/2019/nđ-,Điều 15. Hành vi vi phạm hành chính đối với các quy định về xử lý tài sản công
dea24e049ff008625d96bcc1eb2252b06d39ceda,63/2019/nđ-cp+15,63/2019/nđ-cp,Điều 15. Hành vi vi phạm hành chính đối với các quy định về xử lý tài sản công
def023afb0e51313440a033806cb20c19b97fdfd,146/2018/nð-cp+27,146/2018/nð-cp,"Điều 27. Thanh toán chi phí khám bệnh, chữa bệnh một số trường hợp"
def023afb0e51313440a033806cb20c19b97fdfd,146/2018/nđ-cp+27,146/2018/nđ-cp,"Điều 27. Thanh toán chi phí khám bệnh, chữa bệnh một số trường hợp"
defc6ebab4fabe6cd345f59c15b98a961404bcbd,155/2020/nd-cp+168,155/2020/nd-cp,"Điều 168. Trình tự, thủ tục chấp thuận ngân hàng thương mại làm ngân hàng thanh toán"
defc6ebab4fabe6cd345f59c15b98a961404bcbd,155/2020/nđ-cp+168,155/2020/nđ-cp,"Điều 168. Trình tự, thủ tục chấp thuận ngân hàng thương mại làm ngân hàng thanh toán"
df0ed8b0fc4efee602d2e0c8309f394c87ab5b99,102/2017/nð-cp+11,102/2017/nð-cp,"Điều 11. Phí đăng ký, cung cấp thông tin về biện pháp bảo đảm, cấp mã số sử dụng cơ sở dữ liệu về biện pháp bảo đảm"
df0ed8b0fc4efee602d2e0c8309f394c87ab5b99,102/2017/nđ-cp+11,102/2017/nđ-cp,"Điều 11. Phí đăng ký, cung cấp thông tin về biện pháp bảo đảm, cấp mã số sử dụng cơ sở dữ liệu về biện pháp bảo đảm"
e05e08b006dd11c657b6609e30ba1e4abf72c31a,63/2019/nđ-+55,63/2019/nđ-,"Điều 55. Hành vi lập hồ sơ, chứng từ sai chế độ quy định và hành vi lập hồ sơ, chứng từ sai so với hồ sơ, chứng từ gốc tại đơn vị nhưng chưa đến mức truy cứu trách nhiệm hình sự"
e05e08b006dd11c657b6609e30ba1e4abf72c31a,63/2019/nđ-cp+55,63/2019/nđ-cp,"Điều 55. Hành vi lập hồ sơ, chứng từ sai chế độ quy định và hành vi lập hồ sơ, chứng từ sai so với hồ sơ, chứng từ gốc tại đơn vị nhưng chưa đến mức truy cứu trách nhiệm hình sự"
e0f2354fdb41f0f237fc2a81c39c2315da400273,03/2021/tt-bgddt+8,03/2021/tt-bgddt,Điều 8. Cách xếp lương
e0f2354fdb41f0f237fc2a81c39c2315da400273,03/2021/tt-bgdđt+8,03/2021/tt-bgdđt,Điều 8. Cách xếp lương
e0f711a33b836625c85f8c626e390f37bc3a006d,155/2020/nd-cp+238,155/2020/nd-cp,"Điều 238. Hợp nhất, sáp nhập quỹ đóng"
e0f711a33b836625c85f8c626e390f37bc3a006d,155/2020/nđ-cp+238,155/2020/nđ-cp,"Điều 238. Hợp nhất, sáp nhập quỹ đóng"
e2c354f119e92749e6351b6225ed81e91a7bde98,155/2020/nd-cp+204,155/2020/nd-cp,Điều 204. Chấm dứt hoạt động cung cấp dịch vụ
e2c354f119e92749e6351b6225ed81e91a7bde98,155/2020/nđ-cp+204,155/2020/nđ-cp,Điều 204. Chấm dứt hoạt động cung cấp dịch vụ
e2cfd048136e94285c71f0914d538ec359ab383e,102/2017/nð-cp+12,102/2017/nð-cp,Điều 12. Giấy tờ chứng minh trường hợp không phải nộp phí khi thực hiện đăng ký biện pháp bảo đảm
e2cfd048136e94285c71f0914d538ec359ab383e,102/2017/nđ-cp+12,102/2017/nđ-cp,Điều 12. Giấy tờ chứng minh trường hợp không phải nộp phí khi thực hiện đăng ký biện pháp bảo đảm
e330f88842433c0bf333c75e4f3e2c28d81aa1d4,102/2017/nð-cp+31,102/2017/nð-cp,Điều 31. Tàu biển được thế chấp
e330f88842433c0bf333c75e4f3e2c28d81aa1d4,102/2017/nđ-cp+31,102/2017/nđ-cp,Điều 31. Tàu biển được thế chấp
e33468c4c11ecaee9cfbd5b25eb08552c25e2376,63/2019/nđ-+40,63/2019/nđ-,"Điều 40. Hành vi vi phạm quy định về mua, bán hàng dự trữ quốc gia"
e33468c4c11ecaee9cfbd5b25eb08552c25e2376,63/2019/nđ-cp+40,63/2019/nđ-cp,"Điều 40. Hành vi vi phạm quy định về mua, bán hàng dự trữ quốc gia"
e344300806160338cab541aeea85258e42dea7df,63/2019/nđ-+47,63/2019/nđ-,Điều 47. Hành vi can thiệp trái pháp luật trong hoạt động dự trữ quốc gia
e344300806160338cab541aeea85258e42dea7df,63/2019/nđ-cp+47,63/2019/nđ-cp,Điều 47. Hành vi can thiệp trái pháp luật trong hoạt động dự trữ quốc gia
e35388b20eef01c53df4977f1614f84cdbbe358c,155/2020/nd-cp+140,155/2020/nd-cp,Điều 140. Chứng chỉ lưu ký không có quyền biểu quyết
e35388b20eef01c53df4977f1614f84cdbbe358c,155/2020/nđ-cp+140,155/2020/nđ-cp,Điều 140. Chứng chỉ lưu ký không có quyền biểu quyết
e4b49144899710bf354e6ec6fa0aaf3d045e7104,155/2020/nd-cp+144,155/2020/nd-cp,"Điều 144. Hồ sơ, trình tự, thủ tục chấp thuận cho tổ chức nước ngoài được sở hữu trên 49% vốn điều lệ của công ty chứng khoán, công ty quản lý quỹ đầu tư chứng khoán"
e4b49144899710bf354e6ec6fa0aaf3d045e7104,155/2020/nđ-cp+144,155/2020/nđ-cp,"Điều 144. Hồ sơ, trình tự, thủ tục chấp thuận cho tổ chức nước ngoài được sở hữu trên 49% vốn điều lệ của công ty chứng khoán, công ty quản lý quỹ đầu tư chứng khoán"
e4c82bb871edd45439eb9386b24830118cb106a1,09/2014/ttlt-btp-tandtc-vksndtc+20,09/2014/ttlt-btp-tandtc-vksndtc,"Điều 20. Việc giải thể, chấm dứt hoạt động của Văn phòng Thừa phát lại"
e4c82bb871edd45439eb9386b24830118cb106a1,09/2014/ttlt-btp-tandtc-vksndtc-btc+20,09/2014/ttlt-btp-tandtc-vksndtc-btc,"Điều 20. Việc giải thể, chấm dứt hoạt động của Văn phòng Thừa phát lại"
e4e71c86ddbda42e4906728c6512b3697f53605c,91/2019/nd-cp+41,91/2019/nd-cp,Điều 41. Trách nhiệm của người có thẩm quyền xử phạt vi phạm hành chính đối với trường hợp phải tạm đình chỉ hoặc đình chỉ hoạt động dịch vụ về đất đai
e4e71c86ddbda42e4906728c6512b3697f53605c,91/2019/nđ-cp+41,91/2019/nđ-cp,Điều 41. Trách nhiệm của người có thẩm quyền xử phạt vi phạm hành chính đối với trường hợp phải tạm đình chỉ hoặc đình chỉ hoạt động dịch vụ về đất đai
e4fd986aa56b310bdff7251771e08b59bff97ad7,155/2020/nd-cp+35,155/2020/nd-cp,"Điều 35. Hồ sơ đăng ký chào bán chứng khoán ra công chúng của công ty sau chia, tách công ty"
e4fd986aa56b310bdff7251771e08b59bff97ad7,155/2020/nđ-cp+35,155/2020/nđ-cp,"Điều 35. Hồ sơ đăng ký chào bán chứng khoán ra công chúng của công ty sau chia, tách công ty"
e508dca51a4ff64a58065641874b35fa659708de,155/2020/nd-cp+240,155/2020/nd-cp,Điều 240. Giải thể quỹ đóng
e508dca51a4ff64a58065641874b35fa659708de,155/2020/nđ-cp+240,155/2020/nđ-cp,Điều 240. Giải thể quỹ đóng
e53b9bd97427a2700402a29dadf6a2bb7981550a,24/2020/nd-cp+25,24/2020/nd-cp,Điều 25. Trách nhiệm quản lý nhà nước của Ủy ban nhân dân các cấp
e53b9bd97427a2700402a29dadf6a2bb7981550a,24/2020/nđ-cp+25,24/2020/nđ-cp,Điều 25. Trách nhiệm quản lý nhà nước của Ủy ban nhân dân các cấp
e53ed2e3c18d18a74305bb7e72e427308da7d437,155/2020/nd-cp+99,155/2020/nd-cp,"Điều 99. Điều kiện trở thành thành viên giao dịch đặc biệt, Kho bạc Nhà nước tham gia giao dịch công cụ nợ"
e53ed2e3c18d18a74305bb7e72e427308da7d437,155/2020/nđ-cp+99,155/2020/nđ-cp,"Điều 99. Điều kiện trở thành thành viên giao dịch đặc biệt, Kho bạc Nhà nước tham gia giao dịch công cụ nợ"
e55c8cedc3c0f0250dedd40033134e3f145d5738,24/2020/nd-cp+1,24/2020/nd-cp,Điều 1. Phạm vi điều chỉnh
e55c8cedc3c0f0250dedd40033134e3f145d5738,24/2020/nđ-cp+1,24/2020/nđ-cp,Điều 1. Phạm vi điều chỉnh
e58db68936e15afd32c73f8e50717a6e11c6ca94,155/2020/nd-cp+306,155/2020/nd-cp,"Điều 306. Các biện pháp phòng ngừa, ngăn chặn vi phạm pháp luật về chứng khoán và thị trường chứng khoán"
e58db68936e15afd32c73f8e50717a6e11c6ca94,155/2020/nđ-cp+306,155/2020/nđ-cp,"Điều 306. Các biện pháp phòng ngừa, ngăn chặn vi phạm pháp luật về chứng khoán và thị trường chứng khoán"
e6aaf45a663e4ab5109dd912a278ba301e297a4d,155/2020/nd-cp+22,155/2020/nd-cp,"Điều 22. Hồ sơ đăng ký chào bán trái phiếu chuyển đổi, trái phiếu kèm chứng quyền ra công chúng của công ty đại chúng"
e6aaf45a663e4ab5109dd912a278ba301e297a4d,155/2020/nđ-cp+22,155/2020/nđ-cp,"Điều 22. Hồ sơ đăng ký chào bán trái phiếu chuyển đổi, trái phiếu kèm chứng quyền ra công chúng của công ty đại chúng"
e6cfeeb53a16eb3e68662651dd14376f8689f9e9,84/2019/nđ-+13,84/2019/nđ-,"Điều 13. Thẩm quyền cấp, cấp lại, thu hồi Giấy chứng nhận đủ điều kiện sản xuất phân bón, Giấy chứng nhận đủ điều kiện buôn bán phân bón và kiểm tra duy trì điều kiện"
e6cfeeb53a16eb3e68662651dd14376f8689f9e9,84/2019/nđ-cp+13,84/2019/nđ-cp,"Điều 13. Thẩm quyền cấp, cấp lại, thu hồi Giấy chứng nhận đủ điều kiện sản xuất phân bón, Giấy chứng nhận đủ điều kiện buôn bán phân bón và kiểm tra duy trì điều kiện"
e7440961bcf3b604ec09d849d1477fff48084f47,155/2020/nd-cp+14,155/2020/nd-cp,Điều 14. Hồ sơ đăng ký chào bán cổ phiếu ra công chúng của cổ đông công ty đại chúng
e7440961bcf3b604ec09d849d1477fff48084f47,155/2020/nđ-cp+14,155/2020/nđ-cp,Điều 14. Hồ sơ đăng ký chào bán cổ phiếu ra công chúng của cổ đông công ty đại chúng
e779dcdc5d19d8c4738183d68f140b20491273b6,102/2017/nð-cp+44,102/2017/nð-cp,"Điều 44. Hồ sơ sửa chữa sai sót nội dung biện pháp bảo đảm bằng quyền sử dụng đất, tài sản gắn liền với đất đã đăng ký do lỗi của cơ quan đăng ký"
e779dcdc5d19d8c4738183d68f140b20491273b6,102/2017/nđ-cp+44,102/2017/nđ-cp,"Điều 44. Hồ sơ sửa chữa sai sót nội dung biện pháp bảo đảm bằng quyền sử dụng đất, tài sản gắn liền với đất đã đăng ký do lỗi của cơ quan đăng ký"
e78e4c10cfd62c3049a7a49086250ba28726eae8,155/2020/nd-cp+153,155/2020/nd-cp,"Điều 153. Đình chỉ, chấm dứt hoạt động cung cấp dịch vụ bù trừ, thanh toán giao dịch chứng khoán"
e78e4c10cfd62c3049a7a49086250ba28726eae8,155/2020/nđ-cp+153,155/2020/nđ-cp,"Điều 153. Đình chỉ, chấm dứt hoạt động cung cấp dịch vụ bù trừ, thanh toán giao dịch chứng khoán"
e791be217191d7c114857c905eb683b3582c4a33,102/2017/nð-cp+49,102/2017/nð-cp,Điều 49. Thủ tục chuyển tiếp đăng ký thế chấp quyền tài sản phát sinh từ hợp đồng mua bán nhà ở
e791be217191d7c114857c905eb683b3582c4a33,102/2017/nđ-cp+49,102/2017/nđ-cp,Điều 49. Thủ tục chuyển tiếp đăng ký thế chấp quyền tài sản phát sinh từ hợp đồng mua bán nhà ở
e7b354b563d9d9dfff6d2a893cf8f34e624f5808,155/2020/nd-cp+17,155/2020/nd-cp,Điều 17. Điều kiện công ty đại chúng chào bán thêm cổ phiếu ra công chúng với giá thấp hơn mệnh giá
e7b354b563d9d9dfff6d2a893cf8f34e624f5808,155/2020/nđ-cp+17,155/2020/nđ-cp,Điều 17. Điều kiện công ty đại chúng chào bán thêm cổ phiếu ra công chúng với giá thấp hơn mệnh giá
e7b52760c37d6351264f72b26f5224e1618b7b5b,146/2018/nð-cp+23,146/2018/nð-cp,Điều 23. Các trường hợp chấm dứt hợp đồng
e7b52760c37d6351264f72b26f5224e1618b7b5b,146/2018/nđ-cp+23,146/2018/nđ-cp,Điều 23. Các trường hợp chấm dứt hợp đồng
e7ce1aa796aa30e4176532addb3b0b7272924201,155/2020/nd-cp+65,155/2020/nd-cp,Điều 65. Tài liệu báo cáo phát hành cổ phiếu theo chương trình lựa chọn cho người lao động trong công ty của công ty đại chúng
e7ce1aa796aa30e4176532addb3b0b7272924201,155/2020/nđ-cp+65,155/2020/nđ-cp,Điều 65. Tài liệu báo cáo phát hành cổ phiếu theo chương trình lựa chọn cho người lao động trong công ty của công ty đại chúng
e95945c4d45386e5212de42a4343c0573388016f,155/2020/nd-cp+117,155/2020/nd-cp,"Điều 117. Thay đổi đăng ký niêm yết cổ phiếu, chứng chỉ quỹ khi thay đổi số lượng cổ phiếu, chứng chỉ quỹ niêm yết không thuộc trường hợp sáp nhập, tách công ty hoặc các trường hợp cơ cấu lại doanh nghiệp"
e95945c4d45386e5212de42a4343c0573388016f,155/2020/nđ-cp+117,155/2020/nđ-cp,"Điều 117. Thay đổi đăng ký niêm yết cổ phiếu, chứng chỉ quỹ khi thay đổi số lượng cổ phiếu, chứng chỉ quỹ niêm yết không thuộc trường hợp sáp nhập, tách công ty hoặc các trường hợp cơ cấu lại doanh nghiệp"
e9a81097fd978b8688a6b82f05cbda8d883fc036,155/2020/nd-cp+54,155/2020/nd-cp,Điều 54. Hồ sơ công ty đại chúng đăng ký phát hành cổ phiếu để chào mua công khai
e9a81097fd978b8688a6b82f05cbda8d883fc036,155/2020/nđ-cp+54,155/2020/nđ-cp,Điều 54. Hồ sơ công ty đại chúng đăng ký phát hành cổ phiếu để chào mua công khai
e9dd2b7f4d0370aad4a3d3fa7967e9163fc89b9a,155/2020/nd-cp+181,155/2020/nd-cp,"Điều 181. Hồ sơ đề nghị thay đổi tên, địa chỉ trụ sở chính, vốn điều lệ của công ty chứng khoán, công ty quản lý quỹ đầu tư chứng khoán"
e9dd2b7f4d0370aad4a3d3fa7967e9163fc89b9a,155/2020/nđ-cp+181,155/2020/nđ-cp,"Điều 181. Hồ sơ đề nghị thay đổi tên, địa chỉ trụ sở chính, vốn điều lệ của công ty chứng khoán, công ty quản lý quỹ đầu tư chứng khoán"
ea89cef7384191cd4ee1f239c6b9b412a1d917eb,155/2020/nd-cp+128,155/2020/nd-cp,"Điều 128. Nghĩa vụ của doanh nghiệp có chứng khoán niêm yết, giao dịch tại Sở giao dịch chứng khoán nước ngoài"
ea89cef7384191cd4ee1f239c6b9b412a1d917eb,155/2020/nđ-cp+128,155/2020/nđ-cp,"Điều 128. Nghĩa vụ của doanh nghiệp có chứng khoán niêm yết, giao dịch tại Sở giao dịch chứng khoán nước ngoài"
eaa444022fcea116549999a333a035560ce30c2e,155/2020/nd-cp+142,155/2020/nd-cp,"Điều 142. Hồ sơ, trình tự, thủ tục thông báo tỷ lệ sở hữu nước ngoài tối đa tại công ty đại chúng"
eaa444022fcea116549999a333a035560ce30c2e,155/2020/nđ-cp+142,155/2020/nđ-cp,"Điều 142. Hồ sơ, trình tự, thủ tục thông báo tỷ lệ sở hữu nước ngoài tối đa tại công ty đại chúng"
eaa5a42d72c9348cec4364361bcc0f050c3dc168,03/2021/tt-bgddt+6,03/2021/tt-bgddt,Điều 6. Nguyên tắc bổ nhiệm theo chức danh nghề nghiệp đối với giáo viên trung học cơ sở
eaa5a42d72c9348cec4364361bcc0f050c3dc168,03/2021/tt-bgdđt+6,03/2021/tt-bgdđt,Điều 6. Nguyên tắc bổ nhiệm theo chức danh nghề nghiệp đối với giáo viên trung học cơ sở
eabdf1c4787d2304a59d6a2ade15c2c6dfa94215,146/2018/nð-cp+38,146/2018/nð-cp,"Điều 38. Nội dung, kinh phí thực hiện ứng dụng công nghệ thông tin trong quản lý khám bệnh, chữa bệnh bảo hiểm y tế"
eabdf1c4787d2304a59d6a2ade15c2c6dfa94215,146/2018/nđ-cp+38,146/2018/nđ-cp,"Điều 38. Nội dung, kinh phí thực hiện ứng dụng công nghệ thông tin trong quản lý khám bệnh, chữa bệnh bảo hiểm y tế"
ead1233f9200c4c7cda4a51366db14949d58f65f,155/2020/nd-cp+248,155/2020/nd-cp,Điều 248. Điều kiện chào bán chứng chỉ quỹ bất động sản ra công chúng
ead1233f9200c4c7cda4a51366db14949d58f65f,155/2020/nđ-cp+248,155/2020/nđ-cp,Điều 248. Điều kiện chào bán chứng chỉ quỹ bất động sản ra công chúng
ed1a797342bfbe38cae7eaadf8fe0eb798552581,102/2017/nð-cp+35,102/2017/nð-cp,Điều 35. Hồ sơ sửa chữa sai sót nội dung biện pháp bảo đảm bằng tàu biển đã đăng ký do lỗi của cơ quan đăng ký
ed1a797342bfbe38cae7eaadf8fe0eb798552581,102/2017/nđ-cp+35,102/2017/nđ-cp,Điều 35. Hồ sơ sửa chữa sai sót nội dung biện pháp bảo đảm bằng tàu biển đã đăng ký do lỗi của cơ quan đăng ký
ed475db57888c2fe722c4b88cbb6f6a1c1ae68dc,84/2019/nđ-+20,84/2019/nđ-,"Điều 20. Hồ sơ, trình tự và thẩm quyền cấp Giấy phép nhập khẩu phân bón"
ed475db57888c2fe722c4b88cbb6f6a1c1ae68dc,84/2019/nđ-cp+20,84/2019/nđ-cp,"Điều 20. Hồ sơ, trình tự và thẩm quyền cấp Giấy phép nhập khẩu phân bón"
ee4e3eb24b64fc30aba910cebce703920328b5b3,155/2020/nd-cp+198,155/2020/nd-cp,"Điều 198. Điều kiện cung cấp dịch vụ cho khách hàng vay tiền mua chứng khoán để thực hiện giao dịch ký quỹ, ứng trước tiền bán chứng khoán"
ee4e3eb24b64fc30aba910cebce703920328b5b3,155/2020/nđ-cp+198,155/2020/nđ-cp,"Điều 198. Điều kiện cung cấp dịch vụ cho khách hàng vay tiền mua chứng khoán để thực hiện giao dịch ký quỹ, ứng trước tiền bán chứng khoán"
eecdf682d816c9e6f65aa47d79e4be0d1eb1c714,155/2020/nd-cp+139,155/2020/nd-cp,Điều 139. Tỷ lệ sở hữu nước ngoài trên thị trường chứng khoán Việt Nam
eecdf682d816c9e6f65aa47d79e4be0d1eb1c714,155/2020/nđ-cp+139,155/2020/nđ-cp,Điều 139. Tỷ lệ sở hữu nước ngoài trên thị trường chứng khoán Việt Nam
ef2bb1c5912d3c2f06cb3eea85b3d9e17cec130c,63/2019/nđ-+10,63/2019/nđ-,"Điều 10. Hành vi vi phạm hành chính đối với các quy định về trao đổi, tặng cho tài sản công không đúng quy định"
ef2bb1c5912d3c2f06cb3eea85b3d9e17cec130c,63/2019/nđ-cp+10,63/2019/nđ-cp,"Điều 10. Hành vi vi phạm hành chính đối với các quy định về trao đổi, tặng cho tài sản công không đúng quy định"
efea0a3cc89205cf3a2b0efdf02f7cbeba210a7e,155/2020/nd-cp+124,155/2020/nd-cp,"Điều 124. Hồ sơ, thủ tục đăng ký niêm yết chứng khoán của tổ chức phát hành nước ngoài"
efea0a3cc89205cf3a2b0efdf02f7cbeba210a7e,155/2020/nđ-cp+124,155/2020/nđ-cp,"Điều 124. Hồ sơ, thủ tục đăng ký niêm yết chứng khoán của tổ chức phát hành nước ngoài"
f037158e7565bf8b46e44d61ee976813e82bd02a,155/2020/nd-cp+222,155/2020/nd-cp,Điều 222. Đăng ký thành lập quỹ thành viên
f037158e7565bf8b46e44d61ee976813e82bd02a,155/2020/nđ-cp+222,155/2020/nđ-cp,Điều 222. Đăng ký thành lập quỹ thành viên
f03ddacfc973b31bf0ac5b9da671c35320344399,91/2019/nd-cp+27,91/2019/nd-cp,Điều 27. Chuyển quyền và nhận chuyển quyền đối với cơ sở tôn giáo không đúng quy định của Luật Đất đai
f03ddacfc973b31bf0ac5b9da671c35320344399,91/2019/nđ-cp+27,91/2019/nđ-cp,Điều 27. Chuyển quyền và nhận chuyển quyền đối với cơ sở tôn giáo không đúng quy định của Luật Đất đai
f0a8f4747324c470cc851ab763f60f76876f3b1b,155/2020/nd-cp+83,155/2020/nd-cp,Điều 83. Các trường hợp chào mua công khai
f0a8f4747324c470cc851ab763f60f76876f3b1b,155/2020/nđ-cp+83,155/2020/nđ-cp,Điều 83. Các trường hợp chào mua công khai
f13c96cf2ecaf1758f0e09d78e8d55e6f3063114,76/2017/nđ-cp+1,76/2017/nđ-cp,Điều 1. Đối tượng điều chỉnh
f13c96cf2ecaf1758f0e09d78e8d55e6f3063114,88/2018/nđ-cp+1,88/2018/nđ-cp,Điều 1. Đối tượng điều chỉnh
f16313d3e4e22cbdd5a49590579ab9c4c190c9e9,155/2020/nd-cp+87,155/2020/nd-cp,Điều 87. Trách nhiệm của Hội đồng quản trị công ty mục tiêu hoặc Ban đại diện quỹ đầu tư mục tiêu
f16313d3e4e22cbdd5a49590579ab9c4c190c9e9,155/2020/nđ-cp+87,155/2020/nđ-cp,Điều 87. Trách nhiệm của Hội đồng quản trị công ty mục tiêu hoặc Ban đại diện quỹ đầu tư mục tiêu
f1916db22c46cee2169910c11942fb7cd28f8c79,146/2018/nð-cp+3,146/2018/nð-cp,Điều 3. Nhóm do ngân sách nhà nước đóng
f1916db22c46cee2169910c11942fb7cd28f8c79,146/2018/nđ-cp+3,146/2018/nđ-cp,Điều 3. Nhóm do ngân sách nhà nước đóng
f1e8af6b786166b9740edbde70d88832c066ac2d,91/2019/nd-cp+36,91/2019/nd-cp,"Điều 36. Vi phạm quy định về cung cấp thông tin đất đai liên quan đến thanh tra, kiểm tra, thu thập chứng cứ để giải quyết tranh chấp đất đai"
f1e8af6b786166b9740edbde70d88832c066ac2d,91/2019/nđ-cp+36,91/2019/nđ-cp,"Điều 36. Vi phạm quy định về cung cấp thông tin đất đai liên quan đến thanh tra, kiểm tra, thu thập chứng cứ để giải quyết tranh chấp đất đai"
f21239b1aa9a4f29bf4a1be57cd5f465fd689956,155/2020/nd-cp+267,155/2020/nd-cp,"Điều 267. Trình tự, thủ tục cấp, điều chỉnh Giấy phép thành lập và hoạt động công ty đầu tư chứng khoán"
f21239b1aa9a4f29bf4a1be57cd5f465fd689956,155/2020/nđ-cp+267,155/2020/nđ-cp,"Điều 267. Trình tự, thủ tục cấp, điều chỉnh Giấy phép thành lập và hoạt động công ty đầu tư chứng khoán"
f28bbf423835d1cc53456f3472b83d11aab20720,63/2019/nđ-+9,63/2019/nđ-,Điều 9. Hành vi vi phạm hành chính đối với các quy định về cho mượn tài sản công
f28bbf423835d1cc53456f3472b83d11aab20720,63/2019/nđ-cp+9,63/2019/nđ-cp,Điều 9. Hành vi vi phạm hành chính đối với các quy định về cho mượn tài sản công
f28bf361bba2c22a5fd9292bd7fd8b8edadb19e3,05/2017/tt-byt+5,05/2017/tt-byt,Điều 5. Tổ chức thực hiện
f28bf361bba2c22a5fd9292bd7fd8b8edadb19e3,17/2020/tt-byt+5,17/2020/tt-byt,Điều 5. Tổ chức thực hiện
f30becadf988d1333733d56ae277f08089ac1a90,178/2014/tt-btc+2,178/2014/tt-btc,Điều 2. Đối tượng áp dụng
f30becadf988d1333733d56ae277f08089ac1a90,280/2016/tt-btc+2,280/2016/tt-btc,Điều 2. Đối tượng áp dụng
f4219cbcc7c2f93e580c23cde5ac880033eb2551,146/2018/nð-cp+31,146/2018/nð-cp,Điều 31. Phân bổ và sử dụng quỹ bảo hiểm y tế
f4219cbcc7c2f93e580c23cde5ac880033eb2551,146/2018/nđ-cp+31,146/2018/nđ-cp,Điều 31. Phân bổ và sử dụng quỹ bảo hiểm y tế
f4261888533efd11d0b4d8b58b1f74e04e55e5e8,155/2020/nd-cp+107,155/2020/nd-cp,Điều 107. Quy định chung
f4261888533efd11d0b4d8b58b1f74e04e55e5e8,155/2020/nđ-cp+107,155/2020/nđ-cp,Điều 107. Quy định chung
f42c0ab50a036b95064c88965bdb784e98c45427,03/2021/tt-bgddt+7,03/2021/tt-bgddt,Điều 7. Các trường hợp bổ nhiệm vào chức danh nghề nghiệp giáo viên trung học cơ sở
f42c0ab50a036b95064c88965bdb784e98c45427,03/2021/tt-bgdđt+7,03/2021/tt-bgdđt,Điều 7. Các trường hợp bổ nhiệm vào chức danh nghề nghiệp giáo viên trung học cơ sở
f50f1820fbf5ebc645119b9fddb5e631d4349f82,155/2020/nd-cp+234,155/2020/nd-cp,Điều 234. Hồ sơ đăng ký chào bán chứng chỉ quỹ đóng ra công chúng
f50f1820fbf5ebc645119b9fddb5e631d4349f82,155/2020/nđ-cp+234,155/2020/nđ-cp,Điều 234. Hồ sơ đăng ký chào bán chứng chỉ quỹ đóng ra công chúng
f79047fac6b60fbe358258471712b8abfc48c729,19/2019/nđ+24,19/2019/nđ,Điều 24. Trách nhiệm của thành viên không góp phần họ
f79047fac6b60fbe358258471712b8abfc48c729,19/2019/nđ-cp+24,19/2019/nđ-cp,Điều 24. Trách nhiệm của thành viên không góp phần họ
f872718454721952d1de5c8d1d6410a3cc40b32f,102/2017/nð-cp+19,102/2017/nð-cp,Điều 19. Đăng ký văn bản thông báo xử lý tài sản bảo đảm
f872718454721952d1de5c8d1d6410a3cc40b32f,102/2017/nđ-cp+19,102/2017/nđ-cp,Điều 19. Đăng ký văn bản thông báo xử lý tài sản bảo đảm
f8c052961bd595e57b5b24fee5f7750191a8dee5,155/2020/nd-cp+195,155/2020/nd-cp,"Điều 195. Điều kiện thành lập chi nhánh, công ty con, văn phòng đại diện tại nước ngoài của công ty chứng khoán, công ty quản lý quỹ đầu tư chứng khoán"
f8c052961bd595e57b5b24fee5f7750191a8dee5,155/2020/nđ-cp+195,155/2020/nđ-cp,"Điều 195. Điều kiện thành lập chi nhánh, công ty con, văn phòng đại diện tại nước ngoài của công ty chứng khoán, công ty quản lý quỹ đầu tư chứng khoán"
f8fc2feb1db0a5ab4ed63625e49686f7b2518c7c,102/2017/nð-cp+18,102/2017/nð-cp,Điều 18. Các trường hợp đăng ký thay đổi nội dung biện pháp bảo đảm đã đăng ký
f8fc2feb1db0a5ab4ed63625e49686f7b2518c7c,102/2017/nđ-cp+18,102/2017/nđ-cp,Điều 18. Các trường hợp đăng ký thay đổi nội dung biện pháp bảo đảm đã đăng ký
f9069b8461bde9c1bf39cbc5ee0e226e36429c2d,155/2020/nd-cp+203,155/2020/nd-cp,Điều 203. Hồ sơ đề nghị chấp thuận cung cấp dịch vụ công ty chứng khoán
f9069b8461bde9c1bf39cbc5ee0e226e36429c2d,155/2020/nđ-cp+203,155/2020/nđ-cp,Điều 203. Hồ sơ đề nghị chấp thuận cung cấp dịch vụ công ty chứng khoán
fa17539654c136e2aed61aabbe24625a51c7b137,09/2014/ttlt-btp-tandtc-vksndtc+23,09/2014/ttlt-btp-tandtc-vksndtc,"Điều 23. Kiểm tra, thanh tra hoạt động của Thừa phát lại"
fa17539654c136e2aed61aabbe24625a51c7b137,09/2014/ttlt-btp-tandtc-vksndtc-btc+23,09/2014/ttlt-btp-tandtc-vksndtc-btc,"Điều 23. Kiểm tra, thanh tra hoạt động của Thừa phát lại"
fa28ab370dd07b58f9fcf88e4d2b455ca2496178,155/2020/nd-cp+210,155/2020/nd-cp,"Điều 210. Hồ sơ, thủ tục thu hồi Giấy phép thành lập và hoạt động kinh doanh chứng khoán và tất toán tài sản của khách hàng của công ty chứng khoán, chi nhánh công ty chứng khoán nước ngoài tại Việt Nam"
fa28ab370dd07b58f9fcf88e4d2b455ca2496178,155/2020/nđ-cp+210,155/2020/nđ-cp,"Điều 210. Hồ sơ, thủ tục thu hồi Giấy phép thành lập và hoạt động kinh doanh chứng khoán và tất toán tài sản của khách hàng của công ty chứng khoán, chi nhánh công ty chứng khoán nước ngoài tại Việt Nam"
fb9e56468cf56a576ae02b2ff7a1dfdbdcad9b7d,24/2020/nd-cp+24,24/2020/nd-cp,Điều 24. Trách nhiệm quản lý nhà nước của Bộ Tài chính
fb9e56468cf56a576ae02b2ff7a1dfdbdcad9b7d,24/2020/nđ-cp+24,24/2020/nđ-cp,Điều 24. Trách nhiệm quản lý nhà nước của Bộ Tài chính
fbd1b715707c64d746231afbfba2f361af81c877,09/2014/ttlt-btp-tandtc-vksndtc+14,09/2014/ttlt-btp-tandtc-vksndtc,Điều 14. Thanh toán chi phí tống đạt
fbd1b715707c64d746231afbfba2f361af81c877,09/2014/ttlt-btp-tandtc-vksndtc-btc+14,09/2014/ttlt-btp-tandtc-vksndtc-btc,Điều 14. Thanh toán chi phí tống đạt
fd16d777049988d0b130b2eab5bffac4e0bd6edb,102/2017/nð-cp+57,102/2017/nð-cp,Điều 57. Trường hợp đăng ký trực tuyến biện pháp bảo đảm không có giá trị pháp lý
fd16d777049988d0b130b2eab5bffac4e0bd6edb,102/2017/nđ-cp+57,102/2017/nđ-cp,Điều 57. Trường hợp đăng ký trực tuyến biện pháp bảo đảm không có giá trị pháp lý
fd24f51718d5cde0b556699aae311dd4d10986eb,19/2019/nđ+8,19/2019/nđ,Điều 8. Nội dung văn bản thoả thuận về dây họ
fd24f51718d5cde0b556699aae311dd4d10986eb,19/2019/nđ-cp+8,19/2019/nđ-cp,Điều 8. Nội dung văn bản thoả thuận về dây họ
fe1c51e026628661ed4095932c252f6676e1ef5a,155/2020/nd-cp+297,155/2020/nd-cp,Điều 297. Báo cáo và công bố thông tin về quản trị công ty
fe1c51e026628661ed4095932c252f6676e1ef5a,155/2020/nđ-cp+297,155/2020/nđ-cp,Điều 297. Báo cáo và công bố thông tin về quản trị công ty
fe404737e44fc046dd65358f9b9b5bf1a24e837e,155/2020/nd-cp+77,155/2020/nd-cp,"Điều 77. Trình tự, thủ tục chấp thuận đề nghị việc đăng ký chào bán cổ phiếu ra nước ngoài"
fe404737e44fc046dd65358f9b9b5bf1a24e837e,155/2020/nđ-cp+77,155/2020/nđ-cp,"Điều 77. Trình tự, thủ tục chấp thuận đề nghị việc đăng ký chào bán cổ phiếu ra nước ngoài"
fea513f9c8aad779690bec8367f3ecfcb1de31f7,155/2020/nd-cp+15,155/2020/nd-cp,Điều 15. Điều kiện chào bán cổ phiếu lần đầu ra công chúng để chuyển đổi công ty trách nhiệm hữu hạn thành công ty cổ phần
fea513f9c8aad779690bec8367f3ecfcb1de31f7,155/2020/nđ-cp+15,155/2020/nđ-cp,Điều 15. Điều kiện chào bán cổ phiếu lần đầu ra công chúng để chuyển đổi công ty trách nhiệm hữu hạn thành công ty cổ phần
fec9dfc7a6bacb52cffc2b7ef03e539670d08c42,102/2017/nð-cp+46,102/2017/nð-cp,Điều 46. Hồ sơ chuyển tiếp đăng ký thế chấp quyền tài sản phát sinh từ hợp đồng mua bán nhà ở
fec9dfc7a6bacb52cffc2b7ef03e539670d08c42,102/2017/nđ-cp+46,102/2017/nđ-cp,Điều 46. Hồ sơ chuyển tiếp đăng ký thế chấp quyền tài sản phát sinh từ hợp đồng mua bán nhà ở
ff6723f4b05e700a575e6ab8a1e1776fdc4493c9,24/2020/nd-cp+23,24/2020/nd-cp,Điều 23. Trách nhiệm quản lý nhà nước của Bộ Giao thông vận tải
ff6723f4b05e700a575e6ab8a1e1776fdc4493c9,24/2020/nđ-cp+23,24/2020/nđ-cp,Điều 23. Trách nhiệm quản lý nhà nước của Bộ Giao thông vận tải
