article_a,article_b,hamming,title_a,title_b
155/2020/nd-cp+87,155/2020/nđ-cp+87,0,Điều 87. Trách nhiệm của Hội đồng quản trị công ty mục tiêu hoặc Ban đại diện quỹ đầu tư mục tiêu,Điều 87. Trách nhiệm của Hội đồng quản trị công ty mục tiêu hoặc Ban đại diện quỹ đầu tư mục tiêu
155/2020/nd-cp+116,155/2020/nđ-cp+116,0,"Điều 116. Hồ sơ, thủ tục tiếp tục niêm yết, đăng ký niêm yết cổ phiếu của doanh nghiệp sau quá trình cơ cấu lại khác","Điều 116. Hồ sơ, thủ tục tiếp tục niêm yết, đăng ký niêm yết cổ phiếu của doanh nghiệp sau quá trình cơ cấu lại khác"
152/2017/nđ-cp+2,50/2017/qđ-ttg+2,0,Điều 2. Đối tượng áp dụng,Điều 2. Đối tượng áp dụng
50/2018/nđ-cp+1,83/2012/nđ-cp+1,0,Điều 1. Vị trí và chức năng,Điều 1. Vị trí và chức năng
155/2020/nd-cp+22,155/2020/nđ-cp+22,0,"Điều 22. Hồ sơ đăng ký chào bán trái phiếu chuyển đổi, trái phiếu kèm chứng quyền ra công chúng của công ty đại chúng","Điều 22. Hồ sơ đăng ký chào bán trái phiếu chuyển đổi, trái phiếu kèm chứng quyền ra công chúng của công ty đại chúng"
155/2020/nd-cp+231,155/2020/nđ-cp+231,0,Điều 231. Hồ sơ giải thể quỹ thành viên,Điều 231. Hồ sơ giải thể quỹ thành viên
155/2020/nd-cp+286,155/2020/nđ-cp+286,0,Điều 286. Thành viên Ban kiểm soát,Điều 286. Thành viên Ban kiểm soát
155/2020/nd-cp+66,155/2020/nđ-cp+66,0,Điều 66. Chứng khoán của tổ chức nước ngoài thưởng cho người lao động Việt Nam làm việc trong các tổ chức nước ngoài tại Việt Nam,Điều 66. Chứng khoán của tổ chức nước ngoài thưởng cho người lao động Việt Nam làm việc trong các tổ chức nước ngoài tại Việt Nam
155/2020/nd-cp+247,155/2020/nđ-cp+247,0,Điều 247. Quỹ đầu tư bất động sản,Điều 247. Quỹ đầu tư bất động sản
24/2020/nd-cp+13,24/2020/nđ-cp+13,0,"Điều 13. Chi hoạt động của Ban Chỉ đạo phòng, chống tác hại của rượu, bia","Điều 13. Chi hoạt động của Ban Chỉ đạo phòng, chống tác hại của rượu, bia"
02/2014/tt-ttcp+11,78/2013/tt-bqp+11,0,Điều 11. Hiệu lực thi hành,Điều 11. Hiệu lực thi hành
09/2014/ttlt-btp-tandtc-vksndtc+4,09/2014/ttlt-btp-tandtc-vksndtc-btc+4,0,Điều 4. Ký hợp đồng dịch vụ tống đạt,Điều 4. Ký hợp đồng dịch vụ tống đạt
146/2018/nð-cp+6,146/2018/nđ-cp+6,0,Điều 6. Nhóm do người sử dụng lao động đóng,Điều 6. Nhóm do người sử dụng lao động đóng
63/2019/nđ-+38,63/2019/nđ-cp+38,0,Điều 38. Thẩm quyền xử phạt của Chủ tịch Ủy ban nhân dân,Điều 38. Thẩm quyền xử phạt của Chủ tịch Ủy ban nhân dân
91/2019/nd-cp+17,91/2019/nđ-cp+17,0,Điều 17. Không đăng ký đất đai,Điều 17. Không đăng ký đất đai
155/2020/nd-cp+225,155/2020/nđ-cp+225,0,"Điều 225. Hồ sơ tăng, giảm vốn điều lệ quỹ thành viên","Điều 225. Hồ sơ tăng, giảm vốn điều lệ quỹ thành viên"
155/2020/nd-cp+305,155/2020/nđ-cp+305,0,"Điều 305. Tạm ngừng, đình chỉ một phần hoặc toàn bộ hoặc khôi phục hoạt động đăng ký, lưu ký, bù trừ, thanh toán chứng khoán của Tổng công ty lưu ký và bù trừ chứng khoán Việt Nam","Điều 305. Tạm ngừng, đình chỉ một phần hoặc toàn bộ hoặc khôi phục hoạt động đăng ký, lưu ký, bù trừ, thanh toán chứng khoán của Tổng công ty lưu ký và bù trừ chứng khoán Việt Nam"
91/2019/nd-cp+14,91/2019/nđ-cp+14,0,"Điều 14. Lấn, chiếm đất","Điều 14. Lấn, chiếm đất"
91/2019/nd-cp+33,91/2019/nđ-cp+33,0,Điều 33. Không làm thủ tục chuyển sang thuê đất đối với trường hợp quy định tại khoản 2 Điều 60 của Luật đất đai,Điều 33. Không làm thủ tục chuyển sang thuê đất đối với trường hợp quy định tại khoản 2 Điều 60 của Luật đất đai
07/2018/tt-bvhttdl+8,21/2018/tt-bvhttdl+8,0,Điều 8. Tổ chức thực hiện,Điều 8. Tổ chức thực hiện
155/2020/nd-cp+119,155/2020/nđ-cp+119,0,Điều 119. Niêm yết trái phiếu của doanh nghiệp sau quá trình tổ chức lại,Điều 119. Niêm yết trái phiếu của doanh nghiệp sau quá trình tổ chức lại
24/2020/nd-cp+17,24/2020/nđ-cp+17,0,Điều 17. Trách nhiệm quản lý nhà nước của Bộ Công Thương,Điều 17. Trách nhiệm quản lý nhà nước của Bộ Công Thương
63/2019/nđ-+45,63/2019/nđ-cp+45,0,"Điều 45. Hành vi vi phạm quy định về nhập, xuất hàng dự trữ quốc gia","Điều 45. Hành vi vi phạm quy định về nhập, xuất hàng dự trữ quốc gia"
155/2020/nd-cp+252,155/2020/nđ-cp+252,0,"Điều 252. Điều kiện chào bán chứng chỉ quỹ hoán đổi danh mục lần đầu ra công chúng, niêm yết chứng chỉ quỹ hoán đổi danh mục","Điều 252. Điều kiện chào bán chứng chỉ quỹ hoán đổi danh mục lần đầu ra công chúng, niêm yết chứng chỉ quỹ hoán đổi danh mục"
102/2017/nð-cp+38,102/2017/nđ-cp+38,0,Điều 38. Thủ tục đăng ký biện pháp bảo đảm bằng tàu biển; đăng ký thay đổi nội dung biện pháp bảo đảm đã đăng ký; sửa chữa sai sót; xóa đăng ký; đăng ký văn bản thông báo về việc xử lý tài sản thế chấp tàu biển,Điều 38. Thủ tục đăng ký biện pháp bảo đảm bằng tàu biển; đăng ký thay đổi nội dung biện pháp bảo đảm đã đăng ký; sửa chữa sai sót; xóa đăng ký; đăng ký văn bản thông báo về việc xử lý tài sản thế chấp tàu biển
102/2017/nð-cp+66,102/2017/nđ-cp+66,0,"Điều 66. Nhiệm vụ, quyền hạn của các cơ quan trong quản lý nhà nước về đăng ký biện pháp bảo đảm","Điều 66. Nhiệm vụ, quyền hạn của các cơ quan trong quản lý nhà nước về đăng ký biện pháp bảo đảm"
15/2013/tt-btnmt+4,16/2013/tt-btnmt+4,0,"Điều 4. Công tác kiểm tra kỹ thuật, nghiệm thu sản phẩm","Điều 4. Công tác kiểm tra kỹ thuật, nghiệm thu sản phẩm"
15/2013/tt-btnmt+4,17/2013/tt-btnmt+4,0,"Điều 4. Công tác kiểm tra kỹ thuật, nghiệm thu sản phẩm","Điều 4. Công tác kiểm tra kỹ thuật, nghiệm thu sản phẩm"
16/2013/tt-btnmt+4,17/2013/tt-btnmt+4,0,"Điều 4. Công tác kiểm tra kỹ thuật, nghiệm thu sản phẩm","Điều 4. Công tác kiểm tra kỹ thuật, nghiệm thu sản phẩm"
63/2019/nđ-+3,63/2019/nđ-cp+3,0,Điều 3. Thời hiệu xử phạt vi phạm hành chính,Điều 3. Thời hiệu xử phạt vi phạm hành chính
63/2019/nđ-+23,63/2019/nđ-cp+23,0,Điều 23. Hành vi vi phạm quy định về việc đăng nhập và sử dụng số liệu về tài sản được xác lập quyền sở hữu toàn dân,Điều 23. Hành vi vi phạm quy định về việc đăng nhập và sử dụng số liệu về tài sản được xác lập quyền sở hữu toàn dân
155/2020/nd-cp+220,155/2020/nđ-cp+220,0,"Điều 220. Hồ sơ, trình tự, thủ tục cấp Giấy chứng nhận đăng ký hoạt động phân phối chứng chỉ quỹ đại chúng","Điều 220. Hồ sơ, trình tự, thủ tục cấp Giấy chứng nhận đăng ký hoạt động phân phối chứng chỉ quỹ đại chúng"
63/2019/nđ-+26,63/2019/nđ-cp+26,0,Điều 26. Hành vi vi phạm quy định về tổ chức xử lý tài sản kết cấu hạ tầng,Điều 26. Hành vi vi phạm quy định về tổ chức xử lý tài sản kết cấu hạ tầng
63/2019/nđ-+61,63/2019/nđ-cp+61,0,"Điều 61. Hành vi lập hồ sơ, giấy tờ giả mạo để làm thủ tục đăng ký sử dụng tài khoản tại Kho bạc Nhà nước nhưng chưa đến mức truy cứu trách nhiệm hình sự","Điều 61. Hành vi lập hồ sơ, giấy tờ giả mạo để làm thủ tục đăng ký sử dụng tài khoản tại Kho bạc Nhà nước nhưng chưa đến mức truy cứu trách nhiệm hình sự"
102/2017/nð-cp+21,102/2017/nđ-cp+21,0,Điều 21. Các trường hợp xóa đăng ký biện pháp bảo đảm,Điều 21. Các trường hợp xóa đăng ký biện pháp bảo đảm
155/2020/nd-cp+11,155/2020/nđ-cp+11,0,Điều 11. Hồ sơ đăng ký chào bán cổ phiếu lần đầu ra công chúng của công ty cổ phần,Điều 11. Hồ sơ đăng ký chào bán cổ phiếu lần đầu ra công chúng của công ty cổ phần
160/2018/nđ-cp+6,66/2014/nđ-cp+6,0,Điều 6. Cấp độ rủi ro thiên tai,Điều 6. Cấp độ rủi ro thiên tai
03/2021/tt-bgddt+1,03/2021/tt-bgdđt+1,0,Điều 1. Phạm vi điều chỉnh và đối tượng áp dụng,Điều 1. Phạm vi điều chỉnh và đối tượng áp dụng
102/2017/nð-cp+2,102/2017/nđ-cp+2,0,Điều 2. Đối tượng áp dụng,Điều 2. Đối tượng áp dụng
107/2020/nđ-cp+3,108/2020/nđ-cp+3,0,Điều 3. Hiệu lực thi hành,Điều 3. Hiệu lực thi hành
155/2020/nd-cp+174,155/2020/nđ-cp+174,0,Điều 174. Quy định chung,Điều 174. Quy định chung
155/2020/nd-cp+176,155/2020/nđ-cp+176,0,"Điều 176. Hồ sơ đề nghị cấp, cấp đổi Giấy phép thành lập và hoạt động kinh doanh chứng khoán của công ty chứng khoán, công ty quản lý quỹ đầu tư chứng khoán","Điều 176. Hồ sơ đề nghị cấp, cấp đổi Giấy phép thành lập và hoạt động kinh doanh chứng khoán của công ty chứng khoán, công ty quản lý quỹ đầu tư chứng khoán"
155/2020/nd-cp+189,155/2020/nđ-cp+189,0,"Điều 189. Chào bán và niêm yết chứng khoán của công ty chứng khoán, công ty quản lý quỹ đầu tư chứng khoán tại nước ngoài","Điều 189. Chào bán và niêm yết chứng khoán của công ty chứng khoán, công ty quản lý quỹ đầu tư chứng khoán tại nước ngoài"
155/2020/nd-cp+259,155/2020/nđ-cp+259,0,Điều 259. Điều kiện cấp giấy phép thành lập và hoạt động của công ty đầu tư chứng khoán,Điều 259. Điều kiện cấp giấy phép thành lập và hoạt động của công ty đầu tư chứng khoán
102/2017/nð-cp+25,102/2017/nđ-cp+25,0,Điều 25. Hồ sơ đăng ký bảo lưu quyền sở hữu tàu bay trong trường hợp mua bán tàu bay có bảo lưu quyền sở hữu,Điều 25. Hồ sơ đăng ký bảo lưu quyền sở hữu tàu bay trong trường hợp mua bán tàu bay có bảo lưu quyền sở hữu
146/2018/nð-cp+36,146/2018/nđ-cp+36,0,Điều 36. Lập kế hoạch tài chính và quyết toán,Điều 36. Lập kế hoạch tài chính và quyết toán
155/2020/nd-cp+308,155/2020/nđ-cp+308,0,"Điều 308. Trình tự, thủ tục áp dụng các biện pháp phong tỏa tài khoản chứng khoán, yêu cầu người có thẩm quyền phong tỏa tài khoản tiền có liên quan đến hành vi vi phạm pháp luật về chứng khoán và thị trường chứng khoán","Điều 308. Trình tự, thủ tục áp dụng các biện pháp phong tỏa tài khoản chứng khoán, yêu cầu người có thẩm quyền phong tỏa tài khoản tiền có liên quan đến hành vi vi phạm pháp luật về chứng khoán và thị trường chứng khoán"
155/2020/nd-cp+54,155/2020/nđ-cp+54,0,Điều 54. Hồ sơ công ty đại chúng đăng ký phát hành cổ phiếu để chào mua công khai,Điều 54. Hồ sơ công ty đại chúng đăng ký phát hành cổ phiếu để chào mua công khai
155/2020/nd-cp+99,155/2020/nđ-cp+99,0,"Điều 99. Điều kiện trở thành thành viên giao dịch đặc biệt, Kho bạc Nhà nước tham gia giao dịch công cụ nợ","Điều 99. Điều kiện trở thành thành viên giao dịch đặc biệt, Kho bạc Nhà nước tham gia giao dịch công cụ nợ"
63/2019/nđ-+34,63/2019/nđ-cp+34,0,"Điều 34. Hành vi vi phạm quy định của pháp luật về thực hành tiết kiệm, chống lãng phí trong đầu tư xây dựng các dự án sử dụng ngân sách nhà nước, tiền, tài sản công","Điều 34. Hành vi vi phạm quy định của pháp luật về thực hành tiết kiệm, chống lãng phí trong đầu tư xây dựng các dự án sử dụng ngân sách nhà nước, tiền, tài sản công"
09/2014/ttlt-btp-tandtc-vksndtc+13,09/2014/ttlt-btp-tandtc-vksndtc-btc+13,0,Điều 13. Mức chi phí tống đạt,Điều 13. Mức chi phí tống đạt
155/2020/nd-cp+261,155/2020/nđ-cp+261,0,Điều 261. Hồ sơ cấp Giấy phép thành lập và hoạt động công ty đầu tư chứng khoán riêng lẻ,Điều 261. Hồ sơ cấp Giấy phép thành lập và hoạt động công ty đầu tư chứng khoán riêng lẻ
63/2019/nđ-+1,63/2019/nđ-cp+1,0,Điều 1. Phạm vi điều chỉnh,Điều 1. Phạm vi điều chỉnh
63/2019/nđ-+37,63/2019/nđ-cp+37,0,"Điều 37. Thẩm quyền lập biên bản vi phạm hành chính trong lĩnh vực thực hành tiết kiệm, chống lãng phí","Điều 37. Thẩm quyền lập biên bản vi phạm hành chính trong lĩnh vực thực hành tiết kiệm, chống lãng phí"
84/2019/nđ-+14,84/2019/nđ-cp+14,0,Điều 14. Hồ sơ cấp Giấy chứng nhận đủ điều kiện sản xuất phân bón,Điều 14. Hồ sơ cấp Giấy chứng nhận đủ điều kiện sản xuất phân bón
84/2019/nđ-+20,84/2019/nđ-cp+20,0,"Điều 20. Hồ sơ, trình tự và thẩm quyền cấp Giấy phép nhập khẩu phân bón","Điều 20. Hồ sơ, trình tự và thẩm quyền cấp Giấy phép nhập khẩu phân bón"
91/2019/nd-cp+13,91/2019/nđ-cp+13,0,Điều 13. Chuyển đổi cơ cấu cây trồng trên đất trồng lúa không đúng quy định; sử dụng đất vào mục đích khác thuộc trường hợp phải đăng ký mà không đăng ký theo quy định,Điều 13. Chuyển đổi cơ cấu cây trồng trên đất trồng lúa không đúng quy định; sử dụng đất vào mục đích khác thuộc trường hợp phải đăng ký mà không đăng ký theo quy định
155/2020/nd-cp+82,155/2020/nđ-cp+82,0,Điều 82. Nguyên tắc chào mua công khai,Điều 82. Nguyên tắc chào mua công khai
155/2020/nd-cp+267,155/2020/nđ-cp+267,0,"Điều 267. Trình tự, thủ tục cấp, điều chỉnh Giấy phép thành lập và hoạt động công ty đầu tư chứng khoán","Điều 267. Trình tự, thủ tục cấp, điều chỉnh Giấy phép thành lập và hoạt động công ty đầu tư chứng khoán"
63/2019/nđ-+30,63/2019/nđ-cp+30,0,Điều 30. Thẩm quyền xử phạt của Thanh tra,Điều 30. Thẩm quyền xử phạt của Thanh tra
102/2017/nð-cp+64,102/2017/nđ-cp+64,0,Điều 64. Công bố thông tin về biện pháp bảo đảm,Điều 64. Công bố thông tin về biện pháp bảo đảm
155/2020/nd-cp+182,155/2020/nđ-cp+182,0,"Điều 182. Người đại diện theo pháp luật của công ty chứng khoán, công ty quản lý quỹ đầu tư chứng khoán","Điều 182. Người đại diện theo pháp luật của công ty chứng khoán, công ty quản lý quỹ đầu tư chứng khoán"
102/2017/nð-cp+63,102/2017/nđ-cp+63,0,Điều 63. Trách nhiệm trao đổi thông tin về tình trạng pháp lý của tài sản bảo đảm,Điều 63. Trách nhiệm trao đổi thông tin về tình trạng pháp lý của tài sản bảo đảm
14/2014/tt-byt+12,30/2014/tt-byt+12,0,Điều 12. Điều khoản tham chiếu,Điều 12. Điều khoản tham chiếu
155/2020/nd-cp+105,155/2020/nđ-cp+105,0,Điều 105. Đình chỉ hoạt động giao dịch của thành viên,Điều 105. Đình chỉ hoạt động giao dịch của thành viên
155/2020/nd-cp+293,155/2020/nđ-cp+293,0,"Điều 293. Giao dịch với cổ đông, người quản lý doanh nghiệp và người có liên quan của các đối tượng này","Điều 293. Giao dịch với cổ đông, người quản lý doanh nghiệp và người có liên quan của các đối tượng này"
19/2019/nđ+27,19/2019/nđ-cp+27,0,Điều 27. Điều khoản chuyển tiếp,Điều 27. Điều khoản chuyển tiếp
155/2020/nd-cp+190,155/2020/nđ-cp+190,0,"Điều 190. Điều kiện thành lập, bổ sung nghiệp vụ chi nhánh trong nước của công ty chứng khoán, công ty quản lý quỹ đầu tư chứng khoán","Điều 190. Điều kiện thành lập, bổ sung nghiệp vụ chi nhánh trong nước của công ty chứng khoán, công ty quản lý quỹ đầu tư chứng khoán"
19/2019/nđ+6,19/2019/nđ-cp+6,0,Điều 6. Điều kiện làm chủ họ,Điều 6. Điều kiện làm chủ họ
102/2017/nð-cp+60,102/2017/nđ-cp+60,0,Điều 60. Phương thức yêu cầu cung cấp thông tin về biện pháp bảo đảm,Điều 60. Phương thức yêu cầu cung cấp thông tin về biện pháp bảo đảm
155/2020/nd-cp+290,155/2020/nđ-cp+290,0,Điều 290. Báo cáo hoạt động của Ban kiểm soát tại cuộc họp Đại hội đồng cổ đông thường niên,Điều 290. Báo cáo hoạt động của Ban kiểm soát tại cuộc họp Đại hội đồng cổ đông thường niên
155/2020/nd-cp+37,155/2020/nđ-cp+37,0,Điều 37. Hồ sơ đăng ký chào bán cổ phiếu ra công chúng tại Việt Nam của doanh nghiệp thành lập và hoạt động theo pháp luật nước ngoài,Điều 37. Hồ sơ đăng ký chào bán cổ phiếu ra công chúng tại Việt Nam của doanh nghiệp thành lập và hoạt động theo pháp luật nước ngoài
03/2021/tt-bgddt+3,03/2021/tt-bgdđt+3,0,Điều 3. Giáo viên trung học cơ sở hạng III - Mã số V.07.04.32,Điều 3. Giáo viên trung học cơ sở hạng III - Mã số V.07.04.32
155/2020/nd-cp+151,155/2020/nđ-cp+151,0,"Điều 151. Điều kiện cung cấp dịch vụ bù trừ, thanh toán giao dịch chứng khoán","Điều 151. Điều kiện cung cấp dịch vụ bù trừ, thanh toán giao dịch chứng khoán"
01/2018/tt-byt+39,44/2014/tt-byt+39,0,Điều 39. Điều khoản tham chiếu,Điều 39. Điều khoản tham chiếu
155/2020/nd-cp+241,155/2020/nđ-cp+241,0,"Điều 241. Điều kiện, hồ sơ đăng ký chào bán lần đầu chứng chỉ quỹ mở ra công chúng","Điều 241. Điều kiện, hồ sơ đăng ký chào bán lần đầu chứng chỉ quỹ mở ra công chúng"
05/2017/tt-bxd+2,20/2019/tt-bxd+2,0,Điều 2. Đối tượng áp dụng,Điều 2. Đối tượng áp dụng
09/2014/ttlt-btp-tandtc-vksndtc+20,09/2014/ttlt-btp-tandtc-vksndtc-btc+20,0,"Điều 20. Việc giải thể, chấm dứt hoạt động của Văn phòng Thừa phát lại","Điều 20. Việc giải thể, chấm dứt hoạt động của Văn phòng Thừa phát lại"
102/2017/nð-cp+5,102/2017/nđ-cp+5,0,Điều 5. Thời điểm có hiệu lực của đăng ký biện pháp bảo đảm,Điều 5. Thời điểm có hiệu lực của đăng ký biện pháp bảo đảm
155/2020/nd-cp+49,155/2020/nđ-cp+49,0,"Điều 49. Điều kiện công ty đại chúng phát hành cổ phiếu để hoán đổi cổ phần cho cổ đông công ty cổ phần chưa đại chúng, hoán đổi phần vốn góp cho thành viên góp vốn của công ty trách nhiệm hữu hạn","Điều 49. Điều kiện công ty đại chúng phát hành cổ phiếu để hoán đổi cổ phần cho cổ đông công ty cổ phần chưa đại chúng, hoán đổi phần vốn góp cho thành viên góp vốn của công ty trách nhiệm hữu hạn"
63/2019/nđ-+28,63/2019/nđ-cp+28,0,"Điều 28. Thẩm quyền lập biên bản vi phạm hành chính trong lĩnh vực quản lý, sử dụng tài sản công","Điều 28. Thẩm quyền lập biên bản vi phạm hành chính trong lĩnh vực quản lý, sử dụng tài sản công"
102/2017/nð-cp+33,102/2017/nđ-cp+33,0,Điều 33. Hồ sơ đăng ký bảo lưu quyền sở hữu tàu biển trong trường hợp mua bán tàu biển có bảo lưu quyền sở hữu,Điều 33. Hồ sơ đăng ký bảo lưu quyền sở hữu tàu biển trong trường hợp mua bán tàu biển có bảo lưu quyền sở hữu
91/2019/nd-cp+43,91/2019/nđ-cp+43,0,Điều 43. Hiệu lực thi hành,Điều 43. Hiệu lực thi hành
155/2020/nd-cp+177,155/2020/nđ-cp+177,0,"Điều 177. Hồ sơ đề nghị cấp Giấy phép thành lập và hoạt động kinh doanh chứng khoán của chi nhánh công ty chứng khoán, công ty quản lý quỹ nước ngoài tại Việt Nam","Điều 177. Hồ sơ đề nghị cấp Giấy phép thành lập và hoạt động kinh doanh chứng khoán của chi nhánh công ty chứng khoán, công ty quản lý quỹ nước ngoài tại Việt Nam"
145/2017/tt-bqp+6,79/2019/tt-bqp+6,0,Điều 6. Điều khoản tham chiếu,Điều 6. Điều khoản tham chiếu
146/2018/nð-cp+10,146/2018/nđ-cp+10,0,"Điều 10. Xác định số tiền đóng, hỗ trợ đối với một số đối tượng khi nhà nước điều chỉnh mức đóng bảo hiểm y tế, điều chỉnh mức lương cơ sở","Điều 10. Xác định số tiền đóng, hỗ trợ đối với một số đối tượng khi nhà nước điều chỉnh mức đóng bảo hiểm y tế, điều chỉnh mức lương cơ sở"
155/2020/nd-cp+5,155/2020/nđ-cp+5,0,Điều 5. Tài liệu xác định nhà đầu tư chứng khoán chuyên nghiệp,Điều 5. Tài liệu xác định nhà đầu tư chứng khoán chuyên nghiệp
155/2020/nd-cp+146,155/2020/nđ-cp+146,0,Điều 146. Đăng ký mã số giao dịch chứng khoán,Điều 146. Đăng ký mã số giao dịch chứng khoán
102/2017/nð-cp+68,102/2017/nđ-cp+68,0,Điều 68. Hiệu lực thi hành,Điều 68. Hiệu lực thi hành
19/2019/nđ+13,19/2019/nđ-cp+13,0,Điều 13. Giấy biên nhận,Điều 13. Giấy biên nhận
155/2020/nd-cp+157,155/2020/nđ-cp+157,0,"Điều 157. Quyền và nghĩa vụ của thành viên bù trừ đối với việc cung cấp dịch vụ bù trừ, thanh toán giao dịch chứng khoán","Điều 157. Quyền và nghĩa vụ của thành viên bù trừ đối với việc cung cấp dịch vụ bù trừ, thanh toán giao dịch chứng khoán"
155/2020/nd-cp+282,155/2020/nđ-cp+282,0,Điều 282. Thành phần Ủy ban kiểm toán,Điều 282. Thành phần Ủy ban kiểm toán
09/2014/ttlt-btp-tandtc-vksndtc+22,09/2014/ttlt-btp-tandtc-vksndtc-btc+22,0,"Điều 22. Quyền kháng nghị, kiến nghị, yêu cầu của Viện Kiểm sát nhân dân","Điều 22. Quyền kháng nghị, kiến nghị, yêu cầu của Viện Kiểm sát nhân dân"
91/2019/nd-cp+32,91/2019/nđ-cp+32,0,"Điều 32. Không sử dụng đất trồng cây hàng năm trong thời hạn 12 tháng liên tục, đất trồng cây lâu năm trong thời hạn 18 tháng liên tục, đất trồng rừng trong thời hạn 24 tháng liên tục","Điều 32. Không sử dụng đất trồng cây hàng năm trong thời hạn 12 tháng liên tục, đất trồng cây lâu năm trong thời hạn 18 tháng liên tục, đất trồng rừng trong thời hạn 24 tháng liên tục"
91/2019/nd-cp+9,91/2019/nđ-cp+9,0,Điều 9. Sử dụng đất trồng lúa vào mục đích khác không được cơ quan nhà nước có thẩm quyền cho phép theo quy định tại các điểm a và d khoản 1 Điều 57 của Luật đất đai,Điều 9. Sử dụng đất trồng lúa vào mục đích khác không được cơ quan nhà nước có thẩm quyền cho phép theo quy định tại các điểm a và d khoản 1 Điều 57 của Luật đất đai
91/2019/nd-cp+10,91/2019/nđ-cp+10,0,"Điều 10. Sử dụng đất rừng đặc dụng, đất rừng phòng hộ, đất rừng sản xuất vào mục đích khác không được cơ quan nhà nước có thẩm quyền cho phép theo quy định tại các điểm c và d khoản 1 Điều 57 của Luật đất đai","Điều 10. Sử dụng đất rừng đặc dụng, đất rừng phòng hộ, đất rừng sản xuất vào mục đích khác không được cơ quan nhà nước có thẩm quyền cho phép theo quy định tại các điểm c và d khoản 1 Điều 57 của Luật đất đai"
91/2019/nd-cp+30,91/2019/nđ-cp+30,0,"Điều 30. Nhận chuyển quyền sử dụng đất, thuê đất không đúng quy định tại các Điều 153 và Điều 169 của Luật đất đai và Điều 39 của Nghị định số 43/2014/NĐ-CP","Điều 30. Nhận chuyển quyền sử dụng đất, thuê đất không đúng quy định tại các Điều 153 và Điều 169 của Luật đất đai và Điều 39 của Nghị định số 43/2014/NĐ-CP"
09/2017/qh14+2,168/2017/nđ-cp+2,0,Điều 2. Đối tượng áp dụng,Điều 2. Đối tượng áp dụng
155/2020/nd-cp+80,155/2020/nđ-cp+80,0,Điều 80. Tỷ lệ sở hữu,Điều 80. Tỷ lệ sở hữu
155/2020/nd-cp+260,155/2020/nđ-cp+260,0,Điều 260. Hồ sơ cấp giấy phép thành lập và hoạt động của công ty đầu tư chứng khoán đại chúng,Điều 260. Hồ sơ cấp giấy phép thành lập và hoạt động của công ty đầu tư chứng khoán đại chúng
155/2020/nd-cp+289,155/2020/nđ-cp+289,0,Điều 289. Cuộc họp của Ban kiểm soát,Điều 289. Cuộc họp của Ban kiểm soát
84/2019/nđ-+16,84/2019/nđ-cp+16,0,"Điều 16. Hồ sơ cấp lại Giấy chứng nhận đủ điều kiện sản xuất phân bón, Giấy chứng nhận đủ điều kiện buôn bán phân bón","Điều 16. Hồ sơ cấp lại Giấy chứng nhận đủ điều kiện sản xuất phân bón, Giấy chứng nhận đủ điều kiện buôn bán phân bón"
102/2017/nð-cp+1,102/2017/nđ-cp+1,0,Điều 1. Phạm vi điều chỉnh,Điều 1. Phạm vi điều chỉnh
19/2019/nđ+18,19/2019/nđ-cp+18,0,Điều 18. Nghĩa vụ của chủ họ,Điều 18. Nghĩa vụ của chủ họ
155/2020/nd-cp+262,155/2020/nđ-cp+262,0,"Điều 262. Điều kiện tăng, giảm vốn điều lệ công ty đầu tư chứng khoán","Điều 262. Điều kiện tăng, giảm vốn điều lệ công ty đầu tư chứng khoán"
155/2020/nd-cp+292,155/2020/nđ-cp+292,0,Điều 292. Giao dịch với người có liên quan,Điều 292. Giao dịch với người có liên quan
155/2020/nd-cp+306,155/2020/nđ-cp+306,0,"Điều 306. Các biện pháp phòng ngừa, ngăn chặn vi phạm pháp luật về chứng khoán và thị trường chứng khoán","Điều 306. Các biện pháp phòng ngừa, ngăn chặn vi phạm pháp luật về chứng khoán và thị trường chứng khoán"
220/2013/nđ-cp+12,28/2019/nđ-cp+12,0,Điều 12. Thẩm quyền giải quyết tố cáo trong quản lý nhà nước về quốc phòng,Điều 12. Thẩm quyền giải quyết tố cáo trong quản lý nhà nước về quốc phòng
09/2014/ttlt-btp-tandtc-vksndtc+5,09/2014/ttlt-btp-tandtc-vksndtc-btc+5,0,Điều 5. Giao nhận văn bản tống đạt,Điều 5. Giao nhận văn bản tống đạt
09/2014/ttlt-btp-tandtc-vksndtc+16,09/2014/ttlt-btp-tandtc-vksndtc-btc+16,0,Điều 16. Chi phí lập vi bằng và xác minh điều kiện thi hành án,Điều 16. Chi phí lập vi bằng và xác minh điều kiện thi hành án
136/2013/tt-btc+9,36/2019/tt-btc+9,0,Điều 9. Phương thức phân phối vé xổ số tự chọn số điện toán,Điều 9. Phương thức phân phối vé xổ số tự chọn số điện toán
155/2020/nd-cp+164,155/2020/nđ-cp+164,0,"Điều 164. Đình chỉ hoạt động bù trừ, thanh toán giao dịch chứng khoán đối với thành viên bù trừ của Tổng công ty lưu ký và bù trừ chứng khoán Việt Nam","Điều 164. Đình chỉ hoạt động bù trừ, thanh toán giao dịch chứng khoán đối với thành viên bù trừ của Tổng công ty lưu ký và bù trừ chứng khoán Việt Nam"
19/2019/nđ+2,19/2019/nđ-cp+2,0,Điều 2. Đối tượng áp dụng,Điều 2. Đối tượng áp dụng
91/2019/nd-cp+41,91/2019/nđ-cp+41,0,Điều 41. Trách nhiệm của người có thẩm quyền xử phạt vi phạm hành chính đối với trường hợp phải tạm đình chỉ hoặc đình chỉ hoạt động dịch vụ về đất đai,Điều 41. Trách nhiệm của người có thẩm quyền xử phạt vi phạm hành chính đối với trường hợp phải tạm đình chỉ hoặc đình chỉ hoạt động dịch vụ về đất đai
155/2020/nd-cp+76,155/2020/nđ-cp+76,0,Điều 76. Hồ sơ đăng ký hỗ trợ phát hành chứng chỉ lưu ký tại nước ngoài trên cơ sở số cổ phiếu đang lưu hành tại Việt Nam,Điều 76. Hồ sơ đăng ký hỗ trợ phát hành chứng chỉ lưu ký tại nước ngoài trên cơ sở số cổ phiếu đang lưu hành tại Việt Nam
155/2020/nd-cp+130,155/2020/nđ-cp+130,0,"Điều 130. Tài liệu báo cáo về việc niêm yết, giao dịch chứng chỉ lưu ký tại Sở giao dịch chứng khoán nước ngoài","Điều 130. Tài liệu báo cáo về việc niêm yết, giao dịch chứng chỉ lưu ký tại Sở giao dịch chứng khoán nước ngoài"
63/2019/nđ-+47,63/2019/nđ-cp+47,0,Điều 47. Hành vi can thiệp trái pháp luật trong hoạt động dự trữ quốc gia,Điều 47. Hành vi can thiệp trái pháp luật trong hoạt động dự trữ quốc gia
155/2020/nd-cp+295,155/2020/nđ-cp+295,0,Điều 295. Nghĩa vụ công bố thông tin,Điều 295. Nghĩa vụ công bố thông tin
84/2019/nđ-+21,84/2019/nđ-cp+21,0,"Điều 21. Hồ sơ, trình tự, nội dung và thẩm quyền kiểm tra nhà nước về chất lượng phân bón nhập khẩu","Điều 21. Hồ sơ, trình tự, nội dung và thẩm quyền kiểm tra nhà nước về chất lượng phân bón nhập khẩu"
102/2017/nð-cp+48,102/2017/nđ-cp+48,0,"Điều 48. Thủ tục đăng ký biện pháp bảo đảm bằng quyền sử dụng đất, tài sản gắn liền với đất; đăng ký thay đổi nội dung biện pháp bảo đảm đã đăng ký; sửa chữa sai sót; xóa đăng ký; đăng ký văn bản thông báo về việc xử lý tài sản thế chấp bằng quyền sử dụng đất, tài sản gắn liền với đất","Điều 48. Thủ tục đăng ký biện pháp bảo đảm bằng quyền sử dụng đất, tài sản gắn liền với đất; đăng ký thay đổi nội dung biện pháp bảo đảm đã đăng ký; sửa chữa sai sót; xóa đăng ký; đăng ký văn bản thông báo về việc xử lý tài sản thế chấp bằng quyền sử dụng đất, tài sản gắn liền với đất"
155/2020/nd-cp+240,155/2020/nđ-cp+240,0,Điều 240. Giải thể quỹ đóng,Điều 240. Giải thể quỹ đóng
155/2020/nd-cp+249,155/2020/nđ-cp+249,0,Điều 249. Hồ sơ chào bán chứng chỉ quỹ bất động sản ra công chúng,Điều 249. Hồ sơ chào bán chứng chỉ quỹ bất động sản ra công chúng
63/2019/nđ-+60,63/2019/nđ-cp+60,0,Điều 60. Hành vi vi phạm quy định về đăng ký và sử dụng tài khoản tại Kho bạc Nhà nước,Điều 60. Hành vi vi phạm quy định về đăng ký và sử dụng tài khoản tại Kho bạc Nhà nước
91/2019/nd-cp+8,91/2019/nđ-cp+8,0,Điều 8. Xác định diện tích đất vi phạm và mức phạt hành vi vi phạm hành chính,Điều 8. Xác định diện tích đất vi phạm và mức phạt hành vi vi phạm hành chính
125/2014/nđ-cp+3,24/2019/nđ-cp+3,0,Điều 3. Trách nhiệm tổ chức thực hiện,Điều 3. Trách nhiệm tổ chức thực hiện
155/2020/nd-cp+8,155/2020/nđ-cp+8,0,Điều 8. Việc mở và sử dụng tài khoản phong tỏa,Điều 8. Việc mở và sử dụng tài khoản phong tỏa
155/2020/nd-cp+61,155/2020/nđ-cp+61,0,Điều 61. Tài liệu báo cáo phát hành cổ phiếu để trả cổ tức của công ty đại chúng,Điều 61. Tài liệu báo cáo phát hành cổ phiếu để trả cổ tức của công ty đại chúng
33/2021/nđ-cp+14,34/2021/nđ-cp+13,0,"Điều 14. Trình tự, thủ tục ban hành văn bản quy phạm pháp luật của Ủy ban nhân dân quận","Điều 13. Trình tự, thủ tục ban hành văn bản quy phạm pháp luật của Ủy ban nhân dân quận"
03/2021/tt-bgddt+7,03/2021/tt-bgdđt+7,0,Điều 7. Các trường hợp bổ nhiệm vào chức danh nghề nghiệp giáo viên trung học cơ sở,Điều 7. Các trường hợp bổ nhiệm vào chức danh nghề nghiệp giáo viên trung học cơ sở
155/2020/nd-cp+298,155/2020/nđ-cp+298,0,"Điều 298. Công bố thông tin về thu nhập của thành viên Hội đồng quản trị, Tổng giám đốc (Giám đốc)","Điều 298. Công bố thông tin về thu nhập của thành viên Hội đồng quản trị, Tổng giám đốc (Giám đốc)"
63/2019/nđ-+17,63/2019/nđ-cp+17,0,Điều 17. Hành vi vi phạm hành chính đối với các quy định về việc đăng nhập và sử dụng số liệu về tài sản công,Điều 17. Hành vi vi phạm hành chính đối với các quy định về việc đăng nhập và sử dụng số liệu về tài sản công
03/2021/tt-bgddt+6,03/2021/tt-bgdđt+6,0,Điều 6. Nguyên tắc bổ nhiệm theo chức danh nghề nghiệp đối với giáo viên trung học cơ sở,Điều 6. Nguyên tắc bổ nhiệm theo chức danh nghề nghiệp đối với giáo viên trung học cơ sở
102/2017/nð-cp+34,102/2017/nđ-cp+34,0,Điều 34. Hồ sơ đăng ký thay đổi nội dung biện pháp bảo đảm bằng tàu biển đã đăng ký,Điều 34. Hồ sơ đăng ký thay đổi nội dung biện pháp bảo đảm bằng tàu biển đã đăng ký
146/2018/nð-cp+34,146/2018/nđ-cp+34,0,"Điều 34. Điều kiện, nội dung chi, thanh quyết toán kinh phí khám bệnh, chữa bệnh trong công tác chăm sóc sức khỏe ban đầu","Điều 34. Điều kiện, nội dung chi, thanh quyết toán kinh phí khám bệnh, chữa bệnh trong công tác chăm sóc sức khỏe ban đầu"
155/2020/nd-cp+36,155/2020/nđ-cp+36,0,Điều 36. Điều kiện chào bán chứng khoán ra công chúng tại Việt Nam của doanh nghiệp thành lập và hoạt động theo pháp luật nước ngoài,Điều 36. Điều kiện chào bán chứng khoán ra công chúng tại Việt Nam của doanh nghiệp thành lập và hoạt động theo pháp luật nước ngoài
09/2014/ttlt-btp-tandtc-vksndtc+14,09/2014/ttlt-btp-tandtc-vksndtc-btc+14,0,Điều 14. Thanh toán chi phí tống đạt,Điều 14. Thanh toán chi phí tống đạt
84/2019/nđ-+1,84/2019/nđ-cp+1,0,Điều 1. Phạm vi điều chỉnh,Điều 1. Phạm vi điều chỉnh
146/2018/nð-cp+1,146/2018/nđ-cp+1,0,Điều 1. Nhóm do người lao động và người sử dụng lao động đóng,Điều 1. Nhóm do người lao động và người sử dụng lao động đóng
155/2020/nd-cp+186,155/2020/nđ-cp+186,0,"Điều 186. Trình tự thủ tục cấp, điều chỉnh Giấy phép thành lập và hoạt động kinh doanh chứng khoán và Giấy chứng nhận đăng ký hoạt động","Điều 186. Trình tự thủ tục cấp, điều chỉnh Giấy phép thành lập và hoạt động kinh doanh chứng khoán và Giấy chứng nhận đăng ký hoạt động"
155/2020/nd-cp+59,155/2020/nđ-cp+59,0,"Điều 59. Trình tự, thủ tục phát hành cổ phiếu để hoán đổi","Điều 59. Trình tự, thủ tục phát hành cổ phiếu để hoán đổi"
155/2020/nd-cp+280,155/2020/nđ-cp+280,0,Điều 280. Báo cáo hoạt động của Hội đồng quản trị tại cuộc họp Đại hội đồng cổ đông thường niên,Điều 280. Báo cáo hoạt động của Hội đồng quản trị tại cuộc họp Đại hội đồng cổ đông thường niên
24/2020/nd-cp+24,24/2020/nđ-cp+24,0,Điều 24. Trách nhiệm quản lý nhà nước của Bộ Tài chính,Điều 24. Trách nhiệm quản lý nhà nước của Bộ Tài chính
19/2019/nđ+5,19/2019/nđ-cp+5,0,Điều 5. Điều kiện làm thành viên,Điều 5. Điều kiện làm thành viên
259/2016/tt-btc+4,281/2016/tt-btc+4,0,"Điều 4. Mức thu phí, lệ phí","Điều 4. Mức thu phí, lệ phí"
155/2020/nd-cp+90,155/2020/nđ-cp+90,0,Điều 90. Nghĩa vụ của đại lý chào mua công khai,Điều 90. Nghĩa vụ của đại lý chào mua công khai
24/2020/nd-cp+14,24/2020/nđ-cp+14,0,"Điều 14. Trách nhiệm thực hiện thông tin, giáo dục, truyền thông về phòng, chống tác hại của rượu, bia","Điều 14. Trách nhiệm thực hiện thông tin, giáo dục, truyền thông về phòng, chống tác hại của rượu, bia"
84/2019/nđ-+26,84/2019/nđ-cp+26,0,Điều 26. Trách nhiệm của Sở Nông nghiệp và Phát triển nông thôn cấp tỉnh,Điều 26. Trách nhiệm của Sở Nông nghiệp và Phát triển nông thôn cấp tỉnh
09/2014/ttlt-btp-tandtc-vksndtc+23,09/2014/ttlt-btp-tandtc-vksndtc-btc+23,0,"Điều 23. Kiểm tra, thanh tra hoạt động của Thừa phát lại","Điều 23. Kiểm tra, thanh tra hoạt động của Thừa phát lại"
84/2019/nđ-+25,84/2019/nđ-cp+25,0,Điều 25. Trách nhiệm của Bộ Nông nghiệp và Phát triển nông thôn,Điều 25. Trách nhiệm của Bộ Nông nghiệp và Phát triển nông thôn
155/2020/nd-cp+149,155/2020/nđ-cp+149,0,Điều 149. Đăng ký chứng khoán tại Tổng công ty lưu ký và bù trừ chứng khoán Việt Nam,Điều 149. Đăng ký chứng khoán tại Tổng công ty lưu ký và bù trừ chứng khoán Việt Nam
204/2016/tt-btc+6,205/2016/tt-btc+6,0,"Điều 6. Kê khai, thu, nộp phí","Điều 6. Kê khai, thu, nộp phí"
204/2016/tt-btc+6,206/2016/tt-btc+6,0,"Điều 6. Kê khai, thu, nộp phí","Điều 6. Kê khai, thu, nộp phí"
205/2016/tt-btc+6,206/2016/tt-btc+6,0,"Điều 6. Kê khai, thu, nộp phí","Điều 6. Kê khai, thu, nộp phí"
212/2016/tt-btc+5,232/2016/tt-btc+5,0,"Điều 5. Kê khai, nộp phí","Điều 5. Kê khai, nộp phí"
84/2019/nđ-+4,84/2019/nđ-cp+4,0,Điều 4. Quy định chung về thực hiện thủ tục hành chính trong Nghị định này,Điều 4. Quy định chung về thực hiện thủ tục hành chính trong Nghị định này
146/2013/nđ-cp+2,16/2018/nđ-cp+2,0,Điều 2. Đối tượng áp dụng,Điều 2. Đối tượng áp dụng
155/2020/nd-cp+310,155/2020/nđ-cp+310,0,Điều 310. Điều khoản chuyển tiếp,Điều 310. Điều khoản chuyển tiếp
60/2000/nđ-cp+13,61/2000/nđ-cp+13,0,"Điều 13. Người nào vi phạm các quy định của Nghị định này, tùy theo mức độ vi phạm sẽ bị xử lý kỷ luật, xử phạt hành chính hoặc truy cứu trách nhiệm hình sự theo quy định của pháp luật.","Điều 13. Người nào vi phạm các quy định của Nghị định này, tùy theo mức độ vi phạm sẽ bị xử lý kỷ luật, xử phạt hành chính hoặc truy cứu trách nhiệm hình sự theo quy định của pháp luật."
155/2020/nd-cp+160,155/2020/nđ-cp+160,0,"Điều 160. Hồ sơ, trình tự, thủ tục đăng ký thành viên lưu ký, thành viên bù trừ sau hợp nhất, sáp nhập","Điều 160. Hồ sơ, trình tự, thủ tục đăng ký thành viên lưu ký, thành viên bù trừ sau hợp nhất, sáp nhập"
155/2020/nd-cp+187,155/2020/nđ-cp+187,0,"Điều 187. Phát hành, chào bán cổ phần, tăng vốn điều lệ của công ty chứng khoán, công ty quản lý quỹ đầu tư chứng khoán, chi nhánh công ty chứng khoán, công ty quản lý quỹ nước ngoài tại Việt Nam","Điều 187. Phát hành, chào bán cổ phần, tăng vốn điều lệ của công ty chứng khoán, công ty quản lý quỹ đầu tư chứng khoán, chi nhánh công ty chứng khoán, công ty quản lý quỹ nước ngoài tại Việt Nam"
155/2020/nd-cp+193,155/2020/nđ-cp+193,0,"Điều 193. Hồ sơ đề nghị chấp thuận thành lập chi nhánh, phòng giao dịch, văn phòng đại diện trong nước, bổ sung nghiệp vụ chi nhánh của công ty chứng khoán, công ty quản lý quỹ đầu tư chứng khoán","Điều 193. Hồ sơ đề nghị chấp thuận thành lập chi nhánh, phòng giao dịch, văn phòng đại diện trong nước, bổ sung nghiệp vụ chi nhánh của công ty chứng khoán, công ty quản lý quỹ đầu tư chứng khoán"
23/2018/qh14+2,75/2019/nđ-cp+2,0,Điều 2. Đối tượng áp dụng,Điều 2. Đối tượng áp dụng
136/2013/tt-btc+20,36/2019/tt-btc+20,0,Điều 20. Người quay số mở thưởng,Điều 20. Người quay số mở thưởng
155/2020/nd-cp+27,155/2020/nđ-cp+27,0,Điều 27. Hồ sơ đăng ký chào bán trái phiếu ra công chúng bằng đồng Việt Nam của tổ chức tài chính quốc tế,Điều 27. Hồ sơ đăng ký chào bán trái phiếu ra công chúng bằng đồng Việt Nam của tổ chức tài chính quốc tế
155/2020/nd-cp+81,155/2020/nđ-cp+81,0,"Điều 81. Trách nhiệm của tổ chức phát hành chứng chỉ lưu ký, cổ đông và nhà đầu tư sở hữu chứng chỉ lưu ký","Điều 81. Trách nhiệm của tổ chức phát hành chứng chỉ lưu ký, cổ đông và nhà đầu tư sở hữu chứng chỉ lưu ký"
155/2020/nd-cp+128,155/2020/nđ-cp+128,0,"Điều 128. Nghĩa vụ của doanh nghiệp có chứng khoán niêm yết, giao dịch tại Sở giao dịch chứng khoán nước ngoài","Điều 128. Nghĩa vụ của doanh nghiệp có chứng khoán niêm yết, giao dịch tại Sở giao dịch chứng khoán nước ngoài"
91/2019/nd-cp+26,91/2019/nđ-cp+26,0,"Điều 26. Nhận chuyển nhượng, nhận tặng cho quyền sử dụng đất có điều kiện mà không đủ điều kiện quy định tại các Điều 191 và Điều 192 của Luật đất đai","Điều 26. Nhận chuyển nhượng, nhận tặng cho quyền sử dụng đất có điều kiện mà không đủ điều kiện quy định tại các Điều 191 và Điều 192 của Luật đất đai"
84/2019/nđ-+22,84/2019/nđ-cp+22,0,"Điều 22. Lấy mẫu, thử nghiệm phân bón","Điều 22. Lấy mẫu, thử nghiệm phân bón"
146/2018/nð-cp+7,146/2018/nđ-cp+7,0,Điều 7. Mức đóng và trách nhiệm đóng bảo hiểm y tế,Điều 7. Mức đóng và trách nhiệm đóng bảo hiểm y tế
03/2019/qđ-ktnn+2,07/2017/qđ-ktnn+2,0,Điều 2. Quyết định này có hiệu lực thi hành sau 45 ngày kể từ ngày ký.,Điều 2.
03/2019/qđ-ktnn+2,44/2009/qđ-ttg+2,0,Điều 2. Quyết định này có hiệu lực thi hành sau 45 ngày kể từ ngày ký.,"Điều 2. Quyết định này có hiệu lực thi hành sau 45 ngày, kể từ ngày ký."
07/2017/qđ-ktnn+2,44/2009/qđ-ttg+2,0,Điều 2.,"Điều 2. Quyết định này có hiệu lực thi hành sau 45 ngày, kể từ ngày ký."
155/2020/nd-cp+100,155/2020/nđ-cp+100,0,"Điều 100. Hồ sơ đăng ký thành viên giao dịch đặc biệt, Kho bạc Nhà nước tham gia giao dịch công cụ nợ","Điều 100. Hồ sơ đăng ký thành viên giao dịch đặc biệt, Kho bạc Nhà nước tham gia giao dịch công cụ nợ"
63/2019/nđ-+65,63/2019/nđ-cp+65,0,Điều 65. Hiệu lực thi hành,Điều 65. Hiệu lực thi hành
155/2020/nd-cp+20,155/2020/nđ-cp+20,0,Điều 20. Hồ sơ đăng ký chào bán trái phiếu ra công chúng,Điều 20. Hồ sơ đăng ký chào bán trái phiếu ra công chúng
155/2020/nd-cp+45,155/2020/nđ-cp+45,0,Điều 45. Hồ sơ công ty đại chúng đăng ký chào bán cổ phiếu riêng lẻ với giá thấp hơn mệnh giá,Điều 45. Hồ sơ công ty đại chúng đăng ký chào bán cổ phiếu riêng lẻ với giá thấp hơn mệnh giá
146/2018/nð-cp+21,146/2018/nđ-cp+21,0,"Điều 21. Quyền và trách nhiệm của cơ sở khám bệnh, chữa bệnh trong thực hiện hợp đồng khám bệnh, chữa bệnh bảo hiểm y tế","Điều 21. Quyền và trách nhiệm của cơ sở khám bệnh, chữa bệnh trong thực hiện hợp đồng khám bệnh, chữa bệnh bảo hiểm y tế"
155/2020/nd-cp+24,155/2020/nđ-cp+24,0,Điều 24. Đại diện người sở hữu trái phiếu,Điều 24. Đại diện người sở hữu trái phiếu
155/2020/nd-cp+195,155/2020/nđ-cp+195,0,"Điều 195. Điều kiện thành lập chi nhánh, công ty con, văn phòng đại diện tại nước ngoài của công ty chứng khoán, công ty quản lý quỹ đầu tư chứng khoán","Điều 195. Điều kiện thành lập chi nhánh, công ty con, văn phòng đại diện tại nước ngoài của công ty chứng khoán, công ty quản lý quỹ đầu tư chứng khoán"
19/2019/nđ+3,19/2019/nđ-cp+3,0,Điều 3. Nguyên tắc tổ chức họ,Điều 3. Nguyên tắc tổ chức họ
24/2020/nd-cp+3,24/2020/nđ-cp+3,0,"Điều 3. Địa điểm công cộng không được uống rượu, bia","Điều 3. Địa điểm công cộng không được uống rượu, bia"
63/2019/nđ-+40,63/2019/nđ-cp+40,0,"Điều 40. Hành vi vi phạm quy định về mua, bán hàng dự trữ quốc gia","Điều 40. Hành vi vi phạm quy định về mua, bán hàng dự trữ quốc gia"
155/2020/nd-cp+64,155/2020/nđ-cp+64,0,Điều 64. Điều kiện công ty đại chúng phát hành cổ phiếu theo chương trình lựa chọn cho người lao động trong công ty,Điều 64. Điều kiện công ty đại chúng phát hành cổ phiếu theo chương trình lựa chọn cho người lao động trong công ty
05/2017/qh14+2,69/2018/nđ-cp+2,0,Điều 2. Đối tượng áp dụng,Điều 2. Đối tượng áp dụng
102/2017/nð-cp+24,102/2017/nđ-cp+24,0,"Điều 24. Hồ sơ đăng ký cầm cố tàu bay, thế chấp tàu bay","Điều 24. Hồ sơ đăng ký cầm cố tàu bay, thế chấp tàu bay"
63/2019/nđ-+44,63/2019/nđ-cp+44,0,"Điều 44. Hành vi vi phạm quy định về cấp phát, cứu trợ hàng dự trữ quốc gia","Điều 44. Hành vi vi phạm quy định về cấp phát, cứu trợ hàng dự trữ quốc gia"
155/2020/nd-cp+118,155/2020/nđ-cp+118,0,Điều 118. Niêm yết trái phiếu doanh nghiệp,Điều 118. Niêm yết trái phiếu doanh nghiệp
155/2020/nd-cp+258,155/2020/nđ-cp+258,0,"Điều 258. Hồ sơ, thủ tục đăng ký chào bán lần đầu, chào bán cổ phiếu để tăng vốn của công ty đầu tư chứng khoán đại chúng","Điều 258. Hồ sơ, thủ tục đăng ký chào bán lần đầu, chào bán cổ phiếu để tăng vốn của công ty đầu tư chứng khoán đại chúng"
09/2014/ttlt-btp-tandtc-vksndtc+24,09/2014/ttlt-btp-tandtc-vksndtc-btc+24,0,Điều 24. Tổ chức thực hiện,Điều 24. Tổ chức thực hiện
102/2017/nð-cp+4,102/2017/nđ-cp+4,0,Điều 4. Các trường hợp đăng ký,Điều 4. Các trường hợp đăng ký
155/2020/nd-cp+40,155/2020/nđ-cp+40,0,Điều 40. Hồ sơ đăng ký chào bán chứng khoán ra công chúng của tổ chức tín dụng được kiểm soát đặc biệt,Điều 40. Hồ sơ đăng ký chào bán chứng khoán ra công chúng của tổ chức tín dụng được kiểm soát đặc biệt
155/2020/nd-cp+137,155/2020/nđ-cp+137,0,Điều 137. Hủy đăng ký giao dịch,Điều 137. Hủy đăng ký giao dịch
19/2019/nđ+4,19/2019/nđ-cp+4,0,Điều 4. Giải thích từ ngữ,Điều 4. Giải thích từ ngữ
102/2017/nð-cp+62,102/2017/nđ-cp+62,0,Điều 62. Thủ tục cung cấp thông tin,Điều 62. Thủ tục cung cấp thông tin
155/2020/nd-cp+74,155/2020/nđ-cp+74,0,Điều 74. Hồ sơ đăng ký phát hành cổ phiếu mới làm cơ sở cho chào bán chứng chỉ lưu ký tại nước ngoài,Điều 74. Hồ sơ đăng ký phát hành cổ phiếu mới làm cơ sở cho chào bán chứng chỉ lưu ký tại nước ngoài
91/2019/nd-cp+22,91/2019/nđ-cp+22,0,"Điều 22. Chuyển nhượng quyền sử dụng đất gắn với chuyển nhượng một phần hoặc toàn bộ dự án đầu tư mà không đủ điều kiện theo quy định tại Điều 42 và Điều 42a của Nghị định số 43/2014/NĐ-CP được sửa đổi, bổ sung tại khoản 26 Điều 2 của Nghị định số 01/2017/NĐ-CP","Điều 22. Chuyển nhượng quyền sử dụng đất gắn với chuyển nhượng một phần hoặc toàn bộ dự án đầu tư mà không đủ điều kiện theo quy định tại Điều 42 và Điều 42a của Nghị định số 43/2014/NĐ-CP được sửa đổi, bổ sung tại khoản 26 Điều 2 của Nghị định số 01/2017/NĐ-CP"
19/2019/nđ+24,19/2019/nđ-cp+24,0,Điều 24. Trách nhiệm của thành viên không góp phần họ,Điều 24. Trách nhiệm của thành viên không góp phần họ
155/2020/nd-cp+198,155/2020/nđ-cp+198,0,"Điều 198. Điều kiện cung cấp dịch vụ cho khách hàng vay tiền mua chứng khoán để thực hiện giao dịch ký quỹ, ứng trước tiền bán chứng khoán","Điều 198. Điều kiện cung cấp dịch vụ cho khách hàng vay tiền mua chứng khoán để thực hiện giao dịch ký quỹ, ứng trước tiền bán chứng khoán"
63/2019/nđ-+31,63/2019/nđ-cp+31,0,"Điều 31. Hành vi vi phạm quy định của pháp luật về thực hành tiết kiệm, chống lãng phí trong sử dụng phương tiện thông tin liên lạc, sử dụng điện, nước, xăng, dầu, sách báo, văn phòng phẩm, tổ chức hội nghị, hội thảo, chi phí tiếp khách, đi công tác trong và ngoài nước bằng kinh phí ngân sách nhà nước; mua sắm trang thiết bị phục vụ hoạt động của cơ sở khám bệnh, chữa bệnh do ngân sách nhà nước cấp nhưng chưa đến mức truy cứu trách nhiệm hình sự","Điều 31. Hành vi vi phạm quy định của pháp luật về thực hành tiết kiệm, chống lãng phí trong sử dụng phương tiện thông tin liên lạc, sử dụng điện, nước, xăng, dầu, sách báo, văn phòng phẩm, tổ chức hội nghị, hội thảo, chi phí tiếp khách, đi công tác trong và ngoài nước bằng kinh phí ngân sách nhà nước; mua sắm trang thiết bị phục vụ hoạt động của cơ sở khám bệnh, chữa bệnh do ngân sách nhà nước cấp nhưng chưa đến mức truy cứu trách nhiệm hình sự"
84/2019/nđ-+13,84/2019/nđ-cp+13,0,"Điều 13. Thẩm quyền cấp, cấp lại, thu hồi Giấy chứng nhận đủ điều kiện sản xuất phân bón, Giấy chứng nhận đủ điều kiện buôn bán phân bón và kiểm tra duy trì điều kiện","Điều 13. Thẩm quyền cấp, cấp lại, thu hồi Giấy chứng nhận đủ điều kiện sản xuất phân bón, Giấy chứng nhận đủ điều kiện buôn bán phân bón và kiểm tra duy trì điều kiện"
155/2020/nd-cp+230,155/2020/nđ-cp+230,0,"Điều 230. Trình tự, thủ tục cấp, cấp lại, điều chỉnh Giấy chứng nhận đăng ký thành lập quỹ","Điều 230. Trình tự, thủ tục cấp, cấp lại, điều chỉnh Giấy chứng nhận đăng ký thành lập quỹ"
63/2019/nđ-+51,63/2019/nđ-cp+51,0,Điều 51. Thẩm quyền xử phạt của Chủ tịch Ủy ban nhân dân,Điều 51. Thẩm quyền xử phạt của Chủ tịch Ủy ban nhân dân
146/2018/nð-cp+42,146/2018/nđ-cp+42,0,Điều 42. Trách nhiệm hướng dẫn thực hiện,Điều 42. Trách nhiệm hướng dẫn thực hiện
24/2020/nd-cp+25,24/2020/nđ-cp+25,0,Điều 25. Trách nhiệm quản lý nhà nước của Ủy ban nhân dân các cấp,Điều 25. Trách nhiệm quản lý nhà nước của Ủy ban nhân dân các cấp
02/2008/qđ-byt+2,11/2004/qđ-bgtvt+2,0,"Điều 2. Quyết định có hiệu lực sau 15 ngày, kể từ ngày đăng Công báo.",Điều 2.
03/2021/tt-bgddt+11,03/2021/tt-bgdđt+11,0,Điều 11. Tổ chức thực hiện,Điều 11. Tổ chức thực hiện
102/2017/nð-cp+37,102/2017/nđ-cp+37,0,Điều 37. Hồ sơ xóa đăng ký biện pháp bảo đảm bằng tàu biển,Điều 37. Hồ sơ xóa đăng ký biện pháp bảo đảm bằng tàu biển
155/2020/nd-cp+109,155/2020/nđ-cp+109,0,Điều 109. Điều kiện niêm yết cổ phiếu,Điều 109. Điều kiện niêm yết cổ phiếu
155/2020/nd-cp+242,155/2020/nđ-cp+242,0,"Điều 242. Hồ sơ đăng ký lập quỹ, thay đổi ngân hàng giám sát, thay đổi tên quỹ, công ty quản lý quỹ đầu tư chứng khoán của quỹ mở","Điều 242. Hồ sơ đăng ký lập quỹ, thay đổi ngân hàng giám sát, thay đổi tên quỹ, công ty quản lý quỹ đầu tư chứng khoán của quỹ mở"
19/2019/nđ+8,19/2019/nđ-cp+8,0,Điều 8. Nội dung văn bản thoả thuận về dây họ,Điều 8. Nội dung văn bản thoả thuận về dây họ
77/2016/ttlt-btc-bkhcn+9,80/2016/ttlt-btc-btttt+9,0,Điều 9. Nguyên tắc hoạt động của Cổng thông tin một cửa quốc gia,Điều 9. Nguyên tắc hoạt động của Cổng thông tin một cửa quốc gia
146/2018/nð-cp+11,146/2018/nđ-cp+11,0,Điều 11. Lập danh sách cấp thẻ bảo hiểm y tế của một số đối tượng,Điều 11. Lập danh sách cấp thẻ bảo hiểm y tế của một số đối tượng
155/2020/nd-cp+215,155/2020/nđ-cp+215,0,Điều 215. Thu hồi chứng chỉ hành nghề chứng khoán,Điều 215. Thu hồi chứng chỉ hành nghề chứng khoán
155/2020/nd-cp+304,155/2020/nđ-cp+304,0,"Điều 304. Tạm ngừng, đình chỉ một phần hoặc toàn bộ hoặc khôi phục hoạt động giao dịch của Sở giao dịch chứng khoán","Điều 304. Tạm ngừng, đình chỉ một phần hoặc toàn bộ hoặc khôi phục hoạt động giao dịch của Sở giao dịch chứng khoán"
63/2019/nđ-+52,63/2019/nđ-cp+52,0,Điều 52. Thẩm quyền xử phạt của Thanh tra,Điều 52. Thẩm quyền xử phạt của Thanh tra
102/2017/nð-cp+20,102/2017/nđ-cp+20,0,Điều 20. Sửa chữa sai sót nội dung biện pháp bảo đảm đã đăng ký do lỗi của cơ quan đăng ký,Điều 20. Sửa chữa sai sót nội dung biện pháp bảo đảm đã đăng ký do lỗi của cơ quan đăng ký
11/2015/tt-bct+2,27/2014/tt-bct+2,0,Điều 2. Đối tượng áp dụng,Điều 2. Đối tượng áp dụng
102/2017/nð-cp+59,102/2017/nđ-cp+59,0,Điều 59. Quyền yêu cầu cung cấp thông tin về biện pháp bảo đảm,Điều 59. Quyền yêu cầu cung cấp thông tin về biện pháp bảo đảm
146/2018/nð-cp+25,146/2018/nđ-cp+25,0,Điều 25. Thanh toán theo định suất,Điều 25. Thanh toán theo định suất
24/2020/nd-cp+12,24/2020/nđ-cp+12,0,"Điều 12. Chi xây dựng, triển khai các sáng kiến, mô hình cộng đồng sức khỏe hạn chế sử dụng rượu, bia","Điều 12. Chi xây dựng, triển khai các sáng kiến, mô hình cộng đồng sức khỏe hạn chế sử dụng rượu, bia"
63/2019/nđ-+42,63/2019/nđ-cp+42,0,Điều 42. Hành vi vi phạm quy định về bảo quản hàng dự trữ quốc gia,Điều 42. Hành vi vi phạm quy định về bảo quản hàng dự trữ quốc gia
02/2019/tt-bvhttdl+10,03/2019/tt-bvhttdl+10,0,Điều 10. Tổ chức thực hiện,Điều 10. Tổ chức thực hiện
02/2019/tt-bvhttdl+10,08/2019/tt-bvhttdl+10,0,Điều 10. Tổ chức thực hiện,Điều 10. Tổ chức thực hiện
03/2019/tt-bvhttdl+10,08/2019/tt-bvhttdl+10,0,Điều 10. Tổ chức thực hiện,Điều 10. Tổ chức thực hiện
91/2019/nd-cp+39,91/2019/nđ-cp+39,0,Điều 39. Thẩm quyền của thanh tra chuyên ngành,Điều 39. Thẩm quyền của thanh tra chuyên ngành
146/2018/nð-cp+22,146/2018/nđ-cp+22,0,"Điều 22. Sửa đổi, bổ sung hợp đồng","Điều 22. Sửa đổi, bổ sung hợp đồng"
155/2020/nd-cp+301,155/2020/nđ-cp+301,0,"Điều 301. Giám sát an ninh, an toàn thị trường chứng khoán","Điều 301. Giám sát an ninh, an toàn thị trường chứng khoán"
09/2014/ttlt-btp-tandtc-vksndtc+8,09/2014/ttlt-btp-tandtc-vksndtc-btc+8,0,Điều 8. Sửa chữa lỗi kỹ thuật vi bằng,Điều 8. Sửa chữa lỗi kỹ thuật vi bằng
155/2020/nd-cp+30,155/2020/nđ-cp+30,0,Điều 30. Điều kiện chào bán chứng khoán ra công chúng của công ty sau quá trình cơ cấu lại doanh nghiệp,Điều 30. Điều kiện chào bán chứng khoán ra công chúng của công ty sau quá trình cơ cấu lại doanh nghiệp
155/2020/nd-cp+277,155/2020/nđ-cp+277,0,Điều 277. Quyền và nghĩa vụ của thành viên Hội đồng quản trị,Điều 277. Quyền và nghĩa vụ của thành viên Hội đồng quản trị
63/2019/nđ-+6,63/2019/nđ-cp+6,0,"Điều 6. Hành vi vi phạm hành chính đối với các quy định về đầu tư, mua sắm tài sản công","Điều 6. Hành vi vi phạm hành chính đối với các quy định về đầu tư, mua sắm tài sản công"
146/2018/nð-cp+31,146/2018/nđ-cp+31,0,Điều 31. Phân bổ và sử dụng quỹ bảo hiểm y tế,Điều 31. Phân bổ và sử dụng quỹ bảo hiểm y tế
146/2018/nð-cp+28,146/2018/nđ-cp+28,0,Điều 28. Hồ sơ đề nghị thanh toán trực tiếp,Điều 28. Hồ sơ đề nghị thanh toán trực tiếp
155/2020/nd-cp+34,155/2020/nđ-cp+34,0,"Điều 34. Điều kiện chào bán chứng khoán ra công chúng của công ty sau chia, tách công ty","Điều 34. Điều kiện chào bán chứng khoán ra công chúng của công ty sau chia, tách công ty"
178/2014/tt-btc+2,280/2016/tt-btc+2,0,Điều 2. Đối tượng áp dụng,Điều 2. Đối tượng áp dụng
84/2019/nđ-+23,84/2019/nđ-cp+23,0,"Điều 23. Nội dung, thời gian tập huấn và thẩm quyền cấp Giấy chứng nhận lấy mẫu phân bón","Điều 23. Nội dung, thời gian tập huấn và thẩm quyền cấp Giấy chứng nhận lấy mẫu phân bón"
155/2020/nd-cp+94,155/2020/nđ-cp+94,0,Điều 94. Tiếp tục chào mua công khai,Điều 94. Tiếp tục chào mua công khai
155/2020/nd-cp+199,155/2020/nđ-cp+199,0,Điều 199. Điều kiện cung cấp dịch vụ cho vay chứng khoán,Điều 199. Điều kiện cung cấp dịch vụ cho vay chứng khoán
24/2020/nd-cp+4,24/2020/nđ-cp+4,0,"Điều 4. Hạn chế hình ảnh diễn viên uống rượu, bia trong tác phẩm điện ảnh, sân khấu, truyền hình","Điều 4. Hạn chế hình ảnh diễn viên uống rượu, bia trong tác phẩm điện ảnh, sân khấu, truyền hình"
24/2020/nd-cp+21,24/2020/nđ-cp+21,0,"Điều 21. Trách nhiệm quản lý nhà nước của Bộ Văn hóa, Thể thao và Du lịch","Điều 21. Trách nhiệm quản lý nhà nước của Bộ Văn hóa, Thể thao và Du lịch"
91/2019/nd-cp+40,91/2019/nđ-cp+40,0,Điều 40. Biên bản và thẩm quyền lập biên bản vi phạm hành chính,Điều 40. Biên bản và thẩm quyền lập biên bản vi phạm hành chính
102/2017/nð-cp+52,102/2017/nđ-cp+52,0,Điều 52. Thủ tục đăng ký biện pháp bảo đảm bằng tài sản là động sản khác; đăng ký thay đổi nội dung biện pháp bảo đảm đã đăng ký; sửa chữa sai sót; xóa đăng ký; đăng ký văn bản thông báo về việc xử lý tài sản thế chấp bằng tài sản là động sản khác,Điều 52. Thủ tục đăng ký biện pháp bảo đảm bằng tài sản là động sản khác; đăng ký thay đổi nội dung biện pháp bảo đảm đã đăng ký; sửa chữa sai sót; xóa đăng ký; đăng ký văn bản thông báo về việc xử lý tài sản thế chấp bằng tài sản là động sản khác
102/2017/nð-cp+27,102/2017/nđ-cp+27,0,Điều 27. Hồ sơ sửa chữa sai sót nội dung biện pháp bảo đảm bằng tàu bay đã đăng ký do lỗi của cơ quan đăng ký,Điều 27. Hồ sơ sửa chữa sai sót nội dung biện pháp bảo đảm bằng tàu bay đã đăng ký do lỗi của cơ quan đăng ký
12/2019/tt-bct+2,21/2019/tt-bct+2,0,Điều 2. Đối tượng áp dụng,Điều 2. Đối tượng áp dụng
146/2018/nð-cp+39,146/2018/nđ-cp+39,0,Điều 39. Điều khoản chuyển tiếp,Điều 39. Điều khoản chuyển tiếp
155/2020/nd-cp+266,155/2020/nđ-cp+266,0,"Điều 266. Hồ sơ đề nghị chấp thuận hợp nhất, sáp nhập công ty đầu tư chứng khoán","Điều 266. Hồ sơ đề nghị chấp thuận hợp nhất, sáp nhập công ty đầu tư chứng khoán"
09/2012/tt-byt+32,15/2013/tt-byt+32,0,Điều 32. Điều khoản tham chiếu,Điều 32. Điều khoản tham chiếu
155/2020/nd-cp+89,155/2020/nđ-cp+89,0,"Điều 89. Trách nhiệm của tổ chức, cá nhân chào mua công khai","Điều 89. Trách nhiệm của tổ chức, cá nhân chào mua công khai"
155/2020/nd-cp+12,155/2020/nđ-cp+12,0,Điều 12. Hồ sơ đăng ký chào bán thêm cổ phiếu ra công chúng của công ty đại chúng,Điều 12. Hồ sơ đăng ký chào bán thêm cổ phiếu ra công chúng của công ty đại chúng
155/2020/nd-cp+273,155/2020/nđ-cp+273,0,Điều 273. Cuộc họp Đại hội đồng cổ đông,Điều 273. Cuộc họp Đại hội đồng cổ đông
91/2019/nd-cp+18,91/2019/nđ-cp+18,0,"Điều 18. Chuyển quyền, cho thuê, thế chấp bằng quyền sử dụng đất khi không đủ điều kiện theo quy định tại khoản 1 Điều 188 của Luật đất đai","Điều 18. Chuyển quyền, cho thuê, thế chấp bằng quyền sử dụng đất khi không đủ điều kiện theo quy định tại khoản 1 Điều 188 của Luật đất đai"
91/2019/nd-cp+34,91/2019/nđ-cp+34,0,"Điều 34. Vi phạm quy định về quản lý chỉ giới sử dụng đất, mốc địa giới hành chính","Điều 34. Vi phạm quy định về quản lý chỉ giới sử dụng đất, mốc địa giới hành chính"
155/2020/nd-cp+92,155/2020/nđ-cp+92,0,Điều 92. Rút lại đề nghị chào mua công khai,Điều 92. Rút lại đề nghị chào mua công khai
155/2020/nd-cp+154,155/2020/nđ-cp+154,0,"Điều 154. Trình tự, thủ tục chấm dứt hoạt động cung cấp dịch vụ bù trừ, thanh toán giao dịch chứng khoán bắt buộc","Điều 154. Trình tự, thủ tục chấm dứt hoạt động cung cấp dịch vụ bù trừ, thanh toán giao dịch chứng khoán bắt buộc"
155/2020/nd-cp+210,155/2020/nđ-cp+210,0,"Điều 210. Hồ sơ, thủ tục thu hồi Giấy phép thành lập và hoạt động kinh doanh chứng khoán và tất toán tài sản của khách hàng của công ty chứng khoán, chi nhánh công ty chứng khoán nước ngoài tại Việt Nam","Điều 210. Hồ sơ, thủ tục thu hồi Giấy phép thành lập và hoạt động kinh doanh chứng khoán và tất toán tài sản của khách hàng của công ty chứng khoán, chi nhánh công ty chứng khoán nước ngoài tại Việt Nam"
155/2020/nd-cp+237,155/2020/nđ-cp+237,0,"Điều 237. Hồ sơ thay đổi thời hạn hoạt động, thay đổi ngân hàng giám sát, thay đổi tên quỹ, công ty quản lý quỹ đầu tư chứng khoán của quỹ đóng","Điều 237. Hồ sơ thay đổi thời hạn hoạt động, thay đổi ngân hàng giám sát, thay đổi tên quỹ, công ty quản lý quỹ đầu tư chứng khoán của quỹ đóng"
155/2020/nd-cp+206,155/2020/nđ-cp+206,0,"Điều 206. Điều kiện tổ chức lại công ty chứng khoán, công ty quản lý quỹ đầu tư chứng khoán","Điều 206. Điều kiện tổ chức lại công ty chứng khoán, công ty quản lý quỹ đầu tư chứng khoán"
91/2019/nd-cp+27,91/2019/nđ-cp+27,0,Điều 27. Chuyển quyền và nhận chuyển quyền đối với cơ sở tôn giáo không đúng quy định của Luật Đất đai,Điều 27. Chuyển quyền và nhận chuyển quyền đối với cơ sở tôn giáo không đúng quy định của Luật Đất đai
155/2020/nd-cp+10,155/2020/nđ-cp+10,0,Điều 10. Hình thức chào bán chứng khoán ra công chúng,Điều 10. Hình thức chào bán chứng khoán ra công chúng
155/2020/nd-cp+270,155/2020/nđ-cp+270,0,Điều 270. Điều lệ công ty và Quy chế nội bộ về quản trị công ty,Điều 270. Điều lệ công ty và Quy chế nội bộ về quản trị công ty
146/2018/nð-cp+26,146/2018/nđ-cp+26,0,Điều 26. Thanh toán chi phí vận chuyển người bệnh,Điều 26. Thanh toán chi phí vận chuyển người bệnh
24/2020/nd-cp+10,24/2020/nđ-cp+10,0,"Điều 10. Nội dung chi, mức chi các hoạt động tư vấn cai nghiện rượu, bia","Điều 10. Nội dung chi, mức chi các hoạt động tư vấn cai nghiện rượu, bia"
102/2017/nð-cp+44,102/2017/nđ-cp+44,0,"Điều 44. Hồ sơ sửa chữa sai sót nội dung biện pháp bảo đảm bằng quyền sử dụng đất, tài sản gắn liền với đất đã đăng ký do lỗi của cơ quan đăng ký","Điều 44. Hồ sơ sửa chữa sai sót nội dung biện pháp bảo đảm bằng quyền sử dụng đất, tài sản gắn liền với đất đã đăng ký do lỗi của cơ quan đăng ký"
102/2017/nð-cp+45,102/2017/nđ-cp+45,0,"Điều 45. Hồ sơ đăng ký văn bản thông báo về việc xử lý tài sản thế chấp bằng quyền sử dụng đất, tài sản gắn liền với đất","Điều 45. Hồ sơ đăng ký văn bản thông báo về việc xử lý tài sản thế chấp bằng quyền sử dụng đất, tài sản gắn liền với đất"
102/2017/nð-cp+47,102/2017/nđ-cp+47,0,"Điều 47. Hồ sơ xóa đăng ký biện pháp bảo đảm bằng quyền sử dụng đất, tài sản gắn liền với đất","Điều 47. Hồ sơ xóa đăng ký biện pháp bảo đảm bằng quyền sử dụng đất, tài sản gắn liền với đất"
145/2017/tt-bqp+1,79/2019/tt-bqp+1,0,Điều 1. Phạm vi điều chỉnh,Điều 1. Phạm vi điều chỉnh
146/2018/nð-cp+30,146/2018/nđ-cp+30,0,Điều 30. Mức thanh toán trực tiếp,Điều 30. Mức thanh toán trực tiếp
155/2020/nd-cp+246,155/2020/nđ-cp+246,0,Điều 246. Giải thể quỹ mở,Điều 246. Giải thể quỹ mở
155/2020/nd-cp+296,155/2020/nđ-cp+296,0,Điều 296. Báo cáo và công bố thông tin về mô hình tổ chức quản lý và hoạt động công ty,Điều 296. Báo cáo và công bố thông tin về mô hình tổ chức quản lý và hoạt động công ty
155/2020/nd-cp+143,155/2020/nđ-cp+143,0,"Điều 143. Nghĩa vụ của tổ chức kinh tế có vốn đầu tư nước ngoài khi đầu tư, giao dịch trên thị trường chứng khoán","Điều 143. Nghĩa vụ của tổ chức kinh tế có vốn đầu tư nước ngoài khi đầu tư, giao dịch trên thị trường chứng khoán"
155/2020/nd-cp+183,155/2020/nđ-cp+183,0,"Điều 183. Hồ sơ đề nghị thay đổi tên, địa chỉ trụ sở chính, vốn cấp cho chi nhánh, giám đốc chi nhánh, trưởng văn phòng đại diện công ty chứng khoán, công ty quản lý quỹ nước ngoài tại Việt Nam","Điều 183. Hồ sơ đề nghị thay đổi tên, địa chỉ trụ sở chính, vốn cấp cho chi nhánh, giám đốc chi nhánh, trưởng văn phòng đại diện công ty chứng khoán, công ty quản lý quỹ nước ngoài tại Việt Nam"
155/2020/nd-cp+202,155/2020/nđ-cp+202,0,Điều 202. Chào bán sản phẩm tài chính,Điều 202. Chào bán sản phẩm tài chính
155/2020/nd-cp+288,155/2020/nđ-cp+288,0,Điều 288. Quyền và nghĩa vụ của Ban kiểm soát,Điều 288. Quyền và nghĩa vụ của Ban kiểm soát
155/2020/nd-cp+309,155/2020/nđ-cp+309,0,Điều 309. Hiệu lực thi hành,Điều 309. Hiệu lực thi hành
160/2018/nđ-cp+17,66/2014/nđ-cp+17,0,Điều 17. Lưu trú đối với người nước ngoài tham gia hoạt động ứng phó và khắc phục hậu quả thiên tai tại Việt Nam,Điều 17. Lưu trú đối với người nước ngoài tham gia hoạt động ứng phó và khắc phục hậu quả thiên tai tại Việt Nam
63/2019/nđ-+20,63/2019/nđ-cp+20,0,Điều 20. Hành vi vi phạm hành chính đối với các quy định về xử lý tài sản của các dự án khi dự án kết thúc hoặc không còn nhu cầu sử dụng,Điều 20. Hành vi vi phạm hành chính đối với các quy định về xử lý tài sản của các dự án khi dự án kết thúc hoặc không còn nhu cầu sử dụng
155/2020/nd-cp+56,155/2020/nđ-cp+56,0,"Điều 56. Hồ sơ đăng ký phát hành cổ phiếu để hoán đổi theo hợp đồng hợp nhất, sáp nhập","Điều 56. Hồ sơ đăng ký phát hành cổ phiếu để hoán đổi theo hợp đồng hợp nhất, sáp nhập"
155/2020/nd-cp+106,155/2020/nđ-cp+106,0,"Điều 106. Hủy bỏ bắt buộc tư cách thành viên giao dịch, thành viên giao dịch đặc biệt","Điều 106. Hủy bỏ bắt buộc tư cách thành viên giao dịch, thành viên giao dịch đặc biệt"
84/2019/nđ-+11,84/2019/nđ-cp+11,0,Điều 11. Thu hồi Quyết định công nhận tổ chức khảo nghiệm phân bón,Điều 11. Thu hồi Quyết định công nhận tổ chức khảo nghiệm phân bón
155/2020/nd-cp+127,155/2020/nđ-cp+127,0,"Điều 127. Đăng ký niêm yết, giao dịch chứng khoán tại Sở giao dịch chứng khoán nước ngoài","Điều 127. Đăng ký niêm yết, giao dịch chứng khoán tại Sở giao dịch chứng khoán nước ngoài"
155/2020/nd-cp+166,155/2020/nđ-cp+166,0,Điều 166. Quy định chung về ngân hàng thanh toán,Điều 166. Quy định chung về ngân hàng thanh toán
84/2019/nđ-+8,84/2019/nđ-cp+8,0,"Điều 8. Trình tự, thủ tục và thẩm quyền hủy bỏ Quyết định công nhận phân bón lưu hành tại Việt Nam","Điều 8. Trình tự, thủ tục và thẩm quyền hủy bỏ Quyết định công nhận phân bón lưu hành tại Việt Nam"
155/2020/nd-cp+217,155/2020/nđ-cp+217,0,"Điều 217. Tên của quỹ đầu tư chứng khoán, công ty đầu tư chứng khoán","Điều 217. Tên của quỹ đầu tư chứng khoán, công ty đầu tư chứng khoán"
155/2020/nd-cp+194,155/2020/nđ-cp+194,0,"Điều 194. Hồ sơ đề nghị rút nghiệp vụ, đóng cửa chi nhánh, phòng giao dịch, văn phòng đại diện trong nước của công ty chứng khoán, công ty quản lý quỹ đầu tư chứng khoán","Điều 194. Hồ sơ đề nghị rút nghiệp vụ, đóng cửa chi nhánh, phòng giao dịch, văn phòng đại diện trong nước của công ty chứng khoán, công ty quản lý quỹ đầu tư chứng khoán"
155/2020/nd-cp+278,155/2020/nđ-cp+278,0,Điều 278. Trách nhiệm và nghĩa vụ của Hội đồng quản trị,Điều 278. Trách nhiệm và nghĩa vụ của Hội đồng quản trị
155/2020/nd-cp+26,155/2020/nđ-cp+26,0,Điều 26. Điều kiện chào bán trái phiếu ra công chúng bằng đồng Việt Nam của tổ chức tài chính quốc tế,Điều 26. Điều kiện chào bán trái phiếu ra công chúng bằng đồng Việt Nam của tổ chức tài chính quốc tế
155/2020/nd-cp+203,155/2020/nđ-cp+203,0,Điều 203. Hồ sơ đề nghị chấp thuận cung cấp dịch vụ công ty chứng khoán,Điều 203. Hồ sơ đề nghị chấp thuận cung cấp dịch vụ công ty chứng khoán
155/2020/nd-cp+238,155/2020/nđ-cp+238,0,"Điều 238. Hợp nhất, sáp nhập quỹ đóng","Điều 238. Hợp nhất, sáp nhập quỹ đóng"
155/2020/nd-cp+62,155/2020/nđ-cp+62,0,Điều 62. Điều kiện công ty đại chúng phát hành cổ phiếu để tăng vốn cổ phần từ nguồn vốn chủ sở hữu,Điều 62. Điều kiện công ty đại chúng phát hành cổ phiếu để tăng vốn cổ phần từ nguồn vốn chủ sở hữu
155/2020/nd-cp+75,155/2020/nđ-cp+75,0,Điều 75. Điều kiện đăng ký hỗ trợ phát hành chứng chỉ lưu ký tại nước ngoài trên cơ sở số cổ phiếu đang lưu hành tại Việt Nam,Điều 75. Điều kiện đăng ký hỗ trợ phát hành chứng chỉ lưu ký tại nước ngoài trên cơ sở số cổ phiếu đang lưu hành tại Việt Nam
155/2020/nd-cp+175,155/2020/nđ-cp+175,0,Điều 175. Vốn điều lệ tối thiểu,Điều 175. Vốn điều lệ tối thiểu
155/2020/nd-cp+209,155/2020/nđ-cp+209,0,"Điều 209. Thủ tục chấp thuận tạm ngừng hoạt động công ty chứng khoán, công ty quản lý quỹ đầu tư chứng khoán, chi nhánh công ty chứng khoán, công ty quản lý quỹ nước ngoài tại Việt Nam","Điều 209. Thủ tục chấp thuận tạm ngừng hoạt động công ty chứng khoán, công ty quản lý quỹ đầu tư chứng khoán, chi nhánh công ty chứng khoán, công ty quản lý quỹ nước ngoài tại Việt Nam"
84/2019/nđ-+7,84/2019/nđ-cp+7,0,"Điều 7. Hồ sơ, trình tự gia hạn Quyết định công nhận phân bón lưu hành tại Việt Nam","Điều 7. Hồ sơ, trình tự gia hạn Quyết định công nhận phân bón lưu hành tại Việt Nam"
102/2017/nð-cp+23,102/2017/nđ-cp+23,0,Điều 23. Đăng ký biện pháp bảo đảm trong trường hợp bổ sung nghĩa vụ được bảo đảm,Điều 23. Đăng ký biện pháp bảo đảm trong trường hợp bổ sung nghĩa vụ được bảo đảm
155/2020/nd-cp+104,155/2020/nđ-cp+104,0,"Điều 104. Trình tự, thủ tục tự nguyện hủy bỏ tư cách thành viên giao dịch, thành viên giao dịch đặc biệt, Kho bạc Nhà nước tự nguyện hủy bỏ tham gia giao dịch công cụ nợ","Điều 104. Trình tự, thủ tục tự nguyện hủy bỏ tư cách thành viên giao dịch, thành viên giao dịch đặc biệt, Kho bạc Nhà nước tự nguyện hủy bỏ tham gia giao dịch công cụ nợ"
155/2020/nd-cp+103,155/2020/nđ-cp+103,0,"Điều 103. Tự nguyện hủy bỏ tư cách thành viên giao dịch, thành viên giao dịch đặc biệt, Kho bạc Nhà nước tự nguyện hủy bỏ tham gia giao dịch công cụ nợ","Điều 103. Tự nguyện hủy bỏ tư cách thành viên giao dịch, thành viên giao dịch đặc biệt, Kho bạc Nhà nước tự nguyện hủy bỏ tham gia giao dịch công cụ nợ"
63/2019/nđ-+22,63/2019/nđ-cp+22,0,Điều 22. Hành vi vi phạm quy định về xử lý tài sản được xác lập quyền sở hữu toàn dân,Điều 22. Hành vi vi phạm quy định về xử lý tài sản được xác lập quyền sở hữu toàn dân
155/2020/nd-cp+28,155/2020/nđ-cp+28,0,Điều 28. Điều kiện chào bán chứng khoán ra công chúng cho nhiều đợt chào bán,Điều 28. Điều kiện chào bán chứng khoán ra công chúng cho nhiều đợt chào bán
155/2020/nd-cp+84,155/2020/nđ-cp+84,0,Điều 84. Thông qua việc không phải thực hiện chào mua công khai,Điều 84. Thông qua việc không phải thực hiện chào mua công khai
09/2014/ttlt-btp-tandtc-vksndtc+3,09/2014/ttlt-btp-tandtc-vksndtc-btc+3,0,Điều 3. Các loại văn bản Thừa phát lại được tống đạt,Điều 3. Các loại văn bản Thừa phát lại được tống đạt
155/2020/nd-cp+204,155/2020/nđ-cp+204,0,Điều 204. Chấm dứt hoạt động cung cấp dịch vụ,Điều 204. Chấm dứt hoạt động cung cấp dịch vụ
02/2008/qđ-bgdđt+2,19/2007/qđ-btnmt+2,0,Điều 2.,Điều 2.
102/2017/nð-cp+54,102/2017/nđ-cp+54,0,Điều 54. Tài khoản đăng ký trực tuyến,Điều 54. Tài khoản đăng ký trực tuyến
91/2019/nd-cp+42,91/2019/nđ-cp+42,0,Điều 42. Điều khoản chuyển tiếp,Điều 42. Điều khoản chuyển tiếp
09/2014/ttlt-btp-tandtc-vksndtc+9,09/2014/ttlt-btp-tandtc-vksndtc-btc+9,0,Điều 9. Xác minh điều kiện thi hành án,Điều 9. Xác minh điều kiện thi hành án
09/2014/ttlt-btp-tandtc-vksndtc+1,09/2014/ttlt-btp-tandtc-vksndtc-btc+1,0,Điều 1. Phạm vi điều chỉnh,Điều 1. Phạm vi điều chỉnh
129/2015/nđ-cp+2,70/2019/nđ-cp+2,0,Điều 2. Đối tượng áp dụng,Điều 2. Đối tượng áp dụng
63/2019/nđ-+56,63/2019/nđ-cp+56,0,"Điều 56. Hành vi lập hồ sơ, chứng từ giả mạo để chi ngân sách nhà nước nhưng chưa đến mức truy cứu trách nhiệm hình sự","Điều 56. Hành vi lập hồ sơ, chứng từ giả mạo để chi ngân sách nhà nước nhưng chưa đến mức truy cứu trách nhiệm hình sự"
84/2019/nđ-+27,84/2019/nđ-cp+27,0,Điều 27. Quy định chuyển tiếp,Điều 27. Quy định chuyển tiếp
91/2019/nd-cp+29,91/2019/nđ-cp+29,0,Điều 29. Nhận chuyển quyền sử dụng đất nông nghiệp vượt hạn mức quy định tại Điều 130 của Luật đất đai và Điều 44 của Nghị định số 43/2014/NĐ-CP,Điều 29. Nhận chuyển quyền sử dụng đất nông nghiệp vượt hạn mức quy định tại Điều 130 của Luật đất đai và Điều 44 của Nghị định số 43/2014/NĐ-CP
102/2017/nð-cp+53,102/2017/nđ-cp+53,0,Điều 53. Yêu cầu đăng ký trực tuyến,Điều 53. Yêu cầu đăng ký trực tuyến
155/2020/nd-cp+25,155/2020/nđ-cp+25,0,Điều 25. Hồ sơ đăng ký chào bán trái phiếu có bảo đảm ra công chúng,Điều 25. Hồ sơ đăng ký chào bán trái phiếu có bảo đảm ra công chúng
102/2017/nð-cp+30,102/2017/nđ-cp+30,0,"Điều 30. Thủ tục đăng ký biện pháp bảo đảm bằng tàu bay; đăng ký thay đổi nội dung biện pháp bảo đảm đã đăng ký; sửa chữa sai sót; xóa đăng ký; đăng ký văn bản thông báo về việc xử lý tài sản cầm cố tàu bay, thế chấp tàu bay","Điều 30. Thủ tục đăng ký biện pháp bảo đảm bằng tàu bay; đăng ký thay đổi nội dung biện pháp bảo đảm đã đăng ký; sửa chữa sai sót; xóa đăng ký; đăng ký văn bản thông báo về việc xử lý tài sản cầm cố tàu bay, thế chấp tàu bay"
102/2017/nð-cp+55,102/2017/nđ-cp+55,0,Điều 55. Hoạt động của hệ thống đăng ký trực tuyến,Điều 55. Hoạt động của hệ thống đăng ký trực tuyến
102/2017/nð-cp+39,102/2017/nđ-cp+39,0,"Điều 39. Hồ sơ đăng ký thế chấp quyền sử dụng đất, tài sản gắn liền với đất","Điều 39. Hồ sơ đăng ký thế chấp quyền sử dụng đất, tài sản gắn liền với đất"
1338/2004/qđ-byt+3,26/2008/qđ-byt+3,0,Điều 3. Quyết định này có hiệu lực sau 15 ngày kể từ ngày đăng công báo.,Điều 3.
1338/2004/qđ-byt+3,30/2004/qđ-bgtvt+3,0,Điều 3. Quyết định này có hiệu lực sau 15 ngày kể từ ngày đăng công báo.,"Điều 3: Quyết định này có hiệu lực sau 15 ngày, kể từ ngày đăng Công Báo."
155/2020/nd-cp+98,155/2020/nđ-cp+98,0,Điều 98. Hồ sơ đăng ký thành viên giao dịch,Điều 98. Hồ sơ đăng ký thành viên giao dịch
26/2008/qđ-byt+3,30/2004/qđ-bgtvt+3,0,Điều 3.,"Điều 3: Quyết định này có hiệu lực sau 15 ngày, kể từ ngày đăng Công Báo."
91/2019/nd-cp+12,91/2019/nđ-cp+12,0,"Điều 12. Sử dụng đất trong nhóm đất phi nông nghiệp vào mục đích khác không được cơ quan nhà nước có thẩm quyền cho phép theo quy định tại các điểm đ, e và g khoản 1 Điều 57 của Luật đất đai","Điều 12. Sử dụng đất trong nhóm đất phi nông nghiệp vào mục đích khác không được cơ quan nhà nước có thẩm quyền cho phép theo quy định tại các điểm đ, e và g khoản 1 Điều 57 của Luật đất đai"
141/2017/nđ-cp+1,157/2018/nđ-cp+1,0,Điều 1. Phạm vi điều chỉnh,Điều 1. Phạm vi điều chỉnh
141/2017/nđ-cp+1,90/2019/nđ-cp+1,0,Điều 1. Phạm vi điều chỉnh,Điều 1. Phạm vi điều chỉnh
155/2020/nd-cp+85,155/2020/nđ-cp+85,0,Điều 85. Hồ sơ đăng ký chào mua công khai,Điều 85. Hồ sơ đăng ký chào mua công khai
157/2018/nđ-cp+1,90/2019/nđ-cp+1,0,Điều 1. Phạm vi điều chỉnh,Điều 1. Phạm vi điều chỉnh
19/2019/nđ+7,19/2019/nđ-cp+7,0,Điều 7. Hình thức thoả thuận về dây họ,Điều 7. Hình thức thoả thuận về dây họ
155/2020/nd-cp+38,155/2020/nđ-cp+38,0,Điều 38. Hồ sơ đăng ký chào bán trái phiếu ra công chúng tại Việt Nam của doanh nghiệp thành lập và hoạt động theo pháp luật nước ngoài,Điều 38. Hồ sơ đăng ký chào bán trái phiếu ra công chúng tại Việt Nam của doanh nghiệp thành lập và hoạt động theo pháp luật nước ngoài
09/2014/ttlt-btp-tandtc-vksndtc+2,09/2014/ttlt-btp-tandtc-vksndtc-btc+2,0,Điều 2. Đối tượng áp dụng,Điều 2. Đối tượng áp dụng
09/2014/ttlt-btp-tandtc-vksndtc+15,09/2014/ttlt-btp-tandtc-vksndtc-btc+15,0,Điều 15. Lập dự toán kinh phí tống đạt,Điều 15. Lập dự toán kinh phí tống đạt
155/2020/nd-cp+197,155/2020/nđ-cp+197,0,"Điều 197. Hồ sơ đề nghị thay đổi tên, địa điểm chi nhánh, văn phòng đại diện, phòng giao dịch, giám đốc chi nhánh của công ty chứng khoán, công ty quản lý quỹ đầu tư chứng khoán","Điều 197. Hồ sơ đề nghị thay đổi tên, địa điểm chi nhánh, văn phòng đại diện, phòng giao dịch, giám đốc chi nhánh của công ty chứng khoán, công ty quản lý quỹ đầu tư chứng khoán"
91/2019/nd-cp+23,91/2019/nđ-cp+23,0,"Điều 23. Bán, mua tài sản gắn liền với đất được Nhà nước cho thuê thu tiền thuê đất hàng năm mà không đủ điều kiện theo quy định tại Điều 189 của Luật đất đai","Điều 23. Bán, mua tài sản gắn liền với đất được Nhà nước cho thuê thu tiền thuê đất hàng năm mà không đủ điều kiện theo quy định tại Điều 189 của Luật đất đai"
155/2020/nd-cp+111,155/2020/nđ-cp+111,0,Điều 111. Thủ tục đăng ký niêm yết,Điều 111. Thủ tục đăng ký niêm yết
155/2020/nd-cp+245,155/2020/nđ-cp+245,0,"Điều 245. Trình tự, thủ tục cấp, cấp lại, điều chỉnh Giấy chứng nhận đăng ký thành lập quỹ mở","Điều 245. Trình tự, thủ tục cấp, cấp lại, điều chỉnh Giấy chứng nhận đăng ký thành lập quỹ mở"
155/2020/nd-cp+255,155/2020/nđ-cp+255,0,"Điều 255. Trình tự, thủ tục cấp, cấp lại, điều chỉnh Giấy chứng nhận đăng ký lập quỹ hoán đổi danh mục","Điều 255. Trình tự, thủ tục cấp, cấp lại, điều chỉnh Giấy chứng nhận đăng ký lập quỹ hoán đổi danh mục"
91/2019/nd-cp+2,91/2019/nđ-cp+2,0,Điều 2. Đối tượng áp dụng,Điều 2. Đối tượng áp dụng
84/2019/nđ-+17,84/2019/nđ-cp+17,0,"Điều 17. Trình tự cấp, cấp lại Giấy chứng nhận đủ điều kiện sản xuất phân bón, Giấy chứng nhận đủ điều kiện buôn bán phân bón","Điều 17. Trình tự cấp, cấp lại Giấy chứng nhận đủ điều kiện sản xuất phân bón, Giấy chứng nhận đủ điều kiện buôn bán phân bón"
146/2018/nð-cp+18,146/2018/nđ-cp+18,0,"Điều 18. Ký hợp đồng khám bệnh, chữa bệnh bảo hiểm y tế","Điều 18. Ký hợp đồng khám bệnh, chữa bệnh bảo hiểm y tế"
155/2020/nd-cp+299,155/2020/nđ-cp+299,0,"Điều 299. Trách nhiệm về báo cáo và công bố thông tin của thành viên Hội đồng quản trị, thành viên Ban kiểm soát, Tổng giám đốc (Giám đốc)","Điều 299. Trách nhiệm về báo cáo và công bố thông tin của thành viên Hội đồng quản trị, thành viên Ban kiểm soát, Tổng giám đốc (Giám đốc)"
91/2019/nd-cp+7,91/2019/nđ-cp+7,0,Điều 7. Việc xác định số lợi bất hợp pháp,Điều 7. Việc xác định số lợi bất hợp pháp
91/2019/nd-cp+20,91/2019/nđ-cp+20,0,"Điều 20. Người sử dụng đất được nhà nước cho thuê đất trả tiền thuê đất hàng năm để đầu tư xây dựng hạ tầng khu công nghiệp, cụm công nghiệp, khu chế xuất, để cho thuê lại đất, nhưng đã cho thuê lại đất theo hình thức trả tiền thuê đất một lần kể từ ngày Luật đất đai năm 2013 có hiệu lực","Điều 20. Người sử dụng đất được nhà nước cho thuê đất trả tiền thuê đất hàng năm để đầu tư xây dựng hạ tầng khu công nghiệp, cụm công nghiệp, khu chế xuất, để cho thuê lại đất, nhưng đã cho thuê lại đất theo hình thức trả tiền thuê đất một lần kể từ ngày Luật đất đai năm 2013 có hiệu lực"
01/2014/nđ-cp+2,38/2014/tt-nhnn+2,0,Điều 2. Đối tượng áp dụng,Điều 2. Đối tượng áp dụng
155/2020/nd-cp+83,155/2020/nđ-cp+83,0,Điều 83. Các trường hợp chào mua công khai,Điều 83. Các trường hợp chào mua công khai
24/2020/nd-cp+19,24/2020/nđ-cp+19,0,Điều 19. Trách nhiệm quản lý nhà nước của Bộ Giáo dục và Đào tạo,Điều 19. Trách nhiệm quản lý nhà nước của Bộ Giáo dục và Đào tạo
03/2017/tt-blđtbxh+2,12/2017/tt-blđtbxh+2,0,Điều 2. Đối tượng áp dụng,Điều 2. Đối tượng áp dụng
155/2020/nd-cp+122,155/2020/nđ-cp+122,0,Điều 122. Đăng ký niêm yết lại,Điều 122. Đăng ký niêm yết lại
155/2020/nd-cp+284,155/2020/nđ-cp+284,0,Điều 284. Báo cáo hoạt động của thành viên Hội đồng quản trị độc lập trong Ủy ban kiểm toán tại cuộc họp Đại hội đồng cổ đồng thường niên,Điều 284. Báo cáo hoạt động của thành viên Hội đồng quản trị độc lập trong Ủy ban kiểm toán tại cuộc họp Đại hội đồng cổ đồng thường niên
84/2019/nđ-+2,84/2019/nđ-cp+2,0,Điều 2. Giải thích từ ngữ,Điều 2. Giải thích từ ngữ
155/2020/nd-cp+93,155/2020/nđ-cp+93,0,Điều 93. Giao dịch chào mua công khai,Điều 93. Giao dịch chào mua công khai
155/2020/nd-cp+216,155/2020/nđ-cp+216,0,"Điều 216. Quản lý, giám sát người được cấp chứng chỉ hành nghề chứng khoán và tổ chức sử dụng người hành nghề chứng khoán","Điều 216. Quản lý, giám sát người được cấp chứng chỉ hành nghề chứng khoán và tổ chức sử dụng người hành nghề chứng khoán"
19/2019/nđ+21,19/2019/nđ-cp+21,0,Điều 21. Lãi suất trong họ có lãi,Điều 21. Lãi suất trong họ có lãi
146/2018/nð-cp+4,146/2018/nđ-cp+4,0,Điều 4. Nhóm được ngân sách nhà nước hỗ trợ mức đóng,Điều 4. Nhóm được ngân sách nhà nước hỗ trợ mức đóng
155/2020/nd-cp+101,155/2020/nđ-cp+101,0,"Điều 101. Trình tự, thủ tục đăng ký thành viên giao dịch, thành viên giao dịch đặc biệt, Kho bạc Nhà nước tham gia giao dịch công cụ nợ","Điều 101. Trình tự, thủ tục đăng ký thành viên giao dịch, thành viên giao dịch đặc biệt, Kho bạc Nhà nước tham gia giao dịch công cụ nợ"
19/2019/nđ+15,19/2019/nđ-cp+15,0,Điều 15. Quyền của thành viên,Điều 15. Quyền của thành viên
146/2018/nð-cp+12,146/2018/nđ-cp+12,0,Điều 12. Thẻ bảo hiểm y tế,Điều 12. Thẻ bảo hiểm y tế
155/2020/nd-cp+200,155/2020/nđ-cp+200,0,"Điều 200. Điều kiện công ty chứng khoán được phối hợp với các tổ chức tín dụng cung cấp dịch vụ cho khách hàng vay tiền mua chứng khoán, ứng trước tiền bán chứng khoán","Điều 200. Điều kiện công ty chứng khoán được phối hợp với các tổ chức tín dụng cung cấp dịch vụ cho khách hàng vay tiền mua chứng khoán, ứng trước tiền bán chứng khoán"
102/2017/nð-cp+41,102/2017/nđ-cp+41,0,Điều 41. Hồ sơ đăng ký thế chấp tài sản gắn liền với đất không phải là nhà ở mà tài sản đó đã hình thành nhưng chưa được chứng nhận quyền sở hữu trên Giấy chứng nhận:,Điều 41. Hồ sơ đăng ký thế chấp tài sản gắn liền với đất không phải là nhà ở mà tài sản đó đã hình thành nhưng chưa được chứng nhận quyền sở hữu trên Giấy chứng nhận:
155/2020/nd-cp+251,155/2020/nđ-cp+251,0,Điều 251. Điều kiện trở thành thành viên lập quỹ,Điều 251. Điều kiện trở thành thành viên lập quỹ
136/2013/tt-btc+5,36/2019/tt-btc+5,0,Điều 5. Giá trị tham gia dự thưởng,Điều 5. Giá trị tham gia dự thưởng
155/2020/nd-cp+33,155/2020/nđ-cp+33,0,Điều 33. Hồ sơ đăng ký chào bán chứng khoán ra công chúng của công ty hình thành sau hợp nhất công ty không thuộc trường hợp cơ cấu lại doanh nghiệp,Điều 33. Hồ sơ đăng ký chào bán chứng khoán ra công chúng của công ty hình thành sau hợp nhất công ty không thuộc trường hợp cơ cấu lại doanh nghiệp
12/2019/tt-bct+17,21/2019/tt-bct+17,0,Điều 17. Kiểm tra trước khi xuất khẩu,Điều 17. Kiểm tra trước khi xuất khẩu
155/2020/nd-cp+123,155/2020/nđ-cp+123,0,Điều 123. Điều kiện niêm yết chứng khoán của tổ chức phát hành nước ngoài,Điều 123. Điều kiện niêm yết chứng khoán của tổ chức phát hành nước ngoài
155/2020/nd-cp+235,155/2020/nđ-cp+235,0,Điều 235. Hồ sơ đăng ký lập quỹ đóng,Điều 235. Hồ sơ đăng ký lập quỹ đóng
63/2019/nđ-+55,63/2019/nđ-cp+55,0,"Điều 55. Hành vi lập hồ sơ, chứng từ sai chế độ quy định và hành vi lập hồ sơ, chứng từ sai so với hồ sơ, chứng từ gốc tại đơn vị nhưng chưa đến mức truy cứu trách nhiệm hình sự","Điều 55. Hành vi lập hồ sơ, chứng từ sai chế độ quy định và hành vi lập hồ sơ, chứng từ sai so với hồ sơ, chứng từ gốc tại đơn vị nhưng chưa đến mức truy cứu trách nhiệm hình sự"
155/2020/nd-cp+214,155/2020/nđ-cp+214,0,Điều 214. Cấp lại chứng chỉ hành nghề chứng khoán,Điều 214. Cấp lại chứng chỉ hành nghề chứng khoán
155/2020/nd-cp+248,155/2020/nđ-cp+248,0,Điều 248. Điều kiện chào bán chứng chỉ quỹ bất động sản ra công chúng,Điều 248. Điều kiện chào bán chứng chỉ quỹ bất động sản ra công chúng
24/2020/nd-cp+8,24/2020/nđ-cp+8,0,"Điều 8. Nội dung chi, mức chi cho các hoạt động thông tin, giáo dục, truyền thông về phòng, chống tác hại của rượu, bia tại cộng đồng, cơ quan, tổ chức","Điều 8. Nội dung chi, mức chi cho các hoạt động thông tin, giáo dục, truyền thông về phòng, chống tác hại của rượu, bia tại cộng đồng, cơ quan, tổ chức"
155/2020/nd-cp+48,155/2020/nđ-cp+48,0,"Điều 48. Trình tự, thủ tục chào bán cổ phiếu riêng lẻ","Điều 48. Trình tự, thủ tục chào bán cổ phiếu riêng lẻ"
111/2016/nđ-cp+12,111/2016/nđ-cp+7,0,"Điều 12. Điều kiện về an toàn, vệ sinh lao động, phòng, chống cháy, nổ","Điều 7. Điều kiện về an toàn, vệ sinh lao động, phòng, chống cháy, nổ"
155/2020/nd-cp+271,155/2020/nđ-cp+271,0,Điều 271. Quyền và nghĩa vụ của cổ đông,Điều 271. Quyền và nghĩa vụ của cổ đông
91/2019/nd-cp+5,91/2019/nđ-cp+5,0,"Điều 5. Hình thức xử phạt, biện pháp khắc phục hậu quả","Điều 5. Hình thức xử phạt, biện pháp khắc phục hậu quả"
84/2019/nđ-+24,84/2019/nđ-cp+24,0,"Điều 24. Hồ sơ, trình tự, thủ tục, thẩm quyền xác nhận nội dung quảng cáo phân bón","Điều 24. Hồ sơ, trình tự, thủ tục, thẩm quyền xác nhận nội dung quảng cáo phân bón"
91/2019/nd-cp+35,91/2019/nđ-cp+35,0,"Điều 35. Vi phạm quy định về giấy tờ, chứng từ trong việc sử dụng đất","Điều 35. Vi phạm quy định về giấy tờ, chứng từ trong việc sử dụng đất"
155/2020/nd-cp+221,155/2020/nđ-cp+221,0,Điều 221. Thu hồi Giấy chứng nhận đăng ký hoạt động phân phối chứng chỉ quỹ,Điều 221. Thu hồi Giấy chứng nhận đăng ký hoạt động phân phối chứng chỉ quỹ
24/2020/nd-cp+23,24/2020/nđ-cp+23,0,Điều 23. Trách nhiệm quản lý nhà nước của Bộ Giao thông vận tải,Điều 23. Trách nhiệm quản lý nhà nước của Bộ Giao thông vận tải
146/2018/nð-cp+8,146/2018/nđ-cp+8,0,Điều 8. Mức hỗ trợ từ ngân sách nhà nước,Điều 8. Mức hỗ trợ từ ngân sách nhà nước
155/2020/nd-cp+285,155/2020/nđ-cp+285,0,"Điều 285. Ứng cử, đề cử thành viên Ban kiểm soát","Điều 285. Ứng cử, đề cử thành viên Ban kiểm soát"
155/2020/nd-cp+287,155/2020/nđ-cp+287,0,Điều 287. Quyền và nghĩa vụ của thành viên Ban kiểm soát,Điều 287. Quyền và nghĩa vụ của thành viên Ban kiểm soát
155/2020/nd-cp+7,155/2020/nđ-cp+7,0,"Điều 7. Quy định chung về chào bán, phát hành chứng khoán và chào mua công khai","Điều 7. Quy định chung về chào bán, phát hành chứng khoán và chào mua công khai"
24/2020/nd-cp+16,24/2020/nđ-cp+16,0,Điều 16. Trách nhiệm quản lý nhà nước của Bộ Y tế,Điều 16. Trách nhiệm quản lý nhà nước của Bộ Y tế
84/2019/nđ-+19,84/2019/nđ-cp+19,0,Điều 19. Nhập khẩu phân bón,Điều 19. Nhập khẩu phân bón
91/2019/nd-cp+11,91/2019/nđ-cp+11,0,"Điều 11. Sử dụng đất nông nghiệp không phải là đất trồng lúa, không phải là đất rừng phòng hộ, không phải là đất rừng đặc dụng, không phải là đất rừng sản xuất vào mục đích khác không được cơ quan nhà nước có thẩm quyền cho phép theo quy định tại các điểm b và d khoản 1 Điều 57 của Luật đất đai","Điều 11. Sử dụng đất nông nghiệp không phải là đất trồng lúa, không phải là đất rừng phòng hộ, không phải là đất rừng đặc dụng, không phải là đất rừng sản xuất vào mục đích khác không được cơ quan nhà nước có thẩm quyền cho phép theo quy định tại các điểm b và d khoản 1 Điều 57 của Luật đất đai"
76/2017/nđ-cp+1,88/2018/nđ-cp+1,0,Điều 1. Đối tượng điều chỉnh,Điều 1. Đối tượng điều chỉnh
09/2014/ttlt-btp-tandtc-vksndtc+21,09/2014/ttlt-btp-tandtc-vksndtc-btc+21,0,"Điều 21. Phạm vi, thẩm quyền kiểm sát hoạt động của Thừa phát lại","Điều 21. Phạm vi, thẩm quyền kiểm sát hoạt động của Thừa phát lại"
155/2020/nd-cp+158,155/2020/nđ-cp+158,0,"Điều 158. Điều kiện, hồ sơ, trình tự, thủ tục đăng ký trở thành thành viên lưu ký của Tổng công ty lưu ký và bù trừ chứng khoán Việt Nam","Điều 158. Điều kiện, hồ sơ, trình tự, thủ tục đăng ký trở thành thành viên lưu ký của Tổng công ty lưu ký và bù trừ chứng khoán Việt Nam"
84/2019/nđ-+15,84/2019/nđ-cp+15,0,Điều 15. Hồ sơ cấp Giấy chứng nhận đủ điều kiện buôn bán phân bón,Điều 15. Hồ sơ cấp Giấy chứng nhận đủ điều kiện buôn bán phân bón
155/2020/nd-cp+55,155/2020/nđ-cp+55,0,"Điều 55. Điều kiện phát hành cổ phiếu để hoán đổi theo hợp đồng hợp nhất, sáp nhập","Điều 55. Điều kiện phát hành cổ phiếu để hoán đổi theo hợp đồng hợp nhất, sáp nhập"
155/2020/nd-cp+57,155/2020/nđ-cp+57,0,Điều 57. Điều kiện công ty đại chúng phát hành cổ phiếu để hoán đổi nợ,Điều 57. Điều kiện công ty đại chúng phát hành cổ phiếu để hoán đổi nợ
155/2020/nd-cp+256,155/2020/nđ-cp+256,0,Điều 256. Giải thể quỹ hoán đổi danh mục,Điều 256. Giải thể quỹ hoán đổi danh mục
155/2020/nd-cp+2,155/2020/nđ-cp+2,0,Điều 2. Đối tượng áp dụng,Điều 2. Đối tượng áp dụng
155/2020/nd-cp+2,54/2019/qh14+2,0,Điều 2. Đối tượng áp dụng,Điều 2. Đối tượng áp dụng
155/2020/nđ-cp+2,54/2019/qh14+2,0,Điều 2. Đối tượng áp dụng,Điều 2. Đối tượng áp dụng
91/2019/nd-cp+21,91/2019/nđ-cp+21,0,"Điều 21. Chuyển nhượng quyền sử dụng đất dưới hình thức phân lô, bán nền trong dự án đầu tư xây dựng kinh doanh nhà ở","Điều 21. Chuyển nhượng quyền sử dụng đất dưới hình thức phân lô, bán nền trong dự án đầu tư xây dựng kinh doanh nhà ở"
155/2020/nd-cp+275,155/2020/nđ-cp+275,0,Điều 275. Tư cách thành viên Hội đồng quản trị,Điều 275. Tư cách thành viên Hội đồng quản trị
102/2017/nð-cp+58,102/2017/nđ-cp+58,0,Điều 58. Khôi phục dữ liệu trong trường hợp kết quả đăng ký biện pháp bảo đảm bị hủy không đúng các căn cứ do pháp luật quy định,Điều 58. Khôi phục dữ liệu trong trường hợp kết quả đăng ký biện pháp bảo đảm bị hủy không đúng các căn cứ do pháp luật quy định
146/2018/nð-cp+24,146/2018/nđ-cp+24,0,Điều 24. Thanh toán theo giá dịch vụ,Điều 24. Thanh toán theo giá dịch vụ
63/2019/nđ-+7,63/2019/nđ-cp+7,0,Điều 7. Hành vi vi phạm hành chính đối với các quy định về đi thuê tài sản,Điều 7. Hành vi vi phạm hành chính đối với các quy định về đi thuê tài sản
84/2019/nđ-+5,84/2019/nđ-cp+5,0,"Điều 5. Hồ sơ, trình tự và thẩm quyền cấp Quyết định công nhận phân bón lưu hành tại Việt Nam","Điều 5. Hồ sơ, trình tự và thẩm quyền cấp Quyết định công nhận phân bón lưu hành tại Việt Nam"
102/2017/nð-cp+26,102/2017/nđ-cp+26,0,Điều 26. Hồ sơ đăng ký thay đổi nội dung biện pháp bảo đảm bằng tàu bay đã đăng ký,Điều 26. Hồ sơ đăng ký thay đổi nội dung biện pháp bảo đảm bằng tàu bay đã đăng ký
84/2019/nđ-+10,84/2019/nđ-cp+10,0,"Điều 10. Hồ sơ, trình tự và thẩm quyền cấp Quyết định công nhận tổ chức khảo nghiệm phân bón","Điều 10. Hồ sơ, trình tự và thẩm quyền cấp Quyết định công nhận tổ chức khảo nghiệm phân bón"
102/2017/nð-cp+17,102/2017/nđ-cp+17,0,"Điều 17. Trả kết quả đăng ký, cung cấp thông tin về biện pháp bảo đảm","Điều 17. Trả kết quả đăng ký, cung cấp thông tin về biện pháp bảo đảm"
32/2021/nđ-cp+4,34/2021/nđ-cp+4,0,"Điều 4. Quy định về cán bộ thuộc tổ chức Đảng, Ủy ban Mặt trận Tổ quốc Việt Nam và các tổ chức chính trị - xã hội ở phường","Điều 4. Quy định về cán bộ thuộc tổ chức Đảng, Ủy ban Mặt trận Tổ quốc Việt Nam và các tổ chức chính trị - xã hội ở phường"
108/2016/nđ-cp+13,69/2016/nđ-cp+13,0,Điều 13. Hiệu lực thi hành,Điều 13. Hiệu lực thi hành
141/2017/nđ-cp+2,157/2018/nđ-cp+2,0,Điều 2. Đối tượng áp dụng,Điều 2. Đối tượng áp dụng
141/2017/nđ-cp+2,90/2019/nđ-cp+2,0,Điều 2. Đối tượng áp dụng,Điều 2. Đối tượng áp dụng
157/2018/nđ-cp+2,90/2019/nđ-cp+2,0,Điều 2. Đối tượng áp dụng,Điều 2. Đối tượng áp dụng
155/2020/nd-cp+88,155/2020/nđ-cp+88,0,Điều 88. Trách nhiệm của người biết thông tin về chào mua công khai,Điều 88. Trách nhiệm của người biết thông tin về chào mua công khai
102/2017/nð-cp+12,102/2017/nđ-cp+12,0,Điều 12. Giấy tờ chứng minh trường hợp không phải nộp phí khi thực hiện đăng ký biện pháp bảo đảm,Điều 12. Giấy tờ chứng minh trường hợp không phải nộp phí khi thực hiện đăng ký biện pháp bảo đảm
146/2018/nð-cp+14,146/2018/nđ-cp+14,0,Điều 14. Mức hưởng bảo hiểm y tế đối với các trường hợp quy định tại khoản 1 và khoản 7 Điều 22 của Luật bảo hiểm y tế,Điều 14. Mức hưởng bảo hiểm y tế đối với các trường hợp quy định tại khoản 1 và khoản 7 Điều 22 của Luật bảo hiểm y tế
63/2019/nđ-+58,63/2019/nđ-cp+58,0,Điều 58. Hành vi vi phạm thủ tục kiểm soát cam kết chi,Điều 58. Hành vi vi phạm thủ tục kiểm soát cam kết chi
09/2014/ttlt-btp-tandtc-vksndtc+11,09/2014/ttlt-btp-tandtc-vksndtc-btc+11,0,Điều 11. Biểu mẫu nghiệp vụ của Văn phòng Thừa phát lại,Điều 11. Biểu mẫu nghiệp vụ của Văn phòng Thừa phát lại
09/2014/ttlt-btp-tandtc-vksndtc+17,09/2014/ttlt-btp-tandtc-vksndtc-btc+17,0,Điều 17. Chi phí thi hành án dân sự,Điều 17. Chi phí thi hành án dân sự
155/2020/nd-cp+264,155/2020/nđ-cp+264,0,Điều 264. Những thay đổi phải được Ủy ban Chứng khoán Nhà nước chấp thuận,Điều 264. Những thay đổi phải được Ủy ban Chứng khoán Nhà nước chấp thuận
84/2019/nđ-+9,84/2019/nđ-cp+9,0,Điều 9. Số lượng nhân lực tối thiểu thực hiện khảo nghiệm của tổ chức khảo nghiệm phân bón,Điều 9. Số lượng nhân lực tối thiểu thực hiện khảo nghiệm của tổ chức khảo nghiệm phân bón
155/2020/nd-cp+16,155/2020/nđ-cp+16,0,Điều 16. Hồ sơ đăng ký chào bán cổ phiếu lần đầu ra công chúng để chuyển đổi công ty trách nhiệm hữu hạn thành công ty cổ phần,Điều 16. Hồ sơ đăng ký chào bán cổ phiếu lần đầu ra công chúng để chuyển đổi công ty trách nhiệm hữu hạn thành công ty cổ phần
155/2020/nd-cp+115,155/2020/nđ-cp+115,0,"Điều 115. Hồ sơ, trình tự, thủ tục tiếp tục niêm yết, đăng ký niêm yết cổ phiếu sau chia, tách doanh nghiệp","Điều 115. Hồ sơ, trình tự, thủ tục tiếp tục niêm yết, đăng ký niêm yết cổ phiếu sau chia, tách doanh nghiệp"
63/2019/nđ-+19,63/2019/nđ-cp+19,0,"Điều 19. Hành vi vi phạm hành chính đối với các quy định về giao, sử dụng tài sản của các dự án sử dụng vốn nhà nước","Điều 19. Hành vi vi phạm hành chính đối với các quy định về giao, sử dụng tài sản của các dự án sử dụng vốn nhà nước"
155/2020/nd-cp+138,155/2020/nđ-cp+138,0,Điều 138. Hoạt động đầu tư chứng khoán của nhà đầu tư nước ngoài,Điều 138. Hoạt động đầu tư chứng khoán của nhà đầu tư nước ngoài
155/2020/nd-cp+181,155/2020/nđ-cp+181,0,"Điều 181. Hồ sơ đề nghị thay đổi tên, địa chỉ trụ sở chính, vốn điều lệ của công ty chứng khoán, công ty quản lý quỹ đầu tư chứng khoán","Điều 181. Hồ sơ đề nghị thay đổi tên, địa chỉ trụ sở chính, vốn điều lệ của công ty chứng khoán, công ty quản lý quỹ đầu tư chứng khoán"
91/2019/nd-cp+1,91/2019/nđ-cp+1,0,Điều 1. Phạm vi điều chỉnh,Điều 1. Phạm vi điều chỉnh
102/2017/nð-cp+22,102/2017/nđ-cp+22,0,Điều 22. Cấp bản sao văn bản chứng nhận đăng ký biện pháp bảo đảm,Điều 22. Cấp bản sao văn bản chứng nhận đăng ký biện pháp bảo đảm
155/2020/nd-cp+165,155/2020/nđ-cp+165,0,Điều 165. Tổ chức mở tài khoản trực tiếp tại Tổng công ty lưu ký và bù trừ chứng khoán Việt Nam,Điều 165. Tổ chức mở tài khoản trực tiếp tại Tổng công ty lưu ký và bù trừ chứng khoán Việt Nam
155/2020/nd-cp+108,155/2020/nđ-cp+108,0,Điều 108. Phân bảng niêm yết chứng khoán,Điều 108. Phân bảng niêm yết chứng khoán
155/2020/nd-cp+112,155/2020/nđ-cp+112,0,"Điều 112. Điều kiện niêm yết cổ phiếu của các công ty đại chúng hình thành sau hợp nhất, sáp nhập, chia, tách và các trường hợp cơ cấu lại khác","Điều 112. Điều kiện niêm yết cổ phiếu của các công ty đại chúng hình thành sau hợp nhất, sáp nhập, chia, tách và các trường hợp cơ cấu lại khác"
155/2020/nd-cp+142,155/2020/nđ-cp+142,0,"Điều 142. Hồ sơ, trình tự, thủ tục thông báo tỷ lệ sở hữu nước ngoài tối đa tại công ty đại chúng","Điều 142. Hồ sơ, trình tự, thủ tục thông báo tỷ lệ sở hữu nước ngoài tối đa tại công ty đại chúng"
91/2019/nd-cp+19,91/2019/nđ-cp+19,0,"Điều 19. Chuyển quyền, cho thuê, cho thuê lại, thế chấp đối với đất không thuộc trường hợp được chuyển quyền, cho thuê, thế chấp theo quy định của Luật đất đai","Điều 19. Chuyển quyền, cho thuê, cho thuê lại, thế chấp đối với đất không thuộc trường hợp được chuyển quyền, cho thuê, thế chấp theo quy định của Luật đất đai"
63/2019/nđ-+14,63/2019/nđ-cp+14,0,"Điều 14. Hành vi vi phạm hành chính đối với các quy định về không thực hiện bảo dưỡng, sửa chữa tài sản theo quy định của pháp luật","Điều 14. Hành vi vi phạm hành chính đối với các quy định về không thực hiện bảo dưỡng, sửa chữa tài sản theo quy định của pháp luật"
63/2019/nđ-+12,63/2019/nđ-cp+12,0,Điều 12. Hành vi chiếm đoạt tài sản công,Điều 12. Hành vi chiếm đoạt tài sản công
02/2019/qđ-ktnn+2,03/2018/qđ-ktnn+2,0,Điều 2. Quyết định này có hiệu lực sau 45 ngày kể từ ngày ký.,Điều 2. Quyết định này có hiệu lực sau 45 ngày kể từ ngày ký.
155/2020/nd-cp+97,155/2020/nđ-cp+97,0,Điều 97. Điều kiện trở thành thành viên giao dịch,Điều 97. Điều kiện trở thành thành viên giao dịch
63/2019/nđ-+53,63/2019/nđ-cp+53,0,"Điều 53. Thẩm quyền xử phạt của Cục trưởng Cục Dự trữ Nhà nước khu vực, Tổng cục trưởng Tổng cục Dự trữ Nhà nước","Điều 53. Thẩm quyền xử phạt của Cục trưởng Cục Dự trữ Nhà nước khu vực, Tổng cục trưởng Tổng cục Dự trữ Nhà nước"
140/2016/nđ-cp+5,45/2011/nđ-cp+5,0,Điều 5. Căn cứ tính lệ phí trước bạ,Điều 5. Căn cứ tính lệ phí trước bạ
63/2019/nđ-+15,63/2019/nđ-cp+15,0,Điều 15. Hành vi vi phạm hành chính đối với các quy định về xử lý tài sản công,Điều 15. Hành vi vi phạm hành chính đối với các quy định về xử lý tài sản công
63/2019/nđ-+18,63/2019/nđ-cp+18,0,Điều 18. Hành vi vi phạm hành chính đối với các quy định về trang cấp tài sản của các dự án sử dụng vốn nhà nước,Điều 18. Hành vi vi phạm hành chính đối với các quy định về trang cấp tài sản của các dự án sử dụng vốn nhà nước
84/2019/nđ-+28,84/2019/nđ-cp+28,0,Điều 28. Hiệu lực thi hành,Điều 28. Hiệu lực thi hành
102/2017/nð-cp+18,102/2017/nđ-cp+18,0,Điều 18. Các trường hợp đăng ký thay đổi nội dung biện pháp bảo đảm đã đăng ký,Điều 18. Các trường hợp đăng ký thay đổi nội dung biện pháp bảo đảm đã đăng ký
63/2019/nđ-+48,63/2019/nđ-cp+48,0,Điều 48. Hành vi vi phạm quy định về quản lý tiền vốn và phí trong hoạt động dự trữ quốc gia,Điều 48. Hành vi vi phạm quy định về quản lý tiền vốn và phí trong hoạt động dự trữ quốc gia
102/2017/nð-cp+50,102/2017/nđ-cp+50,0,"Điều 50. Hồ sơ đăng ký thế chấp, đăng ký thay đổi, sửa chữa sai sót, xóa đăng ký, đăng ký văn bản thông báo về việc xử lý tài sản bảo đảm bằng tài sản là động sản khác","Điều 50. Hồ sơ đăng ký thế chấp, đăng ký thay đổi, sửa chữa sai sót, xóa đăng ký, đăng ký văn bản thông báo về việc xử lý tài sản bảo đảm bằng tài sản là động sản khác"
155/2020/nd-cp+3,155/2020/nđ-cp+3,0,Điều 3. Giải thích từ ngữ,Điều 3. Giải thích từ ngữ
155/2020/nd-cp+136,155/2020/nđ-cp+136,0,Điều 136. Thay đổi đăng ký giao dịch,Điều 136. Thay đổi đăng ký giao dịch
155/2020/nd-cp+191,155/2020/nđ-cp+191,0,Điều 191. Điều kiện thành lập phòng giao dịch trong nước của công ty chứng khoán,Điều 191. Điều kiện thành lập phòng giao dịch trong nước của công ty chứng khoán
84/2019/nđ-+6,84/2019/nđ-cp+6,0,"Điều 6. Hồ sơ, trình tự cấp lại Quyết định công nhận phân bón lưu hành tại Việt Nam","Điều 6. Hồ sơ, trình tự cấp lại Quyết định công nhận phân bón lưu hành tại Việt Nam"
102/2017/nð-cp+36,102/2017/nđ-cp+36,0,Điều 36. Hồ sơ đăng ký văn bản thông báo về việc xử lý tài sản thế chấp tàu biển,Điều 36. Hồ sơ đăng ký văn bản thông báo về việc xử lý tài sản thế chấp tàu biển
102/2017/nð-cp+57,102/2017/nđ-cp+57,0,Điều 57. Trường hợp đăng ký trực tuyến biện pháp bảo đảm không có giá trị pháp lý,Điều 57. Trường hợp đăng ký trực tuyến biện pháp bảo đảm không có giá trị pháp lý
155/2020/nd-cp+31,155/2020/nđ-cp+31,0,Điều 31. Hồ sơ đăng ký chào bán chứng khoán ra công chúng của công ty sau quá trình cơ cấu lại doanh nghiệp,Điều 31. Hồ sơ đăng ký chào bán chứng khoán ra công chúng của công ty sau quá trình cơ cấu lại doanh nghiệp
146/2018/nð-cp+38,146/2018/nđ-cp+38,0,"Điều 38. Nội dung, kinh phí thực hiện ứng dụng công nghệ thông tin trong quản lý khám bệnh, chữa bệnh bảo hiểm y tế","Điều 38. Nội dung, kinh phí thực hiện ứng dụng công nghệ thông tin trong quản lý khám bệnh, chữa bệnh bảo hiểm y tế"
155/2020/nd-cp+120,155/2020/nđ-cp+120,0,Điều 120. Huỷ bỏ niêm yết bắt buộc,Điều 120. Huỷ bỏ niêm yết bắt buộc
155/2020/nd-cp+179,155/2020/nđ-cp+179,0,Điều 179. Hồ sơ đề nghị bổ sung nghiệp vụ kinh doanh chứng khoán của công ty chứng khoán,Điều 179. Hồ sơ đề nghị bổ sung nghiệp vụ kinh doanh chứng khoán của công ty chứng khoán
63/2019/nđ-+35,63/2019/nđ-cp+35,0,"Điều 35. Hành vi vi phạm quy định của pháp luật về thực hành tiết kiệm, chống lãng phí trong quản lý, sử dụng trụ sở làm việc, cơ sở hoạt động sự nghiệp của tổ chức sử dụng kinh phí ngân sách nhà nước nhưng chưa đến mức truy cứu trách nhiệm hình sự","Điều 35. Hành vi vi phạm quy định của pháp luật về thực hành tiết kiệm, chống lãng phí trong quản lý, sử dụng trụ sở làm việc, cơ sở hoạt động sự nghiệp của tổ chức sử dụng kinh phí ngân sách nhà nước nhưng chưa đến mức truy cứu trách nhiệm hình sự"
155/2020/nd-cp+19,155/2020/nđ-cp+19,0,Điều 19. Điều kiện chào bán trái phiếu ra công chúng,Điều 19. Điều kiện chào bán trái phiếu ra công chúng
155/2020/nd-cp+110,155/2020/nđ-cp+110,0,"Điều 110. Hồ sơ đăng ký niêm yết cổ phiếu, chứng chỉ quỹ","Điều 110. Hồ sơ đăng ký niêm yết cổ phiếu, chứng chỉ quỹ"
155/2020/nd-cp+208,155/2020/nđ-cp+208,0,"Điều 208. Điều kiện tạm ngừng hoạt động công ty chứng khoán, công ty quản lý quỹ đầu tư chứng khoán, chi nhánh công ty chứng khoán, công ty quản lý quỹ nước ngoài tại Việt Nam","Điều 208. Điều kiện tạm ngừng hoạt động công ty chứng khoán, công ty quản lý quỹ đầu tư chứng khoán, chi nhánh công ty chứng khoán, công ty quản lý quỹ nước ngoài tại Việt Nam"
155/2020/nd-cp+23,155/2020/nđ-cp+23,0,Điều 23. Điều kiện chào bán trái phiếu có bảo đảm ra công chúng,Điều 23. Điều kiện chào bán trái phiếu có bảo đảm ra công chúng
155/2020/nd-cp+196,155/2020/nđ-cp+196,0,"Điều 196. Hồ sơ đề nghị chấp thuận thành lập, đóng cửa chi nhánh, công ty con, văn phòng đại diện tại nước ngoài của công ty chứng khoán, công ty quản lý quỹ đầu tư chứng khoán","Điều 196. Hồ sơ đề nghị chấp thuận thành lập, đóng cửa chi nhánh, công ty con, văn phòng đại diện tại nước ngoài của công ty chứng khoán, công ty quản lý quỹ đầu tư chứng khoán"
102/2017/nð-cp+14,102/2017/nđ-cp+14,0,Điều 14. Tiếp nhận hồ sơ đăng ký biện pháp bảo đảm,Điều 14. Tiếp nhận hồ sơ đăng ký biện pháp bảo đảm
155/2020/nd-cp+307,155/2020/nđ-cp+307,0,"Điều 307. Trình tự, thủ tục áp dụng biện pháp cấm đảm nhiệm chức vụ, cấm thực hiện các hoạt động về chứng khoán và thị trường chứng khoán có thời hạn hoặc vĩnh viễn","Điều 307. Trình tự, thủ tục áp dụng biện pháp cấm đảm nhiệm chức vụ, cấm thực hiện các hoạt động về chứng khoán và thị trường chứng khoán có thời hạn hoặc vĩnh viễn"
63/2019/nđ-+49,63/2019/nđ-cp+49,0,"Điều 49. Hành vi vi phạm quy định về kinh doanh, cầm cố, thế chấp, cho thuê, khai thác tài sản thuộc dự trữ quốc gia","Điều 49. Hành vi vi phạm quy định về kinh doanh, cầm cố, thế chấp, cho thuê, khai thác tài sản thuộc dự trữ quốc gia"
91/2019/nd-cp+24,91/2019/nđ-cp+24,0,Điều 24. Cho thuê tài sản gắn liền với đất được Nhà nước cho thuê thu tiền thuê đất hàng năm mà không đủ điều kiện quy định tại Điều 38a của Nghị định số 43/2014/NĐ-CP được sửa đổi bổ sung tại khoản 24 Điều 2 của Nghị định số 01/2017/NĐ-CP,Điều 24. Cho thuê tài sản gắn liền với đất được Nhà nước cho thuê thu tiền thuê đất hàng năm mà không đủ điều kiện quy định tại Điều 38a của Nghị định số 43/2014/NĐ-CP được sửa đổi bổ sung tại khoản 24 Điều 2 của Nghị định số 01/2017/NĐ-CP
63/2019/nđ-+57,63/2019/nđ-cp+57,0,Điều 57. Hành vi vi phạm chế độ thanh toán các khoản chi ngân sách nhà nước,Điều 57. Hành vi vi phạm chế độ thanh toán các khoản chi ngân sách nhà nước
102/2017/nð-cp+15,102/2017/nđ-cp+15,0,Điều 15. Từ chối đăng ký biện pháp bảo đảm,Điều 15. Từ chối đăng ký biện pháp bảo đảm
155/2020/nd-cp+185,155/2020/nđ-cp+185,0,"Điều 185. Hồ sơ thay đổi tên, địa chỉ trụ sở chính của tổ chức kinh doanh chứng khoán nước ngoài có chi nhánh, văn phòng đại diện công ty chứng khoán, công ty quản lý quỹ nước ngoài tại Việt Nam","Điều 185. Hồ sơ thay đổi tên, địa chỉ trụ sở chính của tổ chức kinh doanh chứng khoán nước ngoài có chi nhánh, văn phòng đại diện công ty chứng khoán, công ty quản lý quỹ nước ngoài tại Việt Nam"
155/2020/nd-cp+303,155/2020/nđ-cp+303,0,"Điều 303. Tạm ngừng, đình chỉ giao dịch đối với một hoặc một số chứng khoán niêm yết, đăng ký giao dịch trên hệ thống giao dịch chứng khoán","Điều 303. Tạm ngừng, đình chỉ giao dịch đối với một hoặc một số chứng khoán niêm yết, đăng ký giao dịch trên hệ thống giao dịch chứng khoán"
155/2020/nd-cp+184,155/2020/nđ-cp+184,0,"Điều 184. Gia hạn hoạt động văn phòng đại diện công ty chứng khoán, công ty quản lý quỹ nước ngoài tại Việt Nam","Điều 184. Gia hạn hoạt động văn phòng đại diện công ty chứng khoán, công ty quản lý quỹ nước ngoài tại Việt Nam"
155/2020/nd-cp+226,155/2020/nđ-cp+226,0,"Điều 226. Điều kiện, hồ sơ thay đổi thời hạn hoạt động quỹ thành viên","Điều 226. Điều kiện, hồ sơ thay đổi thời hạn hoạt động quỹ thành viên"
155/2020/nd-cp+297,155/2020/nđ-cp+297,0,Điều 297. Báo cáo và công bố thông tin về quản trị công ty,Điều 297. Báo cáo và công bố thông tin về quản trị công ty
63/2019/nđ-+39,63/2019/nđ-cp+39,0,Điều 39. Thẩm quyền xử phạt của Thanh tra,Điều 39. Thẩm quyền xử phạt của Thanh tra
141/2017/nđ-cp+4,157/2018/nđ-cp+4,0,Điều 4. Nguyên tắc áp dụng mức lương tối thiểu vùng theo địa bàn,Điều 4. Nguyên tắc áp dụng mức lương tối thiểu vùng theo địa bàn
141/2017/nđ-cp+4,90/2019/nđ-cp+4,0,Điều 4. Nguyên tắc áp dụng mức lương tối thiểu vùng theo địa bàn,Điều 4. Nguyên tắc áp dụng mức lương tối thiểu vùng theo địa bàn
157/2018/nđ-cp+4,90/2019/nđ-cp+4,0,Điều 4. Nguyên tắc áp dụng mức lương tối thiểu vùng theo địa bàn,Điều 4. Nguyên tắc áp dụng mức lương tối thiểu vùng theo địa bàn
63/2019/nđ-+9,63/2019/nđ-cp+9,0,Điều 9. Hành vi vi phạm hành chính đối với các quy định về cho mượn tài sản công,Điều 9. Hành vi vi phạm hành chính đối với các quy định về cho mượn tài sản công
155/2020/nd-cp+77,155/2020/nđ-cp+77,0,"Điều 77. Trình tự, thủ tục chấp thuận đề nghị việc đăng ký chào bán cổ phiếu ra nước ngoài","Điều 77. Trình tự, thủ tục chấp thuận đề nghị việc đăng ký chào bán cổ phiếu ra nước ngoài"
155/2020/nd-cp+155,155/2020/nđ-cp+155,0,"Điều 155. Hồ sơ, trình tự, thủ tục chấm dứt hoạt động cung cấp dịch vụ bù trừ, thanh toán giao dịch chứng khoán tự nguyện","Điều 155. Hồ sơ, trình tự, thủ tục chấm dứt hoạt động cung cấp dịch vụ bù trừ, thanh toán giao dịch chứng khoán tự nguyện"
155/2020/nd-cp+17,155/2020/nđ-cp+17,0,Điều 17. Điều kiện công ty đại chúng chào bán thêm cổ phiếu ra công chúng với giá thấp hơn mệnh giá,Điều 17. Điều kiện công ty đại chúng chào bán thêm cổ phiếu ra công chúng với giá thấp hơn mệnh giá
155/2020/nd-cp+68,155/2020/nđ-cp+68,0,"Điều 68. Trình tự, thủ tục công ty đại chúng phát hành cổ phiếu để thực hiện quyền của chứng quyền","Điều 68. Trình tự, thủ tục công ty đại chúng phát hành cổ phiếu để thực hiện quyền của chứng quyền"
155/2020/nd-cp+150,155/2020/nđ-cp+150,0,Điều 150. Tổ chức hoạt động bù trừ và thanh toán giao dịch chứng khoán theo cơ chế đối tác bù trừ trung tâm,Điều 150. Tổ chức hoạt động bù trừ và thanh toán giao dịch chứng khoán theo cơ chế đối tác bù trừ trung tâm
63/2019/nđ-+29,63/2019/nđ-cp+29,0,Điều 29. Thẩm quyền xử phạt của Chủ tịch Ủy ban nhân dân,Điều 29. Thẩm quyền xử phạt của Chủ tịch Ủy ban nhân dân
155/2020/nd-cp+91,155/2020/nđ-cp+91,0,Điều 91. Nguyên tắc xác định giá chào mua công khai,Điều 91. Nguyên tắc xác định giá chào mua công khai
91/2019/nd-cp+3,91/2019/nđ-cp+3,0,Điều 3. Giải thích từ ngữ,Điều 3. Giải thích từ ngữ
155/2020/nd-cp+233,155/2020/nđ-cp+233,0,Điều 233. Chào bán chứng chỉ quỹ đóng ra công chúng,Điều 233. Chào bán chứng chỉ quỹ đóng ra công chúng
155/2020/nd-cp+257,155/2020/nđ-cp+257,0,"Điều 257. Điều kiện chào bán cổ phiếu lần đầu, chào bán cổ phiếu để tăng vốn của công ty đầu tư chứng khoán đại chúng","Điều 257. Điều kiện chào bán cổ phiếu lần đầu, chào bán cổ phiếu để tăng vốn của công ty đầu tư chứng khoán đại chúng"
63/2019/nđ-+43,63/2019/nđ-cp+43,0,"Điều 43. Hành vi xâm phạm, phá hoại cơ sở vật chất - kỹ thuật, kho bảo quản hàng dự trữ quốc gia, hàng dự trữ quốc gia nhưng chưa đến mức truy cứu trách nhiệm hình sự","Điều 43. Hành vi xâm phạm, phá hoại cơ sở vật chất - kỹ thuật, kho bảo quản hàng dự trữ quốc gia, hàng dự trữ quốc gia nhưng chưa đến mức truy cứu trách nhiệm hình sự"
09/2014/ttlt-btp-tandtc-vksndtc+10,09/2014/ttlt-btp-tandtc-vksndtc-btc+10,0,Điều 10. Chấm dứt việc thi hành án,Điều 10. Chấm dứt việc thi hành án
103/2017/tt-btc+2,98/2017/tt-btc+2,0,Điều 2. Đối tượng áp dụng,Điều 2. Đối tượng áp dụng
155/2020/nd-cp+135,155/2020/nđ-cp+135,0,Điều 135. Thủ tục đăng ký giao dịch trên hệ thống giao dịch Upcom,Điều 135. Thủ tục đăng ký giao dịch trên hệ thống giao dịch Upcom
63/2019/nđ-+24,63/2019/nđ-cp+24,0,Điều 24. Hành vi vi phạm trong khai thác tài sản kết cấu hạ tầng,Điều 24. Hành vi vi phạm trong khai thác tài sản kết cấu hạ tầng
13/2018/tt-bca+9,17/2016/tt-byt+9,0,Điều 9. Điều khoản tham chiếu,Điều 9. Điều Khoản tham chiếu
09/2014/ttlt-btp-tandtc-vksndtc+7,09/2014/ttlt-btp-tandtc-vksndtc-btc+7,0,Điều 7. Giá trị pháp lý của vi bằng,Điều 7. Giá trị pháp lý của vi bằng
155/2020/nd-cp+244,155/2020/nđ-cp+244,0,"Điều 244. Chia, tách quỹ mở","Điều 244. Chia, tách quỹ mở"
91/2019/nd-cp+31,91/2019/nđ-cp+31,0,"Điều 31. Không nộp hồ sơ, không cung cấp, cung cấp không đầy đủ giấy tờ để làm thủ tục cấp Giấy chứng nhận cho người mua, thuê mua nhà, công trình xây dựng, nhận chuyển quyền sử dụng đất tại dự án kinh doanh bất động sản","Điều 31. Không nộp hồ sơ, không cung cấp, cung cấp không đầy đủ giấy tờ để làm thủ tục cấp Giấy chứng nhận cho người mua, thuê mua nhà, công trình xây dựng, nhận chuyển quyền sử dụng đất tại dự án kinh doanh bất động sản"
155/2020/nd-cp+207,155/2020/nđ-cp+207,0,"Điều 207. Hồ sơ, thủ tục chấp thuận tổ chức lại công ty chứng khoán, công ty quản lý quỹ đầu tư chứng khoán","Điều 207. Hồ sơ, thủ tục chấp thuận tổ chức lại công ty chứng khoán, công ty quản lý quỹ đầu tư chứng khoán"
19/2019/nđ+26,19/2019/nđ-cp+26,0,Điều 26. Hiệu lực thi hành,Điều 26. Hiệu lực thi hành
146/2018/nð-cp+29,146/2018/nđ-cp+29,0,"Điều 29. Nộp hồ sơ, giải quyết thanh toán trực tiếp","Điều 29. Nộp hồ sơ, giải quyết thanh toán trực tiếp"
155/2020/nd-cp+211,155/2020/nđ-cp+211,0,"Điều 211. Thủ tục giải thể, thu hồi Giấy phép thành lập và hoạt động kinh doanh chứng khoán của công ty quản lý quỹ đầu tư chứng khoán, chi nhánh công ty quản lý quỹ nước ngoài tại Việt Nam","Điều 211. Thủ tục giải thể, thu hồi Giấy phép thành lập và hoạt động kinh doanh chứng khoán của công ty quản lý quỹ đầu tư chứng khoán, chi nhánh công ty quản lý quỹ nước ngoài tại Việt Nam"
155/2020/nd-cp+152,155/2020/nđ-cp+152,0,"Điều 152. Hồ sơ, trình tự, thủ tục cấp Giấy chứng nhận đủ điều kiện cung cấp dịch vụ bù trừ, thanh toán giao dịch chứng khoán","Điều 152. Hồ sơ, trình tự, thủ tục cấp Giấy chứng nhận đủ điều kiện cung cấp dịch vụ bù trừ, thanh toán giao dịch chứng khoán"
24/2020/nd-cp+26,24/2020/nđ-cp+26,0,Điều 26. Hiệu lực thi hành,Điều 26. Hiệu lực thi hành
155/2020/nd-cp+192,155/2020/nđ-cp+192,0,"Điều 192. Điều kiện thành lập văn phòng đại diện trong nước của công ty chứng khoán, công ty quản lý quỹ đầu tư chứng khoán","Điều 192. Điều kiện thành lập văn phòng đại diện trong nước của công ty chứng khoán, công ty quản lý quỹ đầu tư chứng khoán"
09/2014/ttlt-btp-tandtc-vksndtc+6,09/2014/ttlt-btp-tandtc-vksndtc-btc+6,0,Điều 6. Thủ tục tống đạt,Điều 6. Thủ tục tống đạt
19/2019/nđ+16,19/2019/nđ-cp+16,0,Điều 16. Nghĩa vụ của thành viên,Điều 16. Nghĩa vụ của thành viên
84/2019/nđ-+12,84/2019/nđ-cp+12,0,Điều 12. Quy định chi tiết điều kiện sản xuất phân bón,Điều 12. Quy định chi tiết điều kiện sản xuất phân bón
155/2020/nd-cp+276,155/2020/nđ-cp+276,0,Điều 276. Thành phần Hội đồng quản trị,Điều 276. Thành phần Hội đồng quản trị
05/2017/tt-byt+6,17/2020/tt-byt+6,0,Điều 6. Điều khoản tham chiếu,Điều 6. Điều khoản tham chiếu
05/2017/tt-byt+6,25/2014/ttlt-byt-btc+6,0,Điều 6. Điều khoản tham chiếu,Điều 6. Điều khoản tham chiếu
17/2020/tt-byt+6,25/2014/ttlt-byt-btc+6,0,Điều 6. Điều khoản tham chiếu,Điều 6. Điều khoản tham chiếu
155/2020/nd-cp+232,155/2020/nđ-cp+232,0,"Điều 232. Trình tự, thủ tục giải thể quỹ thành viên","Điều 232. Trình tự, thủ tục giải thể quỹ thành viên"
160/2016/tt-btc+4,163/2016/tt-btc+4,0,Điều 4. Mức thu phí,Điều 4. Mức thu phí
19/2019/nđ+17,19/2019/nđ-cp+17,0,Điều 17. Quyền của chủ họ,Điều 17. Quyền của chủ họ
06/2014/tt-ttcp+2,64/2014/nđ-cp+2,0,Điều 2. Đối tượng áp dụng,Điều 2. Đối tượng áp dụng
155/2020/nd-cp+86,155/2020/nđ-cp+86,0,"Điều 86. Trình tự, thủ tục đăng ký chào mua công khai","Điều 86. Trình tự, thủ tục đăng ký chào mua công khai"
155/2020/nd-cp+243,155/2020/nđ-cp+243,0,"Điều 243. Hợp nhất, sáp nhập quỹ mở","Điều 243. Hợp nhất, sáp nhập quỹ mở"
155/2020/nd-cp+63,155/2020/nđ-cp+63,0,Điều 63. Tài liệu báo cáo phát hành cổ phiếu để tăng vốn cổ phần từ nguồn vốn chủ sở hữu của công ty đại chúng,Điều 63. Tài liệu báo cáo phát hành cổ phiếu để tăng vốn cổ phần từ nguồn vốn chủ sở hữu của công ty đại chúng
155/2020/nd-cp+13,155/2020/nđ-cp+13,0,"Điều 13, Điều 14 Nghị định số 151/2018/NĐ-CP ngày 07 tháng 11 năm 2018 của Chính phủ sửa đổi, bổ sung một số quy định về điều kiện đầu tư, kinh doanh thuộc phạm vi quản lý nhà nước của Bộ Tài chính.","Điều 13, Điều 14 Nghị định số 151/2018/NĐ-CP ngày 07 tháng 11 năm 2018 của Chính phủ sửa đổi, bổ sung một số quy định về điều kiện đầu tư, kinh doanh thuộc phạm vi quản lý nhà nước của Bộ Tài chính."
155/2020/nd-cp+43,155/2020/nđ-cp+43,0,Điều 43. Hồ sơ đăng ký chào bán cổ phiếu riêng lẻ của công ty đại chúng,Điều 43. Hồ sơ đăng ký chào bán cổ phiếu riêng lẻ của công ty đại chúng
157/2018/nđ-cp+5,90/2019/nđ-cp+5,0,Điều 5. Áp dụng mức lương tối thiểu vùng,Điều 5. Áp dụng mức lương tối thiểu vùng
63/2019/nđ-+10,63/2019/nđ-cp+10,0,"Điều 10. Hành vi vi phạm hành chính đối với các quy định về trao đổi, tặng cho tài sản công không đúng quy định","Điều 10. Hành vi vi phạm hành chính đối với các quy định về trao đổi, tặng cho tài sản công không đúng quy định"
102/2017/nð-cp+11,102/2017/nđ-cp+11,0,"Điều 11. Phí đăng ký, cung cấp thông tin về biện pháp bảo đảm, cấp mã số sử dụng cơ sở dữ liệu về biện pháp bảo đảm","Điều 11. Phí đăng ký, cung cấp thông tin về biện pháp bảo đảm, cấp mã số sử dụng cơ sở dữ liệu về biện pháp bảo đảm"
63/2019/nđ-+66,63/2019/nđ-cp+66,0,Điều 66. Điều khoản chuyển tiếp,Điều 66. Điều khoản chuyển tiếp
155/2020/nd-cp+32,155/2020/nđ-cp+32,0,Điều 32. Điều kiện chào bán chứng khoán ra công chúng của công ty hình thành sau hợp nhất công ty không thuộc trường hợp cơ cấu lại doanh nghiệp,Điều 32. Điều kiện chào bán chứng khoán ra công chúng của công ty hình thành sau hợp nhất công ty không thuộc trường hợp cơ cấu lại doanh nghiệp
146/2018/nð-cp+20,146/2018/nđ-cp+20,0,"Điều 20. Quyền và trách nhiệm của cơ quan bảo hiểm xã hội trong thực hiện hợp đồng khám bệnh, chữa bệnh bảo hiểm y tế","Điều 20. Quyền và trách nhiệm của cơ quan bảo hiểm xã hội trong thực hiện hợp đồng khám bệnh, chữa bệnh bảo hiểm y tế"
91/2019/nd-cp+36,91/2019/nđ-cp+36,0,"Điều 36. Vi phạm quy định về cung cấp thông tin đất đai liên quan đến thanh tra, kiểm tra, thu thập chứng cứ để giải quyết tranh chấp đất đai","Điều 36. Vi phạm quy định về cung cấp thông tin đất đai liên quan đến thanh tra, kiểm tra, thu thập chứng cứ để giải quyết tranh chấp đất đai"
155/2020/nd-cp+35,155/2020/nđ-cp+35,0,"Điều 35. Hồ sơ đăng ký chào bán chứng khoán ra công chúng của công ty sau chia, tách công ty","Điều 35. Hồ sơ đăng ký chào bán chứng khoán ra công chúng của công ty sau chia, tách công ty"
19/2019/nđ+11,19/2019/nđ-cp+11,0,Điều 11. Chấm dứt dây họ,Điều 11. Chấm dứt dây họ
155/2020/nd-cp+69,155/2020/nđ-cp+69,0,"Điều 69. Trình tự, thủ tục phát hành cổ phiếu để trả cổ tức, phát hành cổ phiếu để tăng vốn cổ phần từ nguồn vốn chủ sở hữu, phát hành cổ phiếu theo chương trình lựa chọn cho người lao động","Điều 69. Trình tự, thủ tục phát hành cổ phiếu để trả cổ tức, phát hành cổ phiếu để tăng vốn cổ phần từ nguồn vốn chủ sở hữu, phát hành cổ phiếu theo chương trình lựa chọn cho người lao động"
136/2013/tt-btc+18,36/2019/tt-btc+18,0,Điều 18. Thiết bị quay số mở thưởng bằng lồng cầu,Điều 18. Thiết bị quay số mở thưởng bằng lồng cầu
146/2018/nð-cp+37,146/2018/nđ-cp+37,0,"Điều 37. Nguyên tắc ứng dụng công nghệ thông tin trong khám bệnh, chữa bệnh bảo hiểm y tế","Điều 37. Nguyên tắc ứng dụng công nghệ thông tin trong khám bệnh, chữa bệnh bảo hiểm y tế"
155/2020/nd-cp+18,155/2020/nđ-cp+18,0,Điều 18. Hồ sơ đăng ký chào bán thêm cổ phiếu ra công chúng với giá thấp hơn mệnh giá của công ty đại chúng,Điều 18. Hồ sơ đăng ký chào bán thêm cổ phiếu ra công chúng với giá thấp hơn mệnh giá của công ty đại chúng
155/2020/nd-cp+294,155/2020/nđ-cp+294,0,Điều 294. Đảm bảo quyền hợp pháp của người có quyền lợi liên quan đến công ty,Điều 294. Đảm bảo quyền hợp pháp của người có quyền lợi liên quan đến công ty
146/2018/nð-cp+33,146/2018/nđ-cp+33,0,"Điều 33. Mức chi cho khám bệnh, chữa bệnh trong công tác chăm sóc sức khỏe ban đầu","Điều 33. Mức chi cho khám bệnh, chữa bệnh trong công tác chăm sóc sức khỏe ban đầu"
155/2020/nd-cp+129,155/2020/nđ-cp+129,0,"Điều 129. Hủy bỏ niêm yết, giao dịch trên Sở giao dịch chứng khoán nước ngoài để niêm yết trên Sở giao dịch chứng khoán trong nước","Điều 129. Hủy bỏ niêm yết, giao dịch trên Sở giao dịch chứng khoán nước ngoài để niêm yết trên Sở giao dịch chứng khoán trong nước"
19/2019/nđ+20,19/2019/nđ-cp+20,0,Điều 20. Thứ tự lĩnh họ trong họ có lãi,Điều 20. Thứ tự lĩnh họ trong họ có lãi
19/2019/nđ+23,19/2019/nđ-cp+23,0,Điều 23. Trách nhiệm của chủ họ do không giao hoặc giao không đầy đủ các phần họ cho thành viên được lĩnh họ,Điều 23. Trách nhiệm của chủ họ do không giao hoặc giao không đầy đủ các phần họ cho thành viên được lĩnh họ
44/2019/nđ-cp+3,88/2018/nđ-cp+3,0,Điều 3. Kinh phí thực hiện,Điều 3. Kinh phí thực hiện
155/2020/nd-cp+236,155/2020/nđ-cp+236,0,Điều 236. Hồ sơ đề nghị điều chỉnh Giấy chứng nhận đăng ký lập quỹ đóng do tăng vốn,Điều 236. Hồ sơ đề nghị điều chỉnh Giấy chứng nhận đăng ký lập quỹ đóng do tăng vốn
226/2016/tt-btc+6,231/2016/tt-btc+6,0,"Điều 6. Kê khai, nộp phí","Điều 6. Kê khai, nộp phí"
226/2016/tt-btc+6,244/2016/tt-btc+6,0,"Điều 6. Kê khai, nộp phí","Điều 6. Kê khai, nộp phí"
226/2016/tt-btc+6,258/2016/tt-btc+6,0,"Điều 6. Kê khai, nộp phí","Điều 6. Kê khai, nộp phí"
231/2016/tt-btc+6,244/2016/tt-btc+6,0,"Điều 6. Kê khai, nộp phí","Điều 6. Kê khai, nộp phí"
231/2016/tt-btc+6,258/2016/tt-btc+6,0,"Điều 6. Kê khai, nộp phí","Điều 6. Kê khai, nộp phí"
244/2016/tt-btc+6,258/2016/tt-btc+6,0,"Điều 6. Kê khai, nộp phí","Điều 6. Kê khai, nộp phí"
91/2019/nd-cp+6,91/2019/nđ-cp+6,0,Điều 6. Áp dụng mức phạt tiền,Điều 6. Áp dụng mức phạt tiền
155/2020/nd-cp+144,155/2020/nđ-cp+144,0,"Điều 144. Hồ sơ, trình tự, thủ tục chấp thuận cho tổ chức nước ngoài được sở hữu trên 49% vốn điều lệ của công ty chứng khoán, công ty quản lý quỹ đầu tư chứng khoán","Điều 144. Hồ sơ, trình tự, thủ tục chấp thuận cho tổ chức nước ngoài được sở hữu trên 49% vốn điều lệ của công ty chứng khoán, công ty quản lý quỹ đầu tư chứng khoán"
155/2020/nd-cp+1,155/2020/nđ-cp+1,0,Điều 1. Phạm vi điều chỉnh,Điều 1. Phạm vi điều chỉnh
155/2020/nd-cp+218,155/2020/nđ-cp+218,0,Điều 218. Những thay đổi phải được Ủy ban Chứng khoán Nhà nước chấp thuận,Điều 218. Những thay đổi phải được Ủy ban Chứng khoán Nhà nước chấp thuận
155/2020/nd-cp+47,155/2020/nđ-cp+47,0,Điều 47. Hồ sơ công ty đại chúng đăng ký chào bán cổ phiếu ưu đãi kèm chứng quyền riêng lẻ,Điều 47. Hồ sơ công ty đại chúng đăng ký chào bán cổ phiếu ưu đãi kèm chứng quyền riêng lẻ
102/2017/nð-cp+43,102/2017/nđ-cp+43,0,"Điều 43. Hồ sơ đăng ký thay đổi nội dung biện pháp bảo đảm bằng quyền sử dụng đất, tài sản gắn liền với đất đã đăng ký","Điều 43. Hồ sơ đăng ký thay đổi nội dung biện pháp bảo đảm bằng quyền sử dụng đất, tài sản gắn liền với đất đã đăng ký"
155/2020/nd-cp+300,155/2020/nđ-cp+300,0,Điều 300. Tổ chức công bố thông tin,Điều 300. Tổ chức công bố thông tin
24/2020/nd-cp+18,24/2020/nđ-cp+18,0,Điều 18. Trách nhiệm quản lý nhà nước của Bộ Công an,Điều 18. Trách nhiệm quản lý nhà nước của Bộ Công an
102/2017/nð-cp+31,102/2017/nđ-cp+31,0,Điều 31. Tàu biển được thế chấp,Điều 31. Tàu biển được thế chấp
63/2019/nđ-+63,63/2019/nđ-cp+63,0,Điều 63. Thẩm quyền xử phạt của Thanh tra,Điều 63. Thẩm quyền xử phạt của Thanh tra
63/2019/nđ-+21,63/2019/nđ-cp+21,0,"Điều 21. Hành vi vi phạm quy định về xác lập quyền sở hữu toàn dân về tài sản, bảo quản, chuyển giao tài sản được xác lập quyền sở hữu toàn dân","Điều 21. Hành vi vi phạm quy định về xác lập quyền sở hữu toàn dân về tài sản, bảo quản, chuyển giao tài sản được xác lập quyền sở hữu toàn dân"
155/2020/nd-cp+219,155/2020/nđ-cp+219,0,Điều 219. Điều kiện đăng ký hoạt động đại lý phân phối chứng chỉ quỹ đại chúng,Điều 219. Điều kiện đăng ký hoạt động đại lý phân phối chứng chỉ quỹ đại chúng
155/2020/nd-cp+159,155/2020/nđ-cp+159,0,"Điều 159. Điều kiện, hồ sơ, trình tự, thủ tục đăng ký trở thành thành viên bù trừ","Điều 159. Điều kiện, hồ sơ, trình tự, thủ tục đăng ký trở thành thành viên bù trừ"
102/2017/nð-cp+16,102/2017/nđ-cp+16,0,"Điều 16. Thời hạn giải quyết hồ sơ đăng ký, cung cấp thông tin về biện pháp bảo đảm","Điều 16. Thời hạn giải quyết hồ sơ đăng ký, cung cấp thông tin về biện pháp bảo đảm"
146/2018/nð-cp+17,146/2018/nđ-cp+17,0,"Điều 17. Nội dung hợp đồng, điều kiện ký hợp đồng khám bệnh, chữa bệnh bảo hiểm y tế đối với cơ sở khám bệnh, chữa bệnh","Điều 17. Nội dung hợp đồng, điều kiện ký hợp đồng khám bệnh, chữa bệnh bảo hiểm y tế đối với cơ sở khám bệnh, chữa bệnh"
222/2016/tt-btc+5,223/2016/tt-btc+5,0,"Điều 5. Kê khai, nộp phí","Điều 5. Kê khai, nộp phí"
222/2016/tt-btc+5,228/2016/tt-btc+5,0,"Điều 5. Kê khai, nộp phí","Điều 5. Kê khai, nộp phí"
222/2016/tt-btc+5,243/2016/tt-btc+5,0,"Điều 5. Kê khai, nộp phí","Điều 5. Kê khai, nộp phí"
222/2016/tt-btc+5,278/2016/tt-btc+5,0,"Điều 5. Kê khai, nộp phí","Điều 5. Kê khai, nộp phí"
222/2016/tt-btc+5,279/2016/tt-btc+5,0,"Điều 5. Kê khai, nộp phí","Điều 5. Kê khai, nộp phí"
223/2016/tt-btc+5,228/2016/tt-btc+5,0,"Điều 5. Kê khai, nộp phí","Điều 5. Kê khai, nộp phí"
223/2016/tt-btc+5,243/2016/tt-btc+5,0,"Điều 5. Kê khai, nộp phí","Điều 5. Kê khai, nộp phí"
223/2016/tt-btc+5,278/2016/tt-btc+5,0,"Điều 5. Kê khai, nộp phí","Điều 5. Kê khai, nộp phí"
223/2016/tt-btc+5,279/2016/tt-btc+5,0,"Điều 5. Kê khai, nộp phí","Điều 5. Kê khai, nộp phí"
228/2016/tt-btc+5,243/2016/tt-btc+5,0,"Điều 5. Kê khai, nộp phí","Điều 5. Kê khai, nộp phí"
228/2016/tt-btc+5,278/2016/tt-btc+5,0,"Điều 5. Kê khai, nộp phí","Điều 5. Kê khai, nộp phí"
228/2016/tt-btc+5,279/2016/tt-btc+5,0,"Điều 5. Kê khai, nộp phí","Điều 5. Kê khai, nộp phí"
243/2016/tt-btc+5,278/2016/tt-btc+5,0,"Điều 5. Kê khai, nộp phí","Điều 5. Kê khai, nộp phí"
243/2016/tt-btc+5,279/2016/tt-btc+5,0,"Điều 5. Kê khai, nộp phí","Điều 5. Kê khai, nộp phí"
278/2016/tt-btc+5,279/2016/tt-btc+5,0,"Điều 5. Kê khai, nộp phí","Điều 5. Kê khai, nộp phí"
146/2018/nð-cp+3,146/2018/nđ-cp+3,0,Điều 3. Nhóm do ngân sách nhà nước đóng,Điều 3. Nhóm do ngân sách nhà nước đóng
155/2020/nd-cp+168,155/2020/nđ-cp+168,0,"Điều 168. Trình tự, thủ tục chấp thuận ngân hàng thương mại làm ngân hàng thanh toán","Điều 168. Trình tự, thủ tục chấp thuận ngân hàng thương mại làm ngân hàng thanh toán"
63/2019/nđ-+25,63/2019/nđ-cp+25,0,Điều 25. Hành vi vi phạm trong xử lý tài sản kết cấu hạ tầng,Điều 25. Hành vi vi phạm trong xử lý tài sản kết cấu hạ tầng
102/2017/nð-cp+13,102/2017/nđ-cp+13,0,Điều 13. Phương thức nộp hồ sơ đăng ký biện pháp bảo đảm,Điều 13. Phương thức nộp hồ sơ đăng ký biện pháp bảo đảm
155/2020/nd-cp+239,155/2020/nđ-cp+239,0,"Điều 239. Trình tự, thủ tục cấp, cấp lại, điều chỉnh Giấy chứng nhận đăng ký lập quỹ đóng","Điều 239. Trình tự, thủ tục cấp, cấp lại, điều chỉnh Giấy chứng nhận đăng ký lập quỹ đóng"
63/2019/nđ-+2,63/2019/nđ-cp+2,0,Điều 2. Đối tượng áp dụng,Điều 2. Đối tượng áp dụng
05/2017/tt-byt+5,17/2020/tt-byt+5,0,Điều 5. Tổ chức thực hiện,Điều 5. Tổ chức thực hiện
24/2020/nd-cp+6,24/2020/nđ-cp+6,0,"Điều 6. Thực hiện biện pháp ngăn ngừa người chưa đủ 18 tuổi tiếp cận, truy cập, tìm kiếm thông tin và mua rượu, bia trong hoạt động bán rượu, bia theo hình thức thương mại điện tử","Điều 6. Thực hiện biện pháp ngăn ngừa người chưa đủ 18 tuổi tiếp cận, truy cập, tìm kiếm thông tin và mua rượu, bia trong hoạt động bán rượu, bia theo hình thức thương mại điện tử"
91/2019/nd-cp+16,91/2019/nđ-cp+16,0,Điều 16. Gây cản trở hoặc thiệt hại cho việc sử dụng đất của người khác,Điều 16. Gây cản trở hoặc thiệt hại cho việc sử dụng đất của người khác
155/2020/nd-cp+46,155/2020/nđ-cp+46,0,Điều 46. Điều kiện công ty đại chúng chào bán cổ phiếu ưu đãi kèm chứng quyền riêng lẻ,Điều 46. Điều kiện công ty đại chúng chào bán cổ phiếu ưu đãi kèm chứng quyền riêng lẻ
19/2019/nđ+1,19/2019/nđ-cp+1,0,Điều 1. Phạm vi điều chỉnh,Điều 1. Phạm vi điều chỉnh
146/2018/nð-cp+32,146/2018/nđ-cp+32,0,Điều 32. Chi phí quản lý quỹ bảo hiểm y tế,Điều 32. Chi phí quản lý quỹ bảo hiểm y tế
155/2020/nd-cp+114,155/2020/nđ-cp+114,0,"Điều 114. Hồ sơ, trình tự, thủ tục tiếp tục niêm yết, đăng ký niêm yết cổ phiếu sau sáp nhập","Điều 114. Hồ sơ, trình tự, thủ tục tiếp tục niêm yết, đăng ký niêm yết cổ phiếu sau sáp nhập"
155/2020/nd-cp+269,155/2020/nđ-cp+269,0,Điều 269. Nguyên tắc áp dụng pháp luật về quản trị công ty đối với công ty đại chúng là tổ chức tín dụng,Điều 269. Nguyên tắc áp dụng pháp luật về quản trị công ty đối với công ty đại chúng là tổ chức tín dụng
63/2019/nđ-+36,63/2019/nđ-cp+36,0,"Điều 36. Hành vi vi phạm quy định của pháp luật về thực hành tiết kiệm, chống lãng phí trong quản lý, sử dụng vốn và tài sản công tại công ty trách nhiệm hữu hạn một thành viên vốn nhà nước nhưng chưa đến mức truy cứu trách nhiệm hình sự","Điều 36. Hành vi vi phạm quy định của pháp luật về thực hành tiết kiệm, chống lãng phí trong quản lý, sử dụng vốn và tài sản công tại công ty trách nhiệm hữu hạn một thành viên vốn nhà nước nhưng chưa đến mức truy cứu trách nhiệm hình sự"
102/2017/nð-cp+46,102/2017/nđ-cp+46,0,Điều 46. Hồ sơ chuyển tiếp đăng ký thế chấp quyền tài sản phát sinh từ hợp đồng mua bán nhà ở,Điều 46. Hồ sơ chuyển tiếp đăng ký thế chấp quyền tài sản phát sinh từ hợp đồng mua bán nhà ở
155/2020/nd-cp+263,155/2020/nđ-cp+263,0,Điều 263. Hồ sơ điều chỉnh vốn điều lệ công ty đầu tư chứng khoán,Điều 263. Hồ sơ điều chỉnh vốn điều lệ công ty đầu tư chứng khoán
155/2020/nd-cp+283,155/2020/nđ-cp+283,0,Điều 283. Quyền và nghĩa vụ của Ủy ban kiểm toán,Điều 283. Quyền và nghĩa vụ của Ủy ban kiểm toán
24/2020/nd-cp+1,24/2020/nđ-cp+1,0,Điều 1. Phạm vi điều chỉnh,Điều 1. Phạm vi điều chỉnh
26/2014/ttlt-btc-bct+2,28/2018/tt-btc+2,0,Điều 2. Đối tượng áp dụng,Điều 2. Đối tượng áp dụng
155/2020/nd-cp+234,155/2020/nđ-cp+234,0,Điều 234. Hồ sơ đăng ký chào bán chứng chỉ quỹ đóng ra công chúng,Điều 234. Hồ sơ đăng ký chào bán chứng chỉ quỹ đóng ra công chúng
19/2019/nđ+10,19/2019/nđ-cp+10,0,Điều 10. Rút khỏi dây họ,Điều 10. Rút khỏi dây họ
146/2018/nð-cp+40,146/2018/nđ-cp+40,0,Điều 40. Điều khoản tham chiếu,Điều 40. Điều khoản tham chiếu
26/2019/tt-byt+8,55/2017/tt-byt+8,0,Điều 8. Điều Khoản tham chiếu,Điều 8. Điều khoản tham chiếu
29/2017/tt-byt+9,43/2017/tt-byt+9,0,Điều 9. Điều khoản tham chiếu,Điều 9. Điều khoản tham chiếu
146/2018/nð-cp+15,146/2018/nđ-cp+15,0,"Điều 15. Thủ tục khám bệnh, chữa bệnh bảo hiểm y tế","Điều 15. Thủ tục khám bệnh, chữa bệnh bảo hiểm y tế"
102/2017/nð-cp+6,102/2017/nđ-cp+6,0,Điều 6. Thời hạn có hiệu lực của đăng ký biện pháp bảo đảm,Điều 6. Thời hạn có hiệu lực của đăng ký biện pháp bảo đảm
146/2018/nð-cp+27,146/2018/nđ-cp+27,0,"Điều 27. Thanh toán chi phí khám bệnh, chữa bệnh một số trường hợp","Điều 27. Thanh toán chi phí khám bệnh, chữa bệnh một số trường hợp"
155/2020/nd-cp+222,155/2020/nđ-cp+222,0,Điều 222. Đăng ký thành lập quỹ thành viên,Điều 222. Đăng ký thành lập quỹ thành viên
155/2020/nd-cp+291,155/2020/nđ-cp+291,0,Điều 291. Trách nhiệm trung thực và tránh các xung đột về quyền lợi của người quản lý doanh nghiệp,Điều 291. Trách nhiệm trung thực và tránh các xung đột về quyền lợi của người quản lý doanh nghiệp
155/2020/nd-cp+131,155/2020/nđ-cp+131,0,"Điều 131. Trách nhiệm của tổ chức phát hành chứng khoán cơ sở để phát hành chứng chỉ lưu ký niêm yết, giao dịch tại Sở giao dịch chứng khoán nước ngoài","Điều 131. Trách nhiệm của tổ chức phát hành chứng khoán cơ sở để phát hành chứng chỉ lưu ký niêm yết, giao dịch tại Sở giao dịch chứng khoán nước ngoài"
155/2020/nd-cp+178,155/2020/nđ-cp+178,0,"Điều 178. Cấp Giấy chứng nhận đăng ký hoạt động văn phòng đại diện công ty chứng khoán, công ty quản lý quỹ nước ngoài tại Việt Nam","Điều 178. Cấp Giấy chứng nhận đăng ký hoạt động văn phòng đại diện công ty chứng khoán, công ty quản lý quỹ nước ngoài tại Việt Nam"
155/2020/nd-cp+229,155/2020/nđ-cp+229,0,"Điều 229. Hợp nhất, sáp nhập quỹ thành viên","Điều 229. Hợp nhất, sáp nhập quỹ thành viên"
146/2018/nð-cp+13,146/2018/nđ-cp+13,0,Điều 13. Thời hạn thẻ bảo hiểm y tế có giá trị sử dụng,Điều 13. Thời hạn thẻ bảo hiểm y tế có giá trị sử dụng
91/2019/nd-cp+38,91/2019/nđ-cp+38,0,Điều 38. Thẩm quyền của Chủ tịch Ủy ban nhân dân các cấp trong việc xử phạt vi phạm hành chính,Điều 38. Thẩm quyền của Chủ tịch Ủy ban nhân dân các cấp trong việc xử phạt vi phạm hành chính
102/2017/nð-cp+51,102/2017/nđ-cp+51,0,Điều 51. Hồ sơ đăng ký bảo lưu quyền sở hữu trong trường hợp mua bán tài sản là động sản khác có bảo lưu quyền sở hữu,Điều 51. Hồ sơ đăng ký bảo lưu quyền sở hữu trong trường hợp mua bán tài sản là động sản khác có bảo lưu quyền sở hữu
160/2016/tt-btc+7,161/2016/tt-btc+7,0,Điều 7. Quản lý và sử dụng phí,Điều 7. Quản lý và sử dụng phí
160/2016/tt-btc+7,163/2016/tt-btc+7,0,Điều 7. Quản lý và sử dụng phí,Điều 7. Quản lý và sử dụng phí
160/2016/tt-btc+7,182/2016/tt-btc+7,0,Điều 7. Quản lý và sử dụng phí,Điều 7. Quản lý và sử dụng phí
160/2016/tt-btc+7,275/2016/tt-btc+7,0,Điều 7. Quản lý và sử dụng phí,Điều 7. Quản lý và sử dụng phí
161/2016/tt-btc+7,163/2016/tt-btc+7,0,Điều 7. Quản lý và sử dụng phí,Điều 7. Quản lý và sử dụng phí
161/2016/tt-btc+7,182/2016/tt-btc+7,0,Điều 7. Quản lý và sử dụng phí,Điều 7. Quản lý và sử dụng phí
161/2016/tt-btc+7,275/2016/tt-btc+7,0,Điều 7. Quản lý và sử dụng phí,Điều 7. Quản lý và sử dụng phí
163/2016/tt-btc+7,182/2016/tt-btc+7,0,Điều 7. Quản lý và sử dụng phí,Điều 7. Quản lý và sử dụng phí
163/2016/tt-btc+7,275/2016/tt-btc+7,0,Điều 7. Quản lý và sử dụng phí,Điều 7. Quản lý và sử dụng phí
182/2016/tt-btc+7,275/2016/tt-btc+7,0,Điều 7. Quản lý và sử dụng phí,Điều 7. Quản lý và sử dụng phí
102/2017/nð-cp+3,102/2017/nđ-cp+3,0,Điều 3. Giải thích từ ngữ,Điều 3. Giải thích từ ngữ
155/2020/nd-cp+153,155/2020/nđ-cp+153,0,"Điều 153. Đình chỉ, chấm dứt hoạt động cung cấp dịch vụ bù trừ, thanh toán giao dịch chứng khoán","Điều 153. Đình chỉ, chấm dứt hoạt động cung cấp dịch vụ bù trừ, thanh toán giao dịch chứng khoán"
91/2019/nd-cp+4,91/2019/nđ-cp+4,0,Điều 4. Thời hiệu xử phạt vi phạm hành chính,Điều 4. Thời hiệu xử phạt vi phạm hành chính
43/2020/nđ-cp+2,82/2011/nđ-cp+2,0,Điều 2. Đối tượng áp dụng,Điều 2. Đối tượng áp dụng
91/2019/nd-cp+37,91/2019/nđ-cp+37,0,Điều 37. Vi phạm điều kiện về hoạt động dịch vụ trong lĩnh vực đất đai,Điều 37. Vi phạm điều kiện về hoạt động dịch vụ trong lĩnh vực đất đai
155/2020/nd-cp+96,155/2020/nđ-cp+96,0,"Điều 96. Thực hiện hoạt động chào bán, phát hành, chào mua công khai","Điều 96. Thực hiện hoạt động chào bán, phát hành, chào mua công khai"
15/2013/tt-btnmt+11,16/2013/tt-btnmt+11,0,Điều 11. Tổ chức thực hiện,Điều 11. Tổ chức thực hiện
15/2013/tt-btnmt+11,17/2013/tt-btnmt+11,0,Điều 11. Tổ chức thực hiện,Điều 11. Tổ chức thực hiện
16/2013/tt-btnmt+11,17/2013/tt-btnmt+11,0,Điều 11. Tổ chức thực hiện,Điều 11. Tổ chức thực hiện
155/2020/nd-cp+265,155/2020/nđ-cp+265,0,"Điều 265. Điều kiện hợp nhất, sáp nhập công ty đầu tư chứng khoán","Điều 265. Điều kiện hợp nhất, sáp nhập công ty đầu tư chứng khoán"
155/2020/nd-cp+52,155/2020/nđ-cp+52,0,Điều 52. Hồ sơ công ty đại chúng đăng ký phát hành cổ phiếu để hoán đổi cổ phần cho số cổ đông xác định trong công ty đại chúng khác,Điều 52. Hồ sơ công ty đại chúng đăng ký phát hành cổ phiếu để hoán đổi cổ phần cho số cổ đông xác định trong công ty đại chúng khác
63/2019/nđ-+64,63/2019/nđ-cp+64,0,"Điều 64. Thẩm quyền xử phạt của Tổng Giám đốc Kho bạc Nhà nước; Giám đốc Kho bạc Nhà nước tỉnh, thành phố trực thuộc trung ương","Điều 64. Thẩm quyền xử phạt của Tổng Giám đốc Kho bạc Nhà nước; Giám đốc Kho bạc Nhà nước tỉnh, thành phố trực thuộc trung ương"
01/2019/tt-bnv+2,02/2019/tt-bnv+2,0,Điều 2. Đối tượng áp dụng,Điều 2. Đối tượng áp dụng
102/2017/nð-cp+42,102/2017/nđ-cp+42,0,Điều 42. Hồ sơ đăng ký bảo lưu quyền sở hữu trong trường hợp mua bán tài sản gắn liền với đất có bảo lưu quyền sở hữu,Điều 42. Hồ sơ đăng ký bảo lưu quyền sở hữu trong trường hợp mua bán tài sản gắn liền với đất có bảo lưu quyền sở hữu
155/2020/nd-cp+272,155/2020/nđ-cp+272,0,Điều 272. Thẩm quyền của Đại hội đồng cổ đông,Điều 272. Thẩm quyền của Đại hội đồng cổ đông
05/2018/tt-bvhttdl+7,09/2018/tt-bvhttdl+7,0,Điều 7. Tổ chức thực hiện,Điều 7. Tổ chức thực hiện
05/2018/tt-bvhttdl+7,10/2018/tt-bvhttdl+7,0,Điều 7. Tổ chức thực hiện,Điều 7. Tổ chức thực hiện.
05/2018/tt-bvhttdl+7,11/2018/tt-bvhttdl+7,0,Điều 7. Tổ chức thực hiện,Điều 7. Tổ chức thực hiện
05/2018/tt-bvhttdl+7,13/2018/tt-bvhttdl+7,0,Điều 7. Tổ chức thực hiện,Điều 7. Tổ chức thực hiện
05/2018/tt-bvhttdl+7,18/2018/tt-bvhttdl+7,0,Điều 7. Tổ chức thực hiện,Điều 7. Tổ chức thực hiện
05/2018/tt-bvhttdl+7,20/2018/tt-bvhttdl+7,0,Điều 7. Tổ chức thực hiện,Điều 7. Tổ chức thực hiện
05/2018/tt-bvhttdl+7,27/2018/tt-bvhttdl+7,0,Điều 7. Tổ chức thực hiện,Điều 7. Tổ chức thực hiện
05/2018/tt-bvhttdl+7,31/2018/tt-bvhttdl+7,0,Điều 7. Tổ chức thực hiện,Điều 7. Tổ chức thực hiện
05/2018/tt-bvhttdl+7,32/2018/tt-bvhttdl+7,0,Điều 7. Tổ chức thực hiện,Điều 7. Tổ chức thực hiện
09/2018/tt-bvhttdl+7,10/2018/tt-bvhttdl+7,0,Điều 7. Tổ chức thực hiện,Điều 7. Tổ chức thực hiện.
09/2018/tt-bvhttdl+7,11/2018/tt-bvhttdl+7,0,Điều 7. Tổ chức thực hiện,Điều 7. Tổ chức thực hiện
09/2018/tt-bvhttdl+7,13/2018/tt-bvhttdl+7,0,Điều 7. Tổ chức thực hiện,Điều 7. Tổ chức thực hiện
09/2018/tt-bvhttdl+7,18/2018/tt-bvhttdl+7,0,Điều 7. Tổ chức thực hiện,Điều 7. Tổ chức thực hiện
09/2018/tt-bvhttdl+7,20/2018/tt-bvhttdl+7,0,Điều 7. Tổ chức thực hiện,Điều 7. Tổ chức thực hiện
09/2018/tt-bvhttdl+7,27/2018/tt-bvhttdl+7,0,Điều 7. Tổ chức thực hiện,Điều 7. Tổ chức thực hiện
09/2018/tt-bvhttdl+7,31/2018/tt-bvhttdl+7,0,Điều 7. Tổ chức thực hiện,Điều 7. Tổ chức thực hiện
09/2018/tt-bvhttdl+7,32/2018/tt-bvhttdl+7,0,Điều 7. Tổ chức thực hiện,Điều 7. Tổ chức thực hiện
10/2018/tt-bvhttdl+7,11/2018/tt-bvhttdl+7,0,Điều 7. Tổ chức thực hiện.,Điều 7. Tổ chức thực hiện
10/2018/tt-bvhttdl+7,13/2018/tt-bvhttdl+7,0,Điều 7. Tổ chức thực hiện.,Điều 7. Tổ chức thực hiện
10/2018/tt-bvhttdl+7,18/2018/tt-bvhttdl+7,0,Điều 7. Tổ chức thực hiện.,Điều 7. Tổ chức thực hiện
10/2018/tt-bvhttdl+7,20/2018/tt-bvhttdl+7,0,Điều 7. Tổ chức thực hiện.,Điều 7. Tổ chức thực hiện
10/2018/tt-bvhttdl+7,27/2018/tt-bvhttdl+7,0,Điều 7. Tổ chức thực hiện.,Điều 7. Tổ chức thực hiện
10/2018/tt-bvhttdl+7,31/2018/tt-bvhttdl+7,0,Điều 7. Tổ chức thực hiện.,Điều 7. Tổ chức thực hiện
10/2018/tt-bvhttdl+7,32/2018/tt-bvhttdl+7,0,Điều 7. Tổ chức thực hiện.,Điều 7. Tổ chức thực hiện
11/2018/tt-bvhttdl+7,13/2018/tt-bvhttdl+7,0,Điều 7. Tổ chức thực hiện,Điều 7. Tổ chức thực hiện
11/2018/tt-bvhttdl+7,18/2018/tt-bvhttdl+7,0,Điều 7. Tổ chức thực hiện,Điều 7. Tổ chức thực hiện
11/2018/tt-bvhttdl+7,20/2018/tt-bvhttdl+7,0,Điều 7. Tổ chức thực hiện,Điều 7. Tổ chức thực hiện
11/2018/tt-bvhttdl+7,27/2018/tt-bvhttdl+7,0,Điều 7. Tổ chức thực hiện,Điều 7. Tổ chức thực hiện
11/2018/tt-bvhttdl+7,31/2018/tt-bvhttdl+7,0,Điều 7. Tổ chức thực hiện,Điều 7. Tổ chức thực hiện
11/2018/tt-bvhttdl+7,32/2018/tt-bvhttdl+7,0,Điều 7. Tổ chức thực hiện,Điều 7. Tổ chức thực hiện
13/2018/tt-bvhttdl+7,18/2018/tt-bvhttdl+7,0,Điều 7. Tổ chức thực hiện,Điều 7. Tổ chức thực hiện
13/2018/tt-bvhttdl+7,20/2018/tt-bvhttdl+7,0,Điều 7. Tổ chức thực hiện,Điều 7. Tổ chức thực hiện
13/2018/tt-bvhttdl+7,27/2018/tt-bvhttdl+7,0,Điều 7. Tổ chức thực hiện,Điều 7. Tổ chức thực hiện
13/2018/tt-bvhttdl+7,31/2018/tt-bvhttdl+7,0,Điều 7. Tổ chức thực hiện,Điều 7. Tổ chức thực hiện
13/2018/tt-bvhttdl+7,32/2018/tt-bvhttdl+7,0,Điều 7. Tổ chức thực hiện,Điều 7. Tổ chức thực hiện
155/2020/nd-cp+170,155/2020/nđ-cp+170,0,"Điều 170. Hồ sơ, thủ tục thực hiện đăng ký, thay đổi, sửa chữa biện pháp bảo đảm; xóa đăng ký biện pháp bảo đảm","Điều 170. Hồ sơ, thủ tục thực hiện đăng ký, thay đổi, sửa chữa biện pháp bảo đảm; xóa đăng ký biện pháp bảo đảm"
18/2018/tt-bvhttdl+7,20/2018/tt-bvhttdl+7,0,Điều 7. Tổ chức thực hiện,Điều 7. Tổ chức thực hiện
18/2018/tt-bvhttdl+7,27/2018/tt-bvhttdl+7,0,Điều 7. Tổ chức thực hiện,Điều 7. Tổ chức thực hiện
18/2018/tt-bvhttdl+7,31/2018/tt-bvhttdl+7,0,Điều 7. Tổ chức thực hiện,Điều 7. Tổ chức thực hiện
18/2018/tt-bvhttdl+7,32/2018/tt-bvhttdl+7,0,Điều 7. Tổ chức thực hiện,Điều 7. Tổ chức thực hiện
20/2018/tt-bvhttdl+7,27/2018/tt-bvhttdl+7,0,Điều 7. Tổ chức thực hiện,Điều 7. Tổ chức thực hiện
20/2018/tt-bvhttdl+7,31/2018/tt-bvhttdl+7,0,Điều 7. Tổ chức thực hiện,Điều 7. Tổ chức thực hiện
20/2018/tt-bvhttdl+7,32/2018/tt-bvhttdl+7,0,Điều 7. Tổ chức thực hiện,Điều 7. Tổ chức thực hiện
27/2018/tt-bvhttdl+7,31/2018/tt-bvhttdl+7,0,Điều 7. Tổ chức thực hiện,Điều 7. Tổ chức thực hiện
27/2018/tt-bvhttdl+7,32/2018/tt-bvhttdl+7,0,Điều 7. Tổ chức thực hiện,Điều 7. Tổ chức thực hiện
31/2018/tt-bvhttdl+7,32/2018/tt-bvhttdl+7,0,Điều 7. Tổ chức thực hiện,Điều 7. Tổ chức thực hiện
155/2020/nd-cp+156,155/2020/nđ-cp+156,0,"Điều 156. Hoạt động cung cấp dịch vụ bù trừ, thanh toán giao dịch chứng khoán của Tổng công ty lưu ký và bù trừ chứng khoán Việt Nam","Điều 156. Hoạt động cung cấp dịch vụ bù trừ, thanh toán giao dịch chứng khoán của Tổng công ty lưu ký và bù trừ chứng khoán Việt Nam"
102/2017/nð-cp+19,102/2017/nđ-cp+19,0,Điều 19. Đăng ký văn bản thông báo xử lý tài sản bảo đảm,Điều 19. Đăng ký văn bản thông báo xử lý tài sản bảo đảm
91/2019/nd-cp+25,91/2019/nđ-cp+25,0,"Điều 25. Chuyển nhượng, tặng cho quyền sử dụng đất có điều kiện của hộ gia đình, cá nhân mà không đủ điều kiện quy định tại Điều 192 của Luật đất đai","Điều 25. Chuyển nhượng, tặng cho quyền sử dụng đất có điều kiện của hộ gia đình, cá nhân mà không đủ điều kiện quy định tại Điều 192 của Luật đất đai"
155/2020/nd-cp+254,155/2020/nđ-cp+254,0,Điều 254. Hồ sơ thành lập quỹ hoán đổi danh mục,Điều 254. Hồ sơ thành lập quỹ hoán đổi danh mục
63/2019/nđ-+5,63/2019/nđ-cp+5,0,Điều 5. Áp dụng mức phạt tiền,Điều 5. Áp dụng mức phạt tiền
155/2020/nd-cp+58,155/2020/nđ-cp+58,0,Điều 58. Hồ sơ công ty đại chúng đăng ký phát hành cổ phiếu để hoán đổi nợ,Điều 58. Hồ sơ công ty đại chúng đăng ký phát hành cổ phiếu để hoán đổi nợ
155/2020/nd-cp+73,155/2020/nđ-cp+73,0,Điều 73. Điều kiện phát hành cổ phiếu mới làm cơ sở chào bán chứng chỉ lưu ký tại nước ngoài,Điều 73. Điều kiện phát hành cổ phiếu mới làm cơ sở chào bán chứng chỉ lưu ký tại nước ngoài
03/2021/tt-bgddt+9,03/2021/tt-bgdđt+9,0,Điều 9. Điều khoản chuyển tiếp,Điều 9. Điều khoản chuyển tiếp
155/2020/nd-cp+29,155/2020/nđ-cp+29,0,Điều 29. Hồ sơ đăng ký chào bán chứng khoán ra công chúng cho nhiều đợt chào bán,Điều 29. Hồ sơ đăng ký chào bán chứng khoán ra công chúng cho nhiều đợt chào bán
155/2020/nd-cp+14,155/2020/nđ-cp+14,0,Điều 14. Hồ sơ đăng ký chào bán cổ phiếu ra công chúng của cổ đông công ty đại chúng,Điều 14. Hồ sơ đăng ký chào bán cổ phiếu ra công chúng của cổ đông công ty đại chúng
63/2019/nđ-+54,63/2019/nđ-cp+54,0,Điều 54. Hành vi vi phạm quy định về khoản chi ngân sách nhà nước phải có trong dự toán ngân sách nhà nước được cấp có thẩm quyền giao,Điều 54. Hành vi vi phạm quy định về khoản chi ngân sách nhà nước phải có trong dự toán ngân sách nhà nước được cấp có thẩm quyền giao
155/2020/nd-cp+44,155/2020/nđ-cp+44,0,Điều 44. Điều kiện công ty đại chúng chào bán cổ phiếu riêng lẻ với giá thấp hơn mệnh giá,Điều 44. Điều kiện công ty đại chúng chào bán cổ phiếu riêng lẻ với giá thấp hơn mệnh giá
155/2020/nd-cp+274,155/2020/nđ-cp+274,0,"Điều 274. Ứng cử, đề cử thành viên Hội đồng quản trị","Điều 274. Ứng cử, đề cử thành viên Hội đồng quản trị"
102/2017/nð-cp+29,102/2017/nđ-cp+29,0,Điều 29. Hồ sơ xóa đăng ký biện pháp bảo đảm bằng tàu bay,Điều 29. Hồ sơ xóa đăng ký biện pháp bảo đảm bằng tàu bay
155/2020/nd-cp+51,155/2020/nđ-cp+51,0,Điều 51. Điều kiện công ty đại chúng phát hành cổ phiếu để hoán đổi cổ phần cho số cổ đông xác định trong công ty đại chúng khác,Điều 51. Điều kiện công ty đại chúng phát hành cổ phiếu để hoán đổi cổ phần cho số cổ đông xác định trong công ty đại chúng khác
84/2019/nđ-+3,84/2019/nđ-cp+3,0,Điều 3. Phân loại phân bón,Điều 3. Phân loại phân bón
03/2018/tt-byt+16,04/2018/tt-byt+16,0,Điều 16. Điều khoản tham chiếu,Điều 16. Điều Khoản tham chiếu
03/2018/tt-byt+16,52/2017/tt-byt+16,0,Điều 16. Điều khoản tham chiếu,Điều 16. Điều khoản tham chiếu
04/2018/tt-byt+16,52/2017/tt-byt+16,0,Điều 16. Điều Khoản tham chiếu,Điều 16. Điều khoản tham chiếu
155/2020/nd-cp+279,155/2020/nđ-cp+279,0,Điều 279. Cuộc họp Hội đồng quản trị,Điều 279. Cuộc họp Hội đồng quản trị
215/2016/tt-btc+6,281/2016/tt-btc+6,0,"Điều 6. Kê khai, nộp phí, lệ phí","Điều 6. Kê khai, nộp phí, lệ phí"
63/2019/nđ-+11,63/2019/nđ-cp+11,0,"Điều 11. Hành vi vi phạm hành chính đối với các quy định về lấn chiếm trụ sở làm việc, cơ sở hoạt động sự nghiệp","Điều 11. Hành vi vi phạm hành chính đối với các quy định về lấn chiếm trụ sở làm việc, cơ sở hoạt động sự nghiệp"
03/2021/tt-bgddt+4,03/2021/tt-bgdđt+4,0,Điều 4. Giáo viên trung học cơ sở hạng II - Mã số V.07.04.31,Điều 4. Giáo viên trung học cơ sở hạng II - Mã số V.07.04.31
160/2016/tt-btc+6,161/2016/tt-btc+6,0,"Điều 6. Kê khai, thu, nộp phí","Điều 6. Kê khai, thu nộp phí"
160/2016/tt-btc+6,163/2016/tt-btc+6,0,"Điều 6. Kê khai, thu, nộp phí","Điều 6. Kê khai, thu, nộp phí"
161/2016/tt-btc+6,163/2016/tt-btc+6,0,"Điều 6. Kê khai, thu nộp phí","Điều 6. Kê khai, thu, nộp phí"
155/2020/nd-cp+67,155/2020/nđ-cp+67,0,"Điều 67. Trình tự, thủ tục công ty đại chúng phát hành cổ phiếu để chuyển đổi trái phiếu chuyển đổi","Điều 67. Trình tự, thủ tục công ty đại chúng phát hành cổ phiếu để chuyển đổi trái phiếu chuyển đổi"
155/2020/nd-cp+223,155/2020/nđ-cp+223,0,Điều 223. Hồ sơ đăng ký lập quỹ thành viên,Điều 223. Hồ sơ đăng ký lập quỹ thành viên
155/2020/nd-cp+9,155/2020/nđ-cp+9,0,"Điều 9. Báo cáo và công bố thông tin về việc sử dụng vốn, số tiền thu được từ đợt chào bán, đợt phát hành","Điều 9. Báo cáo và công bố thông tin về việc sử dụng vốn, số tiền thu được từ đợt chào bán, đợt phát hành"
09/2014/ttlt-btp-tandtc-vksndtc+19,09/2014/ttlt-btp-tandtc-vksndtc-btc+19,0,"Điều 19. Thẻ, trang phục của Thừa phát lại","Điều 19. Thẻ, trang phục của Thừa phát lại"
102/2017/nð-cp+40,102/2017/nđ-cp+40,0,"Điều 40. Hồ sơ đăng ký thế chấp dự án đầu tư xây dựng nhà ở, nhà ở hình thành trong tương lai","Điều 40. Hồ sơ đăng ký thế chấp dự án đầu tư xây dựng nhà ở, nhà ở hình thành trong tương lai"
63/2019/nđ-+62,63/2019/nđ-cp+62,0,Điều 62. Thẩm quyền lập biên bản vi phạm hành chính trong lĩnh vực kho bạc nhà nước,Điều 62. Thẩm quyền lập biên bản vi phạm hành chính trong lĩnh vực kho bạc nhà nước
24/2020/nd-cp+20,24/2020/nđ-cp+20,0,Điều 20. Trách nhiệm quản lý nhà nước của Bộ Lao động - Thương binh và Xã hội,Điều 20. Trách nhiệm quản lý nhà nước của Bộ Lao động - Thương binh và Xã hội
24/2020/nd-cp+2,24/2020/nđ-cp+2,0,Điều 2. Đối tượng áp dụng,Điều 2. Đối tượng áp dụng
102/2017/nð-cp+9,102/2017/nđ-cp+9,0,"Điều 9. Cơ quan có thẩm quyền đăng ký, cung cấp thông tin về biện pháp bảo đảm","Điều 9. Cơ quan có thẩm quyền đăng ký, cung cấp thông tin về biện pháp bảo đảm"
155/2020/nd-cp+21,155/2020/nđ-cp+21,0,"Điều 21. Điều kiện chào bán trái phiếu chuyển đổi, trái phiếu kèm chứng quyền ra công chúng của công ty đại chúng","Điều 21. Điều kiện chào bán trái phiếu chuyển đổi, trái phiếu kèm chứng quyền ra công chúng của công ty đại chúng"
155/2020/nd-cp+95,155/2020/nđ-cp+95,0,Điều 95. Báo cáo và công bố thông tin về kết quả chào mua công khai,Điều 95. Báo cáo và công bố thông tin về kết quả chào mua công khai
24/2020/nd-cp+5,24/2020/nđ-cp+5,0,Điều 5. Một số biện pháp quản lý việc quảng cáo rượu có độ cồn dưới 15 độ và bia,Điều 5. Một số biện pháp quản lý việc quảng cáo rượu có độ cồn dưới 15 độ và bia
01/2015/tt-byt+12,06/2012/tt-byt+12,0,Điều 12. Điều khoản tham chiếu,Điều 12. Điều khoản tham chiếu
20/2012/nđ-cp+2,59/2020/nđ-cp+2,0,Điều 2. Đối tượng áp dụng,Điều 2. Đối tượng áp dụng
155/2020/nd-cp+188,155/2020/nđ-cp+188,0,"Điều 188. Giảm vốn điều lệ của công ty chứng khoán, công ty quản lý quỹ đầu tư chứng khoán, chi nhánh công ty chứng khoán, công ty quản lý quỹ nước ngoài tại Việt Nam","Điều 188. Giảm vốn điều lệ của công ty chứng khoán, công ty quản lý quỹ đầu tư chứng khoán, chi nhánh công ty chứng khoán, công ty quản lý quỹ nước ngoài tại Việt Nam"
155/2020/nd-cp+39,155/2020/nđ-cp+39,0,Điều 39. Điều kiện chào bán chứng khoán ra công chúng của tổ chức tín dụng được kiểm soát đặc biệt,Điều 39. Điều kiện chào bán chứng khoán ra công chúng của tổ chức tín dụng được kiểm soát đặc biệt
155/2020/nd-cp+121,155/2020/nđ-cp+121,0,Điều 121. Huỷ bỏ niêm yết chứng khoán tự nguyện,Điều 121. Huỷ bỏ niêm yết chứng khoán tự nguyện
155/2020/nd-cp+172,155/2020/nđ-cp+172,0,Điều 172. Xử lý tài sản bảo đảm là chứng khoán đã đăng ký biện pháp bảo đảm,Điều 172. Xử lý tài sản bảo đảm là chứng khoán đã đăng ký biện pháp bảo đảm
155/2020/nd-cp+125,155/2020/nđ-cp+125,0,Điều 125. Hủy bỏ niêm yết,Điều 125. Hủy bỏ niêm yết
155/2020/nd-cp+71,155/2020/nđ-cp+71,0,Điều 71. Điều kiện chào bán cổ phiếu ra nước ngoài của công ty đại chúng,Điều 71. Điều kiện chào bán cổ phiếu ra nước ngoài của công ty đại chúng
63/2019/nđ-+8,63/2019/nđ-cp+8,0,"Điều 8. Hành vi vi phạm hành chính đối với các quy định về giao, sử dụng tài sản công, hủy hoại hoặc cố ý làm hư hỏng tài sản công","Điều 8. Hành vi vi phạm hành chính đối với các quy định về giao, sử dụng tài sản công, hủy hoại hoặc cố ý làm hư hỏng tài sản công"
155/2020/nd-cp+147,155/2020/nđ-cp+147,0,"Điều 147. Đình chỉ sử dụng, hủy bỏ mã số giao dịch chứng khoán","Điều 147. Đình chỉ sử dụng, hủy bỏ mã số giao dịch chứng khoán"
155/2020/nd-cp+253,155/2020/nđ-cp+253,0,Điều 253. Hồ sơ đăng ký chào bán chứng chỉ quỹ hoán đổi danh mục lần đầu ra công chúng,Điều 253. Hồ sơ đăng ký chào bán chứng chỉ quỹ hoán đổi danh mục lần đầu ra công chúng
155/2020/nd-cp+180,155/2020/nđ-cp+180,0,Điều 180. Hồ sơ đề nghị rút nghiệp vụ kinh doanh chứng khoán của công ty chứng khoán,Điều 180. Hồ sơ đề nghị rút nghiệp vụ kinh doanh chứng khoán của công ty chứng khoán
19/2019/nđ+12,19/2019/nđ-cp+12,0,Điều 12. Sổ họ,Điều 12. Sổ họ
155/2020/nd-cp+213,155/2020/nđ-cp+213,0,"Điều 213. Điều kiện, hồ sơ, thủ tục cấp chứng chỉ hành nghề chứng khoán","Điều 213. Điều kiện, hồ sơ, thủ tục cấp chứng chỉ hành nghề chứng khoán"
03/2021/tt-bgddt+2,03/2021/tt-bgdđt+2,0,"Điều 2. Mã số, hạng chức danh nghề nghiệp giáo viên trung học cơ sở","Điều 2. Mã số, hạng chức danh nghề nghiệp giáo viên trung học cơ sở"
146/2018/nð-cp+9,146/2018/nđ-cp+9,0,Điều 9. Phương thức đóng bảo hiểm y tế của một số đối tượng,Điều 9. Phương thức đóng bảo hiểm y tế của một số đối tượng
19/2019/nđ+22,19/2019/nđ-cp+22,0,"Điều 22. Lãi suất trong trường hợp chậm góp, chậm giao phần họ","Điều 22. Lãi suất trong trường hợp chậm góp, chậm giao phần họ"
155/2020/nd-cp+15,155/2020/nđ-cp+15,0,Điều 15. Điều kiện chào bán cổ phiếu lần đầu ra công chúng để chuyển đổi công ty trách nhiệm hữu hạn thành công ty cổ phần,Điều 15. Điều kiện chào bán cổ phiếu lần đầu ra công chúng để chuyển đổi công ty trách nhiệm hữu hạn thành công ty cổ phần
63/2019/nđ-+33,63/2019/nđ-cp+33,0,"Điều 33. Hành vi vi phạm quy định của pháp luật về thực hành tiết kiệm, chống lãng phí trong khai thác, sử dụng tài nguyên nhưng chưa đến mức truy cứu trách nhiệm hình sự","Điều 33. Hành vi vi phạm quy định của pháp luật về thực hành tiết kiệm, chống lãng phí trong khai thác, sử dụng tài nguyên nhưng chưa đến mức truy cứu trách nhiệm hình sự"
09/2014/ttlt-btp-tandtc-vksndtc+18,09/2014/ttlt-btp-tandtc-vksndtc-btc+18,0,Điều 18. Chế độ hoạt động của Văn phòng Thừa phát lại,Điều 18. Chế độ hoạt động của Văn phòng Thừa phát lại
102/2017/nð-cp+49,102/2017/nđ-cp+49,0,Điều 49. Thủ tục chuyển tiếp đăng ký thế chấp quyền tài sản phát sinh từ hợp đồng mua bán nhà ở,Điều 49. Thủ tục chuyển tiếp đăng ký thế chấp quyền tài sản phát sinh từ hợp đồng mua bán nhà ở
146/2018/nð-cp+16,146/2018/nđ-cp+16,0,"Điều 16. Hồ sơ ký hợp đồng khám bệnh, chữa bệnh bảo hiểm y tế","Điều 16. Hồ sơ ký hợp đồng khám bệnh, chữa bệnh bảo hiểm y tế"
146/2018/nð-cp+41,146/2018/nđ-cp+41,0,Điều 41. Hiệu lực thi hành,Điều 41. Hiệu lực thi hành
155/2020/nd-cp+70,155/2020/nđ-cp+70,0,Điều 70. Chào bán trái phiếu tại nước ngoài,Điều 70. Chào bán trái phiếu tại nước ngoài
155/2020/nd-cp+250,155/2020/nđ-cp+250,0,Điều 250. Chỉ số tham chiếu của quỹ hoán đổi danh mục,Điều 250. Chỉ số tham chiếu của quỹ hoán đổi danh mục
155/2020/nd-cp+163,155/2020/nđ-cp+163,0,Điều 163. Thu hồi Giấy chứng nhận thành viên bù trừ,Điều 163. Thu hồi Giấy chứng nhận thành viên bù trừ
155/2020/nd-cp+162,155/2020/nđ-cp+162,0,Điều 162. Thu hồi Giấy chứng nhận thành viên lưu ký,Điều 162. Thu hồi Giấy chứng nhận thành viên lưu ký
03/2021/tt-bgddt+8,03/2021/tt-bgdđt+8,0,Điều 8. Cách xếp lương,Điều 8. Cách xếp lương
19/2019/nđ+14,19/2019/nđ-cp+14,0,Điều 14. Thông báo về việc tổ chức dây họ,Điều 14. Thông báo về việc tổ chức dây họ
19/2019/nđ+25,19/2019/nđ-cp+25,0,Điều 25. Giải quyết tranh chấp và xử lý vi phạm,Điều 25. Giải quyết tranh chấp và xử lý vi phạm
29/2018/nđ-cp+2,57/2018/tt-btc+2,0,Điều 2. Đối tượng áp dụng,Điều 2. Đối tượng áp dụng
155/2020/nd-cp+41,155/2020/nđ-cp+41,0,"Điều 41. Trình tự, thủ tục chào bán chứng khoán ra công chúng","Điều 41. Trình tự, thủ tục chào bán chứng khoán ra công chúng"
102/2017/nð-cp+56,102/2017/nđ-cp+56,0,Điều 56. Thủ tục đăng ký trực tuyến,Điều 56. Thủ tục đăng ký trực tuyến
91/2019/nd-cp+28,91/2019/nđ-cp+28,0,"Điều 28. Nhận chuyển nhượng, nhận góp vốn, thuê quyền sử dụng đất nông nghiệp để thực hiện dự án đầu tư sản xuất, kinh doanh phi nông nghiệp mà không đủ điều kiện quy định tại Điều 193 của Luật đất đai","Điều 28. Nhận chuyển nhượng, nhận góp vốn, thuê quyền sử dụng đất nông nghiệp để thực hiện dự án đầu tư sản xuất, kinh doanh phi nông nghiệp mà không đủ điều kiện quy định tại Điều 193 của Luật đất đai"
155/2020/nd-cp+107,155/2020/nđ-cp+107,0,Điều 107. Quy định chung,Điều 107. Quy định chung
07/2015/tt-byt+14,44/2018/tt-byt+14,0,Điều 14. Điều khoản tham chiếu,Điều 14. Điều khoản tham chiếu
155/2020/nd-cp+201,155/2020/nđ-cp+201,0,Điều 201. Điều kiện cung cấp dịch vụ giao dịch chứng khoán trực tuyến của công ty chứng khoán,Điều 201. Điều kiện cung cấp dịch vụ giao dịch chứng khoán trực tuyến của công ty chứng khoán
102/2017/nð-cp+10,102/2017/nđ-cp+10,0,"Điều 10. Nhiệm vụ, quyền hạn, trách nhiệm của cơ quan đăng ký, cung cấp thông tin về biện pháp bảo đảm","Điều 10. Nhiệm vụ, quyền hạn, trách nhiệm của cơ quan đăng ký, cung cấp thông tin về biện pháp bảo đảm"
155/2020/nd-cp+79,155/2020/nđ-cp+79,0,"Điều 79. Hủy chứng chỉ lưu ký, phát hành chứng chỉ lưu ký mới tại nước ngoài","Điều 79. Hủy chứng chỉ lưu ký, phát hành chứng chỉ lưu ký mới tại nước ngoài"
155/2020/nd-cp+124,155/2020/nđ-cp+124,0,"Điều 124. Hồ sơ, thủ tục đăng ký niêm yết chứng khoán của tổ chức phát hành nước ngoài","Điều 124. Hồ sơ, thủ tục đăng ký niêm yết chứng khoán của tổ chức phát hành nước ngoài"
146/2018/nð-cp+23,146/2018/nđ-cp+23,0,Điều 23. Các trường hợp chấm dứt hợp đồng,Điều 23. Các trường hợp chấm dứt hợp đồng
155/2020/nd-cp+205,155/2020/nđ-cp+205,0,"Điều 205. Trình tự, thủ tục chấp thuận thực hiện các hoạt động phải được Ủy ban Chứng khoán Nhà nước chấp thuận","Điều 205. Trình tự, thủ tục chấp thuận thực hiện các hoạt động phải được Ủy ban Chứng khoán Nhà nước chấp thuận"
102/2017/nð-cp+69,102/2017/nđ-cp+69,0,Điều 69. Điều khoản chuyển tiếp,Điều 69. Điều khoản chuyển tiếp
09/2014/ttlt-btp-tandtc-vksndtc+12,09/2014/ttlt-btp-tandtc-vksndtc-btc+12,0,Điều 12. Đối tượng chịu chi phí tống đạt,Điều 12. Đối tượng chịu chi phí tống đạt
102/2017/nð-cp+65,102/2017/nđ-cp+65,0,Điều 65. Nội dung quản lý nhà nước về đăng ký biện pháp bảo đảm,Điều 65. Nội dung quản lý nhà nước về đăng ký biện pháp bảo đảm
155/2020/nd-cp+139,155/2020/nđ-cp+139,0,Điều 139. Tỷ lệ sở hữu nước ngoài trên thị trường chứng khoán Việt Nam,Điều 139. Tỷ lệ sở hữu nước ngoài trên thị trường chứng khoán Việt Nam
155/2020/nd-cp+281,155/2020/nđ-cp+281,0,Điều 281. Người phụ trách quản trị công ty,Điều 281. Người phụ trách quản trị công ty
03/2021/tt-bgddt+5,03/2021/tt-bgdđt+5,0,Điều 5. Giáo viên trung học cơ sở hạng I - Mã số V.07.04.30,Điều 5. Giáo viên trung học cơ sở hạng I - Mã số V.07.04.30
63/2019/nđ-+46,63/2019/nđ-cp+46,0,Điều 46. Hành vi vi phạm quy định về tiếp nhận hàng dự trữ quốc gia nhưng chưa đến mức truy cứu trách nhiệm hình sự,Điều 46. Hành vi vi phạm quy định về tiếp nhận hàng dự trữ quốc gia nhưng chưa đến mức truy cứu trách nhiệm hình sự
155/2020/nd-cp+134,155/2020/nđ-cp+134,0,Điều 134. Hồ sơ đăng ký giao dịch,Điều 134. Hồ sơ đăng ký giao dịch
63/2019/nđ-+50,63/2019/nđ-cp+50,0,Điều 50. Thẩm quyền lập biên bản vi phạm hành chính trong lĩnh vực dự trữ quốc gia,Điều 50. Thẩm quyền lập biên bản vi phạm hành chính trong lĩnh vực dự trữ quốc gia
155/2020/nd-cp+126,155/2020/nđ-cp+126,0,"Điều 126: Điều kiện niêm yết, giao dịch chứng khoán tại Sở giao dịch chứng khoán nước ngoài","Điều 126: Điều kiện niêm yết, giao dịch chứng khoán tại Sở giao dịch chứng khoán nước ngoài"
146/2018/nð-cp+35,146/2018/nđ-cp+35,0,Điều 35. Quản lý và sử dụng quỹ dự phòng,Điều 35. Quản lý và sử dụng quỹ dự phòng
155/2020/nd-cp+113,155/2020/nđ-cp+113,0,"Điều 113. Hồ sơ, thủ tục đăng ký niêm yết cổ phiếu tại Sở giao dịch chứng khoán của các công ty đại chúng sau quá trình hợp nhất doanh nghiệp","Điều 113. Hồ sơ, thủ tục đăng ký niêm yết cổ phiếu tại Sở giao dịch chứng khoán của các công ty đại chúng sau quá trình hợp nhất doanh nghiệp"
63/2019/nđ-+16,63/2019/nđ-cp+16,0,Điều 16. Hành vi vi phạm hành chính đối với các quy định về tổ chức xử lý tài sản công,Điều 16. Hành vi vi phạm hành chính đối với các quy định về tổ chức xử lý tài sản công
155/2020/nd-cp+78,155/2020/nđ-cp+78,0,"Điều 78. Trình tự, thủ tục phát hành cổ phiếu mới làm cơ sở cho chào bán chứng chỉ lưu ký tại nước ngoài và đăng ký hỗ trợ phát hành chứng chỉ lưu ký tại nước ngoài trên cơ sở số cổ phiếu đang lưu hành tại Việt Nam","Điều 78. Trình tự, thủ tục phát hành cổ phiếu mới làm cơ sở cho chào bán chứng chỉ lưu ký tại nước ngoài và đăng ký hỗ trợ phát hành chứng chỉ lưu ký tại nước ngoài trên cơ sở số cổ phiếu đang lưu hành tại Việt Nam"
288/2016/tt-btc+7,289/2016/tt-btc+7,0,Điều 7. Quản lý và sử dụng phí,Điều 7. Quản lý và sử dụng phí
63/2019/nđ-+27,63/2019/nđ-cp+27,0,Điều 27. Hành vi vi phạm quy định về việc đăng nhập và sử dụng số liệu về tài sản kết cấu hạ tầng,Điều 27. Hành vi vi phạm quy định về việc đăng nhập và sử dụng số liệu về tài sản kết cấu hạ tầng
155/2020/nd-cp+42,155/2020/nđ-cp+42,0,"Điều 42. Xử lý cổ phiếu nhà đầu tư không đăng ký mua, không nộp tiền mua, số cổ phiếu lẻ","Điều 42. Xử lý cổ phiếu nhà đầu tư không đăng ký mua, không nộp tiền mua, số cổ phiếu lẻ"
155/2020/nd-cp+173,155/2020/nđ-cp+173,0,"Điều 173. Nhiệm vụ, quyền hạn, trách nhiệm của Tổng công ty lưu ký và bù trừ chứng khoán Việt Nam về hoạt động đăng ký biện pháp bảo đảm","Điều 173. Nhiệm vụ, quyền hạn, trách nhiệm của Tổng công ty lưu ký và bù trừ chứng khoán Việt Nam về hoạt động đăng ký biện pháp bảo đảm"
102/2017/nð-cp+61,102/2017/nđ-cp+61,0,Điều 61. Từ chối cung cấp thông tin về biện pháp bảo đảm,Điều 61. Từ chối cung cấp thông tin về biện pháp bảo đảm
155/2020/nd-cp+148,155/2020/nđ-cp+148,0,Điều 148. Thay đổi thông tin liên quan đến mã số giao dịch chứng khoán phải báo cáo Tổng công ty lưu ký và bù trừ chứng khoán Việt Nam,Điều 148. Thay đổi thông tin liên quan đến mã số giao dịch chứng khoán phải báo cáo Tổng công ty lưu ký và bù trừ chứng khoán Việt Nam
06/2011/tt-bgtvt+6,216/2011/tt-bqp+6,0,Điều 6. Chương trình bồi dưỡng kiến thức pháp luật về giao thông đường bộ,Điều 6. Chương trình bồi dưỡng kiến thức pháp luật về giao thông đường bộ
63/2019/nđ-+41,63/2019/nđ-cp+41,0,Điều 41. Hành vi vi phạm quy định về quản lý hàng dự trữ quốc gia,Điều 41. Hành vi vi phạm quy định về quản lý hàng dự trữ quốc gia
155/2020/nd-cp+224,155/2020/nđ-cp+224,0,"Điều 224. Điều kiện tăng, giảm vốn điều lệ quỹ thành viên","Điều 224. Điều kiện tăng, giảm vốn điều lệ quỹ thành viên"
146/2018/nð-cp+19,146/2018/nđ-cp+19,0,"Điều 19. Hợp đồng khám bệnh, chữa bệnh bảo hiểm y tế tại trạm y tế xã, phường, nhà hộ sinh công lập, phòng khám đa khoa khu vực, cơ sở khám bệnh, chữa bệnh của cơ quan, đơn vị, trường học","Điều 19. Hợp đồng khám bệnh, chữa bệnh bảo hiểm y tế tại trạm y tế xã, phường, nhà hộ sinh công lập, phòng khám đa khoa khu vực, cơ sở khám bệnh, chữa bệnh của cơ quan, đơn vị, trường học"
24/2020/nd-cp+11,24/2020/nđ-cp+11,0,"Điều 11. Chi sàng lọc, phát hiện sớm yếu tố nguy cơ đối với sức khỏe của người uống rượu, bia; người mắc bệnh, rối loạn chức năng do uống rượu, bia; người nghiện rượu, bia","Điều 11. Chi sàng lọc, phát hiện sớm yếu tố nguy cơ đối với sức khỏe của người uống rượu, bia; người mắc bệnh, rối loạn chức năng do uống rượu, bia; người nghiện rượu, bia"
155/2020/nd-cp+4,155/2020/nđ-cp+4,0,Điều 4. Xác định tư cách nhà đầu tư chứng khoán chuyên nghiệp,Điều 4. Xác định tư cách nhà đầu tư chứng khoán chuyên nghiệp
146/2013/nđ-cp+4,16/2018/nđ-cp+4,0,Điều 4. Nội dung quản lý nhà nước về công bố tuyến hàng hải và phân luồng giao thông trong lãnh hải Việt Nam,Điều 4. Nội dung quản lý nhà nước về công bố tuyến hàng hải và phân luồng giao thông trong lãnh hải Việt Nam
155/2020/nd-cp+72,155/2020/nđ-cp+72,0,Điều 72. Hồ sơ đề nghị chấp thuận việc đăng ký chào bán cổ phiếu ra nước ngoài,Điều 72. Hồ sơ đề nghị chấp thuận việc đăng ký chào bán cổ phiếu ra nước ngoài
19/2019/nđ+9,19/2019/nđ-cp+9,0,Điều 9. Gia nhập dây họ,Điều 9. Gia nhập dây họ
102/2017/nð-cp+67,102/2017/nđ-cp+67,0,"Điều 67. Trách nhiệm xây dựng, vận hành và quản lý Hệ thống dữ liệu quốc gia về biện pháp bảo đảm","Điều 67. Trách nhiệm xây dựng, vận hành và quản lý Hệ thống dữ liệu quốc gia về biện pháp bảo đảm"
155/2020/nd-cp+133,155/2020/nđ-cp+133,0,Điều 133. Đối tượng và thời hạn thực hiện đăng ký giao dịch,Điều 133. Đối tượng và thời hạn thực hiện đăng ký giao dịch
84/2019/nđ-+18,84/2019/nđ-cp+18,0,"Điều 18. Thu hồi Giấy chứng nhận đủ điều kiện sản xuất phân bón, Giấy chứng nhận đủ điều kiện buôn bán phân bón","Điều 18. Thu hồi Giấy chứng nhận đủ điều kiện sản xuất phân bón, Giấy chứng nhận đủ điều kiện buôn bán phân bón"
102/2017/nð-cp+32,102/2017/nđ-cp+32,0,Điều 32. Hồ sơ đăng ký thế chấp tàu biển,Điều 32. Hồ sơ đăng ký thế chấp tàu biển
91/2019/nd-cp+15,91/2019/nđ-cp+15,0,Điều 15. Hủy hoại đất,Điều 15. Hủy hoại đất
155/2020/nd-cp+167,155/2020/nđ-cp+167,0,Điều 167. Hồ sơ đăng ký làm ngân hàng thanh toán đối với ngân hàng thương mại,Điều 167. Hồ sơ đăng ký làm ngân hàng thanh toán đối với ngân hàng thương mại
102/2017/nð-cp+8,102/2017/nđ-cp+8,0,"Điều 8. Người yêu cầu đăng ký, nghĩa vụ và trách nhiệm của người yêu cầu đăng ký","Điều 8. Người yêu cầu đăng ký, nghĩa vụ và trách nhiệm của người yêu cầu đăng ký"
38/2019/nđ-cp+1,72/2018/nđ-cp+1,0,Điều 1. Phạm vi điều chỉnh,Điều 1. Phạm vi điều chỉnh
155/2020/nd-cp+53,155/2020/nđ-cp+53,0,Điều 53. Điều kiện công ty đại chúng phát hành cổ phiếu để chào mua công khai,Điều 53. Điều kiện công ty đại chúng phát hành cổ phiếu để chào mua công khai
155/2020/nd-cp+141,155/2020/nđ-cp+141,0,Điều 141. Trách nhiệm thông báo về tỷ lệ sở hữu nước ngoài tối đa của công ty đại chúng,Điều 141. Trách nhiệm thông báo về tỷ lệ sở hữu nước ngoài tối đa của công ty đại chúng
155/2020/nd-cp+145,155/2020/nđ-cp+145,0,Điều 145. Nguyên tắc cấp mã số giao dịch chứng khoán,Điều 145. Nguyên tắc cấp mã số giao dịch chứng khoán
19/2019/nđ+19,19/2019/nđ-cp+19,0,Điều 19. Thứ tự lĩnh họ trong họ không có lãi,Điều 19. Thứ tự lĩnh họ trong họ không có lãi
155/2020/nd-cp+132,155/2020/nđ-cp+132,0,"Điều 132. Trách nhiệm của tổ chức phát hành chứng chỉ lưu ký niêm yết, giao dịch tại Sở giao dịch chứng khoán nước ngoài","Điều 132. Trách nhiệm của tổ chức phát hành chứng chỉ lưu ký niêm yết, giao dịch tại Sở giao dịch chứng khoán nước ngoài"
63/2019/nđ-+32,63/2019/nđ-cp+32,0,"Điều 32. Hành vi vi phạm quy định của pháp luật thực hành tiết kiệm, chống lãng phí trong quản lý, sử dụng quỹ có nguồn gốc từ ngân sách nhà nước","Điều 32. Hành vi vi phạm quy định của pháp luật thực hành tiết kiệm, chống lãng phí trong quản lý, sử dụng quỹ có nguồn gốc từ ngân sách nhà nước"
155/2020/nd-cp+50,155/2020/nđ-cp+50,0,"Điều 50. Hồ sơ công ty đại chúng đăng ký phát hành cổ phiếu để hoán đổi cổ phần cho cổ đông công ty cổ phần chưa đại chúng, hoán đổi phần vốn góp cho thành viên góp vốn của công ty trách nhiệm hữu hạn","Điều 50. Hồ sơ công ty đại chúng đăng ký phát hành cổ phiếu để hoán đổi cổ phần cho cổ đông công ty cổ phần chưa đại chúng, hoán đổi phần vốn góp cho thành viên góp vốn của công ty trách nhiệm hữu hạn"
03/2021/tt-bgddt+10,03/2021/tt-bgdđt+10,0,Điều 10. Điều khoán áp dụng,Điều 10. Điều khoán áp dụng
155/2020/nd-cp+268,155/2020/nđ-cp+268,0,"Điều 268. Hồ sơ, trình tự giải thể công ty đầu tư chứng khoán","Điều 268. Hồ sơ, trình tự giải thể công ty đầu tư chứng khoán"
155/2020/nd-cp+102,155/2020/nđ-cp+102,0,"Điều 102. Điều kiện, hồ sơ, trình tự, thủ tục đăng ký thành viên giao dịch của công ty chứng khoán hình thành sau hợp nhất, sáp nhập","Điều 102. Điều kiện, hồ sơ, trình tự, thủ tục đăng ký thành viên giao dịch của công ty chứng khoán hình thành sau hợp nhất, sáp nhập"
35/2014/tt-bca+2,36/2014/tt-bca+2,0,Điều 2. Đối tượng áp dụng,Điều 2. Đối tượng áp dụng
160/2018/nđ-cp+13,66/2014/nđ-cp+13,0,"Điều 13. Vận động, quyên góp và phân bổ nguồn lực từ cộng đồng","Điều 13. Vận động, quyên góp và phân bổ nguồn lực từ cộng đồng"
102/2017/nð-cp+35,102/2017/nđ-cp+35,0,Điều 35. Hồ sơ sửa chữa sai sót nội dung biện pháp bảo đảm bằng tàu biển đã đăng ký do lỗi của cơ quan đăng ký,Điều 35. Hồ sơ sửa chữa sai sót nội dung biện pháp bảo đảm bằng tàu biển đã đăng ký do lỗi của cơ quan đăng ký
24/2020/nd-cp+9,24/2020/nđ-cp+9,0,"Điều 9. Chỉ tổ chức các cuộc thi tìm hiểu, sáng kiến về phòng, chống tác hại của rượu, bia","Điều 9. Chỉ tổ chức các cuộc thi tìm hiểu, sáng kiến về phòng, chống tác hại của rượu, bia"
155/2020/nd-cp+65,155/2020/nđ-cp+65,0,Điều 65. Tài liệu báo cáo phát hành cổ phiếu theo chương trình lựa chọn cho người lao động trong công ty của công ty đại chúng,Điều 65. Tài liệu báo cáo phát hành cổ phiếu theo chương trình lựa chọn cho người lao động trong công ty của công ty đại chúng
160/2018/nđ-cp+2,66/2014/nđ-cp+2,0,Điều 2. Đối tượng áp dụng,Điều 2. Đối tượng áp dụng
160/2018/nđ-cp+2,94/2014/nđ-cp+2,0,Điều 2. Đối tượng áp dụng,Điều 2. Đối tượng áp dụng
66/2014/nđ-cp+2,94/2014/nđ-cp+2,0,Điều 2. Đối tượng áp dụng,Điều 2. Đối tượng áp dụng
155/2020/nd-cp+169,155/2020/nđ-cp+169,0,"Điều 169. Đối tượng, phạm vi và nguyên tắc thực hiện đăng ký biện pháp bảo đảm","Điều 169. Đối tượng, phạm vi và nguyên tắc thực hiện đăng ký biện pháp bảo đảm"
155/2020/nd-cp+60,155/2020/nđ-cp+60,0,Điều 60. Điều kiện công ty đại chúng phát hành cổ phiếu để trả cổ tức,Điều 60. Điều kiện công ty đại chúng phát hành cổ phiếu để trả cổ tức
155/2020/nd-cp+161,155/2020/nđ-cp+161,0,"Điều 161. Thay đổi thông tin thành viên lưu ký, thành viên bù trừ","Điều 161. Thay đổi thông tin thành viên lưu ký, thành viên bù trừ"
155/2020/nd-cp+302,155/2020/nđ-cp+302,0,"Điều 302. Ứng phó, khắc phục sự cố, sự kiện, biến động ảnh hưởng đến an toàn, ổn định và tính toàn vẹn của thị trường chứng khoán","Điều 302. Ứng phó, khắc phục sự cố, sự kiện, biến động ảnh hưởng đến an toàn, ổn định và tính toàn vẹn của thị trường chứng khoán"
146/2018/nð-cp+5,146/2018/nđ-cp+5,0,Điều 5. Nhóm tham gia bảo hiểm y tế theo hộ gia đình,Điều 5. Nhóm tham gia bảo hiểm y tế theo hộ gia đình
63/2019/nđ-+59,63/2019/nđ-cp+59,0,"Điều 59. Hành vi vi phạm thủ tục, thời hạn thanh toán tạm ứng ngân sách nhà nước","Điều 59. Hành vi vi phạm thủ tục, thời hạn thanh toán tạm ứng ngân sách nhà nước"
63/2019/nđ-+13,63/2019/nđ-cp+13,0,"Điều 13. Hành vi vi phạm hành chính đối với các quy định về sử dụng tài sản công vào mục đích kinh doanh, cho thuê, liên doanh, liên kết","Điều 13. Hành vi vi phạm hành chính đối với các quy định về sử dụng tài sản công vào mục đích kinh doanh, cho thuê, liên doanh, liên kết"
155/2020/nd-cp+117,155/2020/nđ-cp+117,0,"Điều 117. Thay đổi đăng ký niêm yết cổ phiếu, chứng chỉ quỹ khi thay đổi số lượng cổ phiếu, chứng chỉ quỹ niêm yết không thuộc trường hợp sáp nhập, tách công ty hoặc các trường hợp cơ cấu lại doanh nghiệp","Điều 117. Thay đổi đăng ký niêm yết cổ phiếu, chứng chỉ quỹ khi thay đổi số lượng cổ phiếu, chứng chỉ quỹ niêm yết không thuộc trường hợp sáp nhập, tách công ty hoặc các trường hợp cơ cấu lại doanh nghiệp"
155/2020/nd-cp+6,155/2020/nđ-cp+6,0,"Điều 6. Quy định chung về việc nộp, bổ sung hồ sơ, tài liệu báo cáo","Điều 6. Quy định chung về việc nộp, bổ sung hồ sơ, tài liệu báo cáo"
102/2017/nð-cp+7,102/2017/nđ-cp+7,0,"Điều 7. Nguyên tắc đăng ký, cung cấp thông tin về biện pháp bảo đảm","Điều 7. Nguyên tắc đăng ký, cung cấp thông tin về biện pháp bảo đảm"
155/2020/nd-cp+140,155/2020/nđ-cp+140,0,Điều 140. Chứng chỉ lưu ký không có quyền biểu quyết,Điều 140. Chứng chỉ lưu ký không có quyền biểu quyết
155/2020/nd-cp+212,155/2020/nđ-cp+212,0,"Điều 212. Hồ sơ, thủ tục thu hồi Giấy chứng nhận đăng ký hoạt động văn phòng đại diện công ty chứng khoán, công ty quản lý quỹ nước ngoài tại Việt Nam","Điều 212. Hồ sơ, thủ tục thu hồi Giấy chứng nhận đăng ký hoạt động văn phòng đại diện công ty chứng khoán, công ty quản lý quỹ nước ngoài tại Việt Nam"
63/2019/nđ-+4,63/2019/nđ-cp+4,0,Điều 4. Hình thức xử phạt vi phạm hành chính và biện pháp khắc phục hậu quả,Điều 4. Hình thức xử phạt vi phạm hành chính và biện pháp khắc phục hậu quả
155/2020/nd-cp+227,155/2020/nđ-cp+227,0,"Điều 227. Hồ sơ thay đổi ngân hàng lưu ký, ngân hàng giám sát","Điều 227. Hồ sơ thay đổi ngân hàng lưu ký, ngân hàng giám sát"
155/2020/nd-cp+228,155/2020/nđ-cp+228,0,"Điều 228. Hồ sơ thay đổi tên quỹ, công ty quản lý quỹ đầu tư chứng khoán","Điều 228. Hồ sơ thay đổi tên quỹ, công ty quản lý quỹ đầu tư chứng khoán"
24/2020/nd-cp+22,24/2020/nđ-cp+22,0,Điều 22. Trách nhiệm quản lý nhà nước của Bộ Thông tin và Truyền thông,Điều 22. Trách nhiệm quản lý nhà nước của Bộ Thông tin và Truyền thông
146/2018/nð-cp+2,146/2018/nđ-cp+2,0,Điều 2. Nhóm do cơ quan bảo hiểm xã hội đóng,Điều 2. Nhóm do cơ quan bảo hiểm xã hội đóng
24/2020/nd-cp+15,24/2020/nđ-cp+15,0,"Điều 15. Trách nhiệm chung trong quản lý nhà nước về phòng, chống tác hại của rượu, bia của bộ, cơ quan ngang bộ, cơ quan thuộc Chính phủ","Điều 15. Trách nhiệm chung trong quản lý nhà nước về phòng, chống tác hại của rượu, bia của bộ, cơ quan ngang bộ, cơ quan thuộc Chính phủ"
24/2020/nd-cp+7,24/2020/nđ-cp+7,0,"Điều 7. Nội dung chi cho hoạt động phòng, chống tác hại của rượu, bia","Điều 7. Nội dung chi cho hoạt động phòng, chống tác hại của rượu, bia"
155/2020/nd-cp+171,155/2020/nđ-cp+171,0,Điều 171. Cung cấp thông tin về đăng ký biện pháp bảo đảm,Điều 171. Cung cấp thông tin về đăng ký biện pháp bảo đảm
102/2017/nð-cp+28,102/2017/nđ-cp+28,0,"Điều 28. Hồ sơ đăng ký văn bản thông báo về việc xử lý tài sản cầm cố tàu bay, thế chấp tàu bay","Điều 28. Hồ sơ đăng ký văn bản thông báo về việc xử lý tài sản cầm cố tàu bay, thế chấp tàu bay"
11/2016/tt-byt+17,15/2019/tt-byt+26,1,Điều 17. Phương thức một giai đoạn hai túi hồ sơ,Điều 26. Phương thức một giai đoạn hai túi hồ sơ
09/2015/nđ-cp+1,76/2017/nđ-cp+1,1,Điều 1. Đối tượng điều chỉnh,Điều 1. Đối tượng điều chỉnh
09/2015/nđ-cp+1,88/2018/nđ-cp+1,1,Điều 1. Đối tượng điều chỉnh,Điều 1. Đối tượng điều chỉnh
68/2020/qh14+13,91/2015/qh13+42,1,Điều 13. Nơi cư trú của người được giám hộ,Điều 42. Nơi cư trú của người được giám hộ
41/2019/qh14+8,53/2010/qh12+7,1,"Điều 8. Phổ biến, giáo dục pháp luật về thi hành án hình sự","Điều 7. Phổ biến, giáo dục pháp luật về thi hành án hình sự"
136/2013/tt-btc+28,36/2019/tt-btc+26,2,Điều 28. Nhiệm vụ và quyền hạn của Hội đồng giám sát xổ số trong giám sát việc kiểm tra định kỳ thiết bị quay số mở thưởng,Điều 26. Nhiệm vụ và quyền hạn của Hội đồng giám sát xổ số trong giám sát việc kiểm tra định kỳ thiết bị quay số mở thưởng
26/2014/ttlt-btc-bct+9,28/2018/tt-btc+14,2,"Điều 9. Kiểm tra, giám sát, thông tin báo cáo","Điều 14. Kiểm tra, giám sát, thông tin báo cáo"
79/2013/nđ-cp+9,95/2016/nđ-cp+8,2,Điều 9. Vi phạm quy định về yêu cầu đầy đủ của báo cáo thống kê,Điều 8. Vi phạm quy định về yêu cầu đầy đủ của báo cáo thống kê
156/2016/tt-btc+6,214/2016/tt-btc+6,2,Điều 6. Quản lý và sử dụng phí,Điều 6. Quản lý và sử dụng phí
141/2017/nđ-cp+5,157/2018/nđ-cp+5,2,Điều 5. Áp dụng mức lương tối thiểu vùng,Điều 5. Áp dụng mức lương tối thiểu vùng
141/2017/nđ-cp+5,90/2019/nđ-cp+5,2,Điều 5. Áp dụng mức lương tối thiểu vùng,Điều 5. Áp dụng mức lương tối thiểu vùng
08/2018/tt-btc+5,210/2016/tt-btc+5,2,"Điều 5. Kê khai, nộp phí","Điều 5. Kê khai, nộp phí"
09/2017/qh14+42,44/2005/qh11+55,2,Điều 42. Trách nhiệm của bên giao đại lý lữ hành,Điều 55. Trách nhiệm của bên giao đại lý lữ hành
14/2017/tt-btc+9,63/2019/tt-btc+10,2,"Điều 9. Tổng hợp, quyết toán nguồn thu phí bảo đảm hàng hải","Điều 10. Tổng hợp, quyết toán nguồn thu phí bảo đảm hàng hải"
136/2013/tt-btc+38,36/2019/tt-btc+36,3,"Điều 38. Trách nhiệm của Ủy ban nhân dân tỉnh, thành phố trực thuộc Trung ương","Điều 36. Trách nhiệm của Ủy ban nhân dân tỉnh, thành phố trực thuộc Trung ương"
214/2016/tt-btc+5,289/2016/tt-btc+6,3,"Điều 5. Kê khai, nộp phí, lệ phí","Điều 6. Kê khai, nộp phí, lệ phí"
08/2013/tt-ttcp+25,78/2013/nđ-cp+27,3,"Điều 25. Hồ sơ xác minh tài sản, thu nhập","Điều 27. Hồ sơ xác minh tài sản, thu nhập"
33/2021/nđ-cp+31,34/2021/nđ-cp+28,3,"Điều 31. Trình tự bổ nhiệm, bổ nhiệm lại, điều động, luân chuyển, biệt phái, miễn nhiệm, từ chức các chức danh lãnh đạo, quản lý của Ủy ban nhân dân quận, phường","Điều 28. Trình tự bổ nhiệm, bổ nhiệm lại, điều động, luân chuyển, biệt phái, miễn nhiệm, từ chức các chức danh lãnh đạo, quản lý của Ủy ban nhân dân quận, phường"
229/2016/tt-btc+7,59/2019/tt-btc+6,3,"Điều 7. Kê khai, nộp lệ phí","Điều 6. Kê khai, nộp lệ phí"
52/2015/ttlt-btnmt-bnv+12,53/2015/ttlt-btnmt-bnv+12,3,Điều 12. Hiệu lực thi hành,Điều 12. Hiệu lực thi hành
136/2013/tt-btc+3,36/2019/tt-btc+3,3,Điều 3. Sản phẩm xổ số tự chọn số điện toán,Điều 3. Sản phẩm xổ số tự chọn số điện toán
33/2021/nđ-cp+23,34/2021/nđ-cp+21,3,Điều 23. Trách nhiệm của các công chức khác của phường,Điều 21. Trách nhiệm của các công chức khác của Ủy ban nhân dân phường
16/2009/tt-byt+10,24/2017/tt-byt+13,3,"Điều 10. Trách nhiệm thống kê, báo cáo","Điều 13. Trách nhiệm thống kê, báo cáo"
30/2013/tt-blđtbxh+2,44/2013/nđ-cp+2,3,Điều 2. Đối tượng áp dụng,Điều 2. Đối tượng áp dụng
23/2018/tt-byt+6,43/2018/tt-bct+18,3,"Điều 6. Trình tự thu hồi trong trường hợp nghiêm trọng, khẩn cấp","Điều 18. Trình tự thu hồi trong trường hợp nghiêm trọng, khẩn cấp"
161/2016/tt-btc+5,204/2016/tt-btc+5,3,"Điều 5. Các đối tượng được miễn, giảm phí","Điều 5. Các đối tượng được miễn, giảm phí"
158/2013/nđ-cp+57,38/2021/nđ-cp+39,3,Điều 57. Vi phạm các quy định về quảng cáo trên báo in,Điều 39. Vi phạm các quy định về quảng cáo trên báo in
79/2013/nđ-cp+21,95/2016/nđ-cp+20,3,Điều 21. Thẩm quyền lập biên bản vi phạm hành chính trong lĩnh vực thống kê,Điều 20. Thẩm quyền lập biên bản vi phạm hành chính trong lĩnh vực thống kê
01/2015/tt-byt+12,05/2017/tt-byt+6,3,Điều 12. Điều khoản tham chiếu,Điều 6. Điều khoản tham chiếu
01/2015/tt-byt+12,17/2020/tt-byt+6,3,Điều 12. Điều khoản tham chiếu,Điều 6. Điều khoản tham chiếu
01/2015/tt-byt+12,25/2014/ttlt-byt-btc+6,3,Điều 12. Điều khoản tham chiếu,Điều 6. Điều khoản tham chiếu
05/2017/tt-byt+6,06/2012/tt-byt+12,3,Điều 6. Điều khoản tham chiếu,Điều 12. Điều khoản tham chiếu
06/2012/tt-byt+12,17/2020/tt-byt+6,3,Điều 12. Điều khoản tham chiếu,Điều 6. Điều khoản tham chiếu
06/2012/tt-byt+12,25/2014/ttlt-byt-btc+6,3,Điều 12. Điều khoản tham chiếu,Điều 6. Điều khoản tham chiếu
01/2015/tt-byt+12,13/2013/tt-byt+20,3,Điều 12. Điều khoản tham chiếu,Điều 20. Điều khoản tham chiếu
06/2012/tt-byt+12,13/2013/tt-byt+20,3,Điều 12. Điều khoản tham chiếu,Điều 20. Điều khoản tham chiếu
215/2016/tt-btc+6,224/2016/tt-btc+5,3,"Điều 6. Kê khai, nộp phí, lệ phí","Điều 5. Kê khai, nộp phí, lệ phí"
224/2016/tt-btc+5,281/2016/tt-btc+6,3,"Điều 5. Kê khai, nộp phí, lệ phí","Điều 6. Kê khai, nộp phí, lệ phí"
05/2017/tt-byt+3,17/2020/tt-byt+3,3,Điều 3. Quy định mức giá tối đa của một số đơn vị máu toàn phần và chế phẩm máu,Điều 3. Quy định mức giá tối đa của một số đơn vị máu toàn phần và chế phẩm máu
08/2013/tt-ttcp+18,78/2013/nđ-cp+20,3,"Điều 18. Hoạt động xác minh tài sản, thu nhập","Điều 20. Hoạt động xác minh tài sản, thu nhập"
35/2018/tt-byt+18,36/2018/tt-byt+20,3,Điều 18. Điều khoản tham chiếu,Điều 20. Điều khoản tham chiếu
41/2019/qh14+118,53/2010/qh12+96,3,Điều 118. Quyết định thi hành án phạt trục xuất,Điều 96. Quyết định thi hành án phạt trục xuất
